site,id,country,remark,yRegister,type,driverName,kind,details,area,bu,department,status,holder
log,PP3-Vac-05,thailand,คุณพีระ,27/5/2024,truck,บปน.,รถดูดฝุ่น,Dulevo,Packing 3,th,Packing & loading,Active,รถเช่า
log,PP3-Vac-06,thailand,คุณพีระ,27/5/2024,truck,บปน.,รถดูดฝุ่น,Dulevo,Packing 3,th,Packing & loading,Active,รถเช่า
log,LOG-KDC-FL-02,thailand,010302F-1553,,forklift,,Forklift 3T,"HELI, CPCD30M3H , 3T",,th,,,
log,LOG-UDC-FL-02,thailand,010302B7154,,forklift,,Forklift 3T,"HELI, CPCD30M3H , 3T",,th,,,
log,LOG-UDC-FL-01,thailand,010302F-1551,,forklift,,Forklift 3T,"HELI, CPCD30M3H , 3T",,th,,,
log,LOG-SURAT-FL-01,thailand,,,forklift,,Forklift 3T,"TCM, 3T",,th,,,
log,LOG-KDC-FL-01,thailand,010302F-1552,,forklift,,Forklift 3T,"HELI, CPCD30M3H , 3T",,th,,,
log,นว70-7678,thailand,,,bag,,,,,th,,,
log,กท67-3304,thailand,,,bag,,,,,th,,,
log,สบ72-0930,thailand,,,bag,,,,,th,,,
log,ชน70-2637,thailand,,,bag,,,,,th,,,
log,สฎ70-5807,thailand,,,bag,,,,,th,,,
log,สบ72-0740,thailand,,,bag,,,,,th,,,
log,สค71-1140,thailand,,,bag,,,,,th,,,
log,กท67-2571,thailand,,,bag,,,,,th,,,
log,กท68-7529,thailand,,,bag,,,,,th,,,
log,ปจ81-6519,thailand,,,bag,,,,,th,,,
log,อด70-6111,thailand,,,bag,,,,,th,,,
log,กท67-2159,thailand,,,bag,,,,,th,,,
log,นว70-8407,thailand,,,bag,,,,,th,,,
log,นว70-8869,thailand,,,bag,,,,,th,,,
log,สบ72-8157,thailand,,,bag,,,,,th,,,
log,กท61-0166,thailand,,,bag,,,,,th,,,
log,ปจ70-1462,thailand,,,bag,,,,,th,,,
log,ลป70-6080,thailand,,,bag,,,,,th,,,
log,นม71-8251,thailand,,,bag,,,,,th,,,
log,นม87-3033,thailand,,,bag,,,,,th,,,
log,ขก82-6867,thailand,,,bag,,,,,th,,,
log,สบ70-9551,thailand,,,bag,,,,,th,,,
log,นม84-5883,thailand,,,bag,,,,,th,,,
log,ลป70-7064,thailand,,,bag,,,,,th,,,
log,นว71-1102,thailand,,,bag,,,,,th,,,
log,ชร71-0900,thailand,,,bag,,,,,th,,,
log,สบ72-0926,thailand,,,bag,,,,,th,,,
log,สห70-1382,thailand,,,bag,,,,,th,,,
log,กท64-4498,thailand,,,bag,,,,,th,,,
log,อด70-7224,thailand,,,bag,,,,,th,,,
log,สบ72-3601,thailand,,,bag,,,,,th,,,
log,นว70-3040,thailand,,,bag,,,,,th,,,
log,นว70-6773,thailand,,,bag,,,,,th,,,
log,กบ70-1375,thailand,,,bag,,,,,th,,,
log,สบ72-3379,thailand,,,bag,,,,,th,,,
log,อย70-3140,thailand,,,bag,,,,,th,,,
log,นว70-4078,thailand,,,bag,,,,,th,,,
log,กท60-8086,thailand,,,bag,,,,,th,,,
log,ชน70-2764,thailand,,,bag,,,,,th,,,
log,สฎ70-4966,thailand,,,bag,,,,,th,,,
log,กท67-4282,thailand,,,bag,,,,,th,,,
log,กท68-7541,thailand,,,bag,,,,,th,,,
log,กท68-7539,thailand,,,bag,,,,,th,,,
log,สบ71-1996,thailand,,,bag,,,,,th,,,
log,นว70-9684,thailand,,,bag,,,,,th,,,
log,อด70-6110,thailand,,,bag,,,,,th,,,
log,กท67-3807,thailand,,,bag,,,,,th,,,
log,ลป70-8526,thailand,,,bag,,,,,th,,,
log,ลป70-4975,thailand,,,bag,,,,,th,,,
log,ลป70-6074,thailand,,,bag,,,,,th,,,
log,ชม71-0932,thailand,,,bag,,,,,th,,,
log,สฎ70-9648,thailand,,,bag,,,,,th,,,
log,อด70-4925,thailand,,,bag,,,,,th,,,
log,นม85-4559,thailand,,,bag,,,,,th,,,
log,สบ71-0663,thailand,,,bag,,,,,th,,,
log,ปจ81-6475,thailand,,,bag,,,,,th,,,
log,ปท71-6663,thailand,,,bag,,,,,th,,,
log,ชร71-0946,thailand,,,bag,,,,,th,,,
log,ชร70-9246,thailand,,,bag,,,,,th,,,
log,ชร70-9451,thailand,,,bag,,,,,th,,,
log,ปจ81-6518,thailand,,,bag,,,,,th,,,
log,ลป70-5555,thailand,,,bag,,,,,th,,,
log,อย70-5457,thailand,,,bag,,,,,th,,,
log,ปจ81-6461,thailand,,,bag,,,,,th,,,
log,ชน70-3153,thailand,,,bag,,,,,th,,,
log,กท63-5825,thailand,,,bag,,,,,th,,,
log,สก70-2749,thailand,,,bag,,,,,th,,,
log,กท64-4497,thailand,,,bag,,,,,th,,,
log,นว70-6303,thailand,,,bag,,,,,th,,,
log,ขก84-8040,thailand,,,bag,,,,,th,,,
log,กท63-1967,thailand,,,bag,,,,,th,,,
log,นว70-7120,thailand,,,bag,,,,,th,,,
log,สบ72-3820,thailand,,,bag,,,,,th,,,
log,ปข70-3928,thailand,,,bag,,,,,th,,,
log,อด70-6104,thailand,,,bag,,,,,th,,,
log,กท65-8843,thailand,,,bag,,,,,th,,,
log,กท64-6735,thailand,,,bag,,,,,th,,,
log,ชน70-2676,thailand,,,bag,,,,,th,,,
log,นว71-0850,thailand,,,bag,,,,,th,,,
log,ชร70-8031,thailand,,,bag,,,,,th,,,
log,สบ71-1271,thailand,,,bag,,,,,th,,,
log,สบ70-9879,thailand,,,bag,,,,,th,,,
log,ขก82-0627,thailand,,,bag,,,,,th,,,
log,สบบห-4363,thailand,,,bag,,,,,th,,,
log,ปท71-6817,thailand,,,bag,,,,,th,,,
log,ชร71-0918,thailand,,,bag,,,,,th,,,
log,ชร71-0944,thailand,,,bag,,,,,th,,,
log,ชร71-0749,thailand,,,bag,,,,,th,,,
log,ชร70-9102,thailand,,,bag,,,,,th,,,
log,ชร71-1464,thailand,,,bag,,,,,th,,,
log,กพ70-4844,thailand,,,bag,,,,,th,,,
log,อย70-5437,thailand,,,bag,,,,,th,,,
log,นว71-1104,thailand,,,bag,,,,,th,,,
log,สห70-1395,thailand,,,bag,,,,,th,,,
log,ชม71-0934,thailand,,,bag,,,,,th,,,
log,กท64-4454,thailand,,,bag,,,,,th,,,
log,นว70-3155,thailand,,,bag,,,,,th,,,
log,นว71-1148,thailand,,,bag,,,,,th,,,
log,ลป70-7168,thailand,,,bag,,,,,th,,,
log,สบ72-0968,thailand,,,bag,,,,,th,,,
log,สฎ70-6306,thailand,,,bag,,,,,th,,,
log,นว71-0359,thailand,,,bag,,,,,th,,,
log,นม86-7195,thailand,,,bag,,,,,th,,,
log,อด70-5724,thailand,,,bag,,,,,th,,,
log,อด70-6094,thailand,,,bag,,,,,th,,,
log,สบ71-2597,thailand,,,bag,,,,,th,,,
log,กท67-4043,thailand,,,bag,,,,,th,,,
log,กท63-1969,thailand,,,bag,,,,,th,,,
log,อด70-5757,thailand,,,bag,,,,,th,,,
log,ชน70-2721,thailand,,,bag,,,,,th,,,
log,นฐ72-0404,thailand,,,bag,,,,,th,,,
log,สบ72-9751,thailand,,,bag,,,,,th,,,
log,ลป70-5620,thailand,,,bag,,,,,th,,,
log,นว71-1874,thailand,,,bag,,,,,th,,,
log,ลป70-8937,thailand,,,bag,,,,,th,,,
log,สบ72-7587,thailand,,,bag,,,,,th,,,
log,สบ73-0159,thailand,,,bag,,,,,th,,,
log,สบ73-0155,thailand,,,bag,,,,,th,,,
log,ชร70-9508,thailand,,,bag,,,,,th,,,
log,ชร71-0808,thailand,,,bag,,,,,th,,,
log,นว70-3209,thailand,,,bag,,,,,th,,,
log,ปจ81-6502,thailand,,,bag,,,,,th,,,
log,นว71-0269,thailand,,,bag,,,,,th,,,
log,สห70-1268,thailand,,,bag,,,,,th,,,
log,นม71-6017,thailand,,,bag,,,,,th,,,
log,อด70-5438,thailand,,,bag,,,,,th,,,
log,สบ71-9973,thailand,,,bag,,,,,th,,,
log,สฎ70-6312,thailand,,,bag,,,,,th,,,
log,สบ72-1813,thailand,,,bag,,,,,th,,,
log,สค71-1147,thailand,,,bag,,,,,th,,,
log,ปข70-3117,thailand,,,bag,,,,,th,,,
log,ปจ81-6447,thailand,,,bag,,,,,th,,,
log,กท68-7545,thailand,,,bag,,,,,th,,,
log,กท67-2573,thailand,,,bag,,,,,th,,,
log,กท60-9629,thailand,,,bag,,,,,th,,,
log,อด70-6108,thailand,,,bag,,,,,th,,,
log,สบ72-2760,thailand,,,bag,,,,,th,,,
log,ปจ70-1463,thailand,,,bag,,,,,th,,,
log,กท67-2161,thailand,,,bag,,,,,th,,,
log,สบ72-2843,thailand,,,bag,,,,,th,,,
log,ลป70-9098,thailand,,,bag,,,,,th,,,
log,สบ73-0161,thailand,,,bag,,,,,th,,,
log,อด70-3046,thailand,,,bag,,,,,th,,,
log,ชม71-1103,thailand,,,bag,,,,,th,,,
log,สบ71-4154,thailand,,,bag,,,,,th,,,
log,ปท71-6819,thailand,,,bag,,,,,th,,,
log,ชร71-1470,thailand,,,bag,,,,,th,,,
log,ชร71-0942,thailand,,,bag,,,,,th,,,
log,ชร70-9229,thailand,,,bag,,,,,th,,,
log,ชร71-0751,thailand,,,bag,,,,,th,,,
log,ชร71-0752,thailand,,,bag,,,,,th,,,
log,ชพ70-5200,thailand,,,bag,,,,,th,,,
log,กท79-9059,thailand,,,bag,,,,,th,,,
log,สบ71-5445,thailand,,,bag,,,,,th,,,
log,สบ72-6162,thailand,,,bag,,,,,th,,,
log,นฐ72-6158,thailand,,,bag,,,,,th,,,
log,สบ71-9595,thailand,,,bag,,,,,th,,,
log,มค82-2241,thailand,,,bag,,,,,th,,,
log,กท64-4496,thailand,,,bag,,,,,th,,,
log,กพ70-3994,thailand,,,bag,,,,,th,,,
log,นว70-6774,thailand,,,bag,,,,,th,,,
log,พช82-8565,thailand,,,bag,,,,,th,,,
log,นว70-2727,thailand,,,bag,,,,,th,,,
log,สบ72-0914,thailand,,,bag,,,,,th,,,
log,อย70-2330,thailand,,,bag,,,,,th,,,
log,อย70-2323,thailand,,,bag,,,,,th,,,
log,สค71-1212,thailand,,,bag,,,,,th,,,
log,กท67-3720,thailand,,,bag,,,,,th,,,
log,อด70-6151,thailand,,,bag,,,,,th,,,
log,ปข70-3418,thailand,,,bag,,,,,th,,,
log,ปข70-3457,thailand,,,bag,,,,,th,,,
log,กท71-8904,thailand,,,bag,,,,,th,,,
log,สบ83-7342,thailand,,,bag,,,,,th,,,
log,กท60-9630,thailand,,,bag,,,,,th,,,
log,อด70-5730,thailand,,,bag,,,,,th,,,
log,ขก70-9913,thailand,,,bag,,,,,th,,,
log,ชน70-2682,thailand,,,bag,,,,,th,,,
log,ชน70-2674,thailand,,,bag,,,,,th,,,
log,ชน70-1734,thailand,,,bag,,,,,th,,,
log,นว71-1189,thailand,,,bag,,,,,th,,,
log,กบ70-1509,thailand,,,bag,,,,,th,,,
log,นว71-1872,thailand,,,bag,,,,,th,,,
log,ปจ81-6448,thailand,,,bag,,,,,th,,,
log,ชย82-7130,thailand,,,bag,,,,,th,,,
log,สบ71-5995,thailand,,,bag,,,,,th,,,
log,สบ71-2222,thailand,,,bag,,,,,th,,,
log,สบ72-6123,thailand,,,bag,,,,,th,,,
log,ปท71-6836,thailand,,,bag,,,,,th,,,
log,ชร70-6820,thailand,,,bag,,,,,th,,,
log,ชร71-0851,thailand,,,bag,,,,,th,,,
log,ชร71-0809,thailand,,,bag,,,,,th,,,
log,มค82-2105,thailand,,,bag,,,,,th,,,
log,อด70-2437,thailand,,,bag,,,,,th,,,
log,กท60-2763,thailand,,,bag,,,,,th,,,
log,ลป70-7222,thailand,,,bag,,,,,th,,,
log,อย70-3061,thailand,,,bag,,,,,th,,,
log,ลพ70-2347,thailand,,,bag,,,,,th,,,
log,สบ72-0916,thailand,,,bag,,,,,th,,,
log,นว71-0319,thailand,,,bag,,,,,th,,,
log,กท67-4035,thailand,,,bag,,,,,th,,,
log,ปข70-3824,thailand,,,bag,,,,,th,,,
log,ปข70-5493,thailand,,,bag,,,,,th,,,
log,ปข70-5258,thailand,,,bag,,,,,th,,,
log,กท65-1644,thailand,,,bag,,,,,th,,,
log,สบ72-1548,thailand,,,bag,,,,,th,,,
log,อด70-2225,thailand,,,bag,,,,,th,,,
log,กท68-7542,thailand,,,bag,,,,,th,,,
log,สบ72-3640,thailand,,,bag,,,,,th,,,
log,สบ71-9759,thailand,,,bag,,,,,th,,,
log,กท68-7538,thailand,,,bag,,,,,th,,,
log,กท68-7532,thailand,,,bag,,,,,th,,,
log,นว70-9686,thailand,,,bag,,,,,th,,,
log,ชน70-3188,thailand,,,bag,,,,,th,,,
log,ชร70-9221,thailand,,,bag,,,,,th,,,
log,ขก70-9898,thailand,,,bag,,,,,th,,,
log,สบ71-8391,thailand,,,bag,,,,,th,,,
log,นว71-0184,thailand,,,bag,,,,,th,,,
log,สบ72-1746,thailand,,,bag,,,,,th,,,
log,สบ73-0163,thailand,,,bag,,,,,th,,,
log,สบ73-0153,thailand,,,bag,,,,,th,,,
log,อด70-4855,thailand,,,bag,,,,,th,,,
log,นว71-0194,thailand,,,bag,,,,,th,,,
log,สบ73-0154,thailand,,,bag,,,,,th,,,
log,ชร71-1636,thailand,,,bag,,,,,th,,,
log,ชร71-0899,thailand,,,bag,,,,,th,,,
log,ชร70-6962,thailand,,,bag,,,,,th,,,
log,ชร70-9450,thailand,,,bag,,,,,th,,,
log,ชร70-9398,thailand,,,bag,,,,,th,,,
log,สฎ70-9646,thailand,,,bag,,,,,th,,,
log,กท60-2613,thailand,,,bag,,,,,th,,,
log,สบ72-7734,thailand,,,bag,,,,,th,,,
log,กท67-4280,thailand,,,bag,,,,,th,,,
log,สฎ70-5592,thailand,,,bag,,,,,th,,,
log,กท63-7833,thailand,,,bag,,,,,th,,,
log,นว71-0267,thailand,,,bag,,,,,th,,,
log,ปข70-3762,thailand,,,bag,,,,,th,,,
log,นว71-2386,thailand,,,bag,,,,,th,,,
log,สบ73-0372,thailand,,,bag,,,,,th,,,
log,กท67-4033,thailand,,,bag,,,,,th,,,
log,กท67-3558,thailand,,,bag,,,,,th,,,
log,ปจ81-6513,thailand,,,bag,,,,,th,,,
log,ปจ70-2901,thailand,,,bag,,,,,th,,,
log,อด70-5728,thailand,,,bag,,,,,th,,,
log,ชน70-2097,thailand,,,bag,,,,,th,,,
log,ปจ81-6525,thailand,,,bag,,,,,th,,,
log,ลป70-8738,thailand,,,bag,,,,,th,,,
log,สบ70-9412,thailand,,,bag,,,,,th,,,
log,สฎ70-6308,thailand,,,bag,,,,,th,,,
log,กท60-2612,thailand,,,bag,,,,,th,,,
log,ปท71-6385,thailand,,,bag,,,,,th,,,
log,ชร70-8391,thailand,,,bag,,,,,th,,,
log,ชร71-0920,thailand,,,bag,,,,,th,,,
log,ชร71-1632,thailand,,,bag,,,,,th,,,
log,ชร71-1468,thailand,,,bag,,,,,th,,,
log,ชร70-9231,thailand,,,bag,,,,,th,,,
log,ชร71-1548,thailand,,,bag,,,,,th,,,
log,กบ70-1520,thailand,,,bag,,,,,th,,,
log,อด70-7216,thailand,,,bag,,,,,th,,,
log,สบ72-3602,thailand,,,bag,,,,,th,,,
log,สบ72-4664,thailand,,,bag,,,,,th,,,
log,นว70-8292,thailand,,,bag,,,,,th,,,
log,ลป70-9089,thailand,,,bag,,,,,th,,,
log,อย70-3101,thailand,,,bag,,,,,th,,,
log,กท60-6273,thailand,,,bag,,,,,th,,,
log,ปข70-3858,thailand,,,bag,,,,,th,,,
log,ปข70-3069,thailand,,,bag,,,,,th,,,
log,กท68-7546,thailand,,,bag,,,,,th,,,
log,อด70-6092,thailand,,,bag,,,,,th,,,
log,อด70-7068,thailand,,,bag,,,,,th,,,
log,สห70-1881,thailand,,,bag,,,,,th,,,
log,กท67-3716,thailand,,,bag,,,,,th,,,
log,กท68-7543,thailand,,,bag,,,,,th,,,
log,กท68-7535,thailand,,,bag,,,,,th,,,
log,กท67-3718,thailand,,,bag,,,,,th,,,
log,นว71-1834,thailand,,,bag,,,,,th,,,
log,ชน70-3234,thailand,,,bag,,,,,th,,,
log,สฎ70-5609,thailand,,,bag,,,,,th,,,
log,นภ81-2791,thailand,,,bag,,,,,th,,,
log,ปจ70-1464,thailand,,,bag,,,,,th,,,
log,กท67-2158,thailand,,,bag,,,,,th,,,
log,ลป70-6252,thailand,,,bag,,,,,th,,,
log,นว70-9663,thailand,,,bag,,,,,th,,,
log,สบ72-0425,thailand,,,bag,,,,,th,,,
log,สบ71-0388,thailand,,,bag,,,,,th,,,
log,สบ73-0162,thailand,,,bag,,,,,th,,,
log,ปท71-6693,thailand,,,bag,,,,,th,,,
log,ชร71-1611,thailand,,,bag,,,,,th,,,
log,ชร71-0897,thailand,,,bag,,,,,th,,,
log,ชร71-1634,thailand,,,bag,,,,,th,,,
log,ชร71-0852,thailand,,,bag,,,,,th,,,
log,ชร70-9101,thailand,,,bag,,,,,th,,,
log,สฎ70-7934,thailand,,,bag,,,,,th,,,
log,สบ70-9565,thailand,,,bag,,,,,th,,,
log,อด70-7226,thailand,,,bag,,,,,th,,,
log,นว70-7268,thailand,,,bag,,,,,th,,,
log,สบ72-0912,thailand,,,bag,,,,,th,,,
log,กท61-2418,thailand,,,bag,,,,,th,,,
log,สบบห-931,thailand,,,bag,,,,,th,,,
log,สค71-1215,thailand,,,bag,,,,,th,,,
log,สฎ70-5677,thailand,,,bag,,,,,th,,,
log,สบ72-7329,thailand,,,bag,,,,,th,,,
log,ปข70-3163,thailand,,,bag,,,,,th,,,
log,อย71-6590,thailand,,,bag,,,,,th,,,
log,สบ72-3776,thailand,,,bag,,,,,th,,,
log,กท68-7540,thailand,,,bag,,,,,th,,,
log,กท67-2160,thailand,,,bag,,,,,th,,,
log,นว71-1836,thailand,,,bag,,,,,th,,,
log,ปจ70-2924,thailand,,,bag,,,,,th,,,
log,ชน70-2948,thailand,,,bag,,,,,th,,,
log,ชน70-3186,thailand,,,bag,,,,,th,,,
log,ปจ70-1212,thailand,,,bag,,,,,th,,,
log,ปจ70-1210,thailand,,,bag,,,,,th,,,
log,ชร70-8035,thailand,,,bag,,,,,th,,,
log,สบ72-9839,thailand,,,bag,,,,,th,,,
log,นม85-5755,thailand,,,bag,,,,,th,,,
log,นว71-0186,thailand,,,bag,,,,,th,,,
log,สบ71-1272,thailand,,,bag,,,,,th,,,
log,นภ81-5227,thailand,,,bag,,,,,th,,,
log,สฎ70-9712,thailand,,,bag,,,,,th,,,
log,ชร71-0807,thailand,,,bag,,,,,th,,,
log,ชร71-0896,thailand,,,bag,,,,,th,,,
log,กท61-4485,thailand,,,bag,,,,,th,,,
log,สบ86-4495,thailand,,,bag,,,,,th,,,
log,นว71-0265,thailand,,,bag,,,,,th,,,
log,นฐ71-3330,thailand,,,bag,,,,,th,,,
log,ปจ82-2359,thailand,,,bag,,,,,th,,,
log,นว70-8139,thailand,,,bag,,,,,th,,,
log,กท64-4452,thailand,,,bag,,,,,th,,,
log,อด70-7222,thailand,,,bag,,,,,th,,,
log,กท63-7482,thailand,,,bag,,,,,th,,,
log,กท64-0462,thailand,,,bag,,,,,th,,,
log,สฎ70-5809,thailand,,,bag,,,,,th,,,
log,อด70-5976,thailand,,,bag,,,,,th,,,
log,กบ70-1561,thailand,,,bag,,,,,th,,,
log,สค71-1138,thailand,,,bag,,,,,th,,,
log,กบ70-1249,thailand,,,bag,,,,,th,,,
log,ปข70-6109,thailand,,,bag,,,,,th,,,
log,สค71-1200,thailand,,,bag,,,,,th,,,
log,ขก83-2066,thailand,,,bag,,,,,th,,,
log,นม71-6476,thailand,,,bag,,,,,th,,,
log,กท67-3560,thailand,,,bag,,,,,th,,,
log,สบ71-6767,thailand,,,bag,,,,,th,,,
log,กท65-4458,thailand,,,bag,,,,,th,,,
log,อด70-5734,thailand,,,bag,,,,,th,,,
log,นว70-9661,thailand,,,bag,,,,,th,,,
log,อด70-6751,thailand,,,bag,,,,,th,,,
log,ชน70-2950,thailand,,,bag,,,,,th,,,
log,ปจ70-1214,thailand,,,bag,,,,,th,,,
log,นว70-9659,thailand,,,bag,,,,,th,,,
log,สฎ70-9708,thailand,,,bag,,,,,th,,,
log,สท70-4093,thailand,,,bag,,,,,th,,,
log,ชร71-0895,thailand,,,bag,,,,,th,,,
log,ชร70-9586,thailand,,,bag,,,,,th,,,
log,ชร71-0733,thailand,,,bag,,,,,th,,,
log,สห70-1858,thailand,,,bag,,,,,th,,,
log,ปจ81-6453,thailand,,,bag,,,,,th,,,
log,กท64-4495,thailand,,,bag,,,,,th,,,
log,ปข70-5330,thailand,,,bag,,,,,th,,,
log,นว70-7680,thailand,,,bag,,,,,th,,,
log,นว70-7682,thailand,,,bag,,,,,th,,,
log,มค70-4114,thailand,,,bag,,,,,th,,,
log,สบ71-7848,thailand,,,bag,,,,,th,,,
log,สบ72-0928,thailand,,,bag,,,,,th,,,
log,สบ72-0913,thailand,,,bag,,,,,th,,,
log,ปข70-3483,thailand,,,bag,,,,,th,,,
log,ปข70-3426,thailand,,,bag,,,,,th,,,
log,กท68-7536,thailand,,,bag,,,,,th,,,
log,ลป70-8525,thailand,,,bag,,,,,th,,,
log,ลป70-9036,thailand,,,bag,,,,,th,,,
log,ลป70-8935,thailand,,,bag,,,,,th,,,
log,สบ73-0160,thailand,,,bag,,,,,th,,,
log,สบ73-0164,thailand,,,bag,,,,,th,,,
log,สบ70-9699,thailand,,,bag,,,,,th,,,
log,สบ70-9309,thailand,,,bag,,,,,th,,,
log,นม84-9904,thailand,,,bag,,,,,th,,,
log,ชร70-6822,thailand,,,bag,,,,,th,,,
log,ชร71-0806,thailand,,,bag,,,,,th,,,
log,ชร71-1613,thailand,,,bag,,,,,th,,,
log,ชร70-9230,thailand,,,bag,,,,,th,,,
log,สบ71-0333,thailand,,,bag,,,,,th,,,
log,สบ72-0884,thailand,,,bag,,,,,th,,,
log,อด70-7206,thailand,,,bag,,,,,th,,,
log,สห70-1394,thailand,,,bag,,,,,th,,,
log,กท64-4458,thailand,,,bag,,,,,th,,,
log,กท64-4451,thailand,,,bag,,,,,th,,,
log,กท64-4457,thailand,,,bag,,,,,th,,,
log,กท64-4460,thailand,,,bag,,,,,th,,,
log,กท67-3724,thailand,,,bag,,,,,th,,,
log,สฎ70-5485,thailand,,,bag,,,,,th,,,
log,สบ72-0915,thailand,,,bag,,,,,th,,,
log,อย70-3034,thailand,,,bag,,,,,th,,,
log,บร83-5094,thailand,,,bag,,,,,th,,,
log,กท68-7531,thailand,,,bag,,,,,th,,,
log,อด70-7090,thailand,,,bag,,,,,th,,,
log,กท61-2419,thailand,,,bag,,,,,th,,,
log,อด70-6113,thailand,,,bag,,,,,th,,,
log,สบ71-9412,thailand,,,bag,,,,,th,,,
log,นว71-1832,thailand,,,bag,,,,,th,,,
log,นว70-9014,thailand,,,bag,,,,,th,,,
log,อย70-5403,thailand,,,bag,,,,,th,,,
log,ชร70-8594,thailand,,,bag,,,,,th,,,
log,ลป70-6078,thailand,,,bag,,,,,th,,,
log,ลป70-6076,thailand,,,bag,,,,,th,,,
log,นม84-0879,thailand,,,bag,,,,,th,,,
log,ลป70-7058,thailand,,,bag,,,,,th,,,
log,ชร71-0922,thailand,,,bag,,,,,th,,,
log,ชร70-9506,thailand,,,bag,,,,,th,,,
log,ชร71-1462,thailand,,,bag,,,,,th,,,
log,ชร71-0750,thailand,,,bag,,,,,th,,,
log,ชร70-9232,thailand,,,bag,,,,,th,,,
log,ชร71-0853,thailand,,,bag,,,,,th,,,
log,สบ72-9339,thailand,,,bag,,,,,th,,,
log,ปข70-2495,thailand,,,bag,,,,,th,,,
log,กท60-1693,thailand,,,bag,,,,,th,,,
log,สบ72-0321,thailand,,,bag,,,,,th,,,
log,กท61-4479,thailand,,,bag,,,,,th,,,
log,อย71-6581,thailand,,,bag,,,,,th,,,
log,กท64-4500,thailand,,,bag,,,,,th,,,
log,สบ72-2837,thailand,,,bag,,,,,th,,,
log,นว70-6299,thailand,,,bag,,,,,th,,,
log,สบ72-0918,thailand,,,bag,,,,,th,,,
log,สค71-1205,thailand,,,bag,,,,,th,,,
log,ปข70-6655,thailand,,,bag,,,,,th,,,
log,สบ72-9684,thailand,,,bag,,,,,th,,,
log,กท68-7533,thailand,,,bag,,,,,th,,,
log,ปจ81-6460,thailand,,,bag,,,,,th,,,
log,ชน70-2681,thailand,,,bag,,,,,th,,,
log,ชน70-3221,thailand,,,bag,,,,,th,,,
log,อด70-3034,thailand,,,bag,,,,,th,,,
log,ชร70-8590,thailand,,,bag,,,,,th,,,
log,นว70-8151,thailand,,,bag,,,,,th,,,
log,สฎ70-7932,thailand,,,bag,,,,,th,,,
log,สบ73-0165,thailand,,,bag,,,,,th,,,
log,สบ72-3631,thailand,,,bag,,,,,th,,,
log,อด70-6112,thailand,,,bag,,,,,th,,,
log,ชร71-0938,thailand,,,bag,,,,,th,,,
log,ชร71-1466,thailand,,,bag,,,,,th,,,
log,ชร71-0850,thailand,,,bag,,,,,th,,,
log,ชร71-0732,thailand,,,bag,,,,,th,,,
log,ชพ70-5124,thailand,,,bag,,,,,th,,,
log,สฎ70-9650,thailand,,,bag,,,,,th,,,
log,อย70-3097,thailand,,,bag,,,,,th,,,
log,นฐ71-2583,thailand,,,bag,,,,,th,,,
log,กท69-7700,thailand,,,bag,,,,,th,,,
log,นว70-3207,thailand,,,bag,,,,,th,,,
log,กท64-4450,thailand,,,bag,,,,,th,,,
log,อด70-7218,thailand,,,bag,,,,,th,,,
log,สก81-9447,thailand,,,bag,,,,,th,,,
log,กท73-2364,thailand,,,bag,,,,,th,,,
log,กท64-0841,thailand,,,bag,,,,,th,,,
log,นว70-4052,thailand,,,bag,,,,,th,,,
log,กท68-7544,thailand,,,bag,,,,,th,,,
log,สค71-1194,thailand,,,bag,,,,,th,,,
log,กท67-4852,thailand,,,bag,,,,,th,,,
log,อด70-5736,thailand,,,bag,,,,,th,,,
log,กท67-4276,thailand,,,bag,,,,,th,,,
log,ปจ81-6446,thailand,,,bag,,,,,th,,,
log,ลป70-5183,thailand,,,bag,,,,,th,,,
log,ลป70-5608,thailand,,,bag,,,,,th,,,
log,อย72-0204,thailand,,,bag,,,,,th,,,
log,สฎ70-7940,thailand,,,bag,,,,,th,,,
log,อด70-4929,thailand,,,bag,,,,,th,,,
log,สบ70-9572,thailand,,,bag,,,,,th,,,
log,อย70-6434,thailand,,,bag,,,,,th,,,
log,กท79-9372,thailand,,,bag,,,,,th,,,
log,ปท71-6838,thailand,,,bag,,,,,th,,,
log,ชร70-9247,thailand,,,bag,,,,,th,,,
log,ชร70-9452,thailand,,,bag,,,,,th,,,
log,ชร71-0924,thailand,,,bag,,,,,th,,,
log,ชร71-1615,thailand,,,bag,,,,,th,,,
log,กท61-4475,thailand,,,bag,,,,,th,,,
log,อย70-4891,thailand,,,bag,,,,,th,,,
log,สห70-1380,thailand,,,bag,,,,,th,,,
log,กท64-4459,thailand,,,bag,,,,,th,,,
log,กท64-4456,thailand,,,bag,,,,,th,,,
log,นว70-8149,thailand,,,bag,,,,,th,,,
log,อย71-9757,thailand,,,bag,,,,,th,,,
log,นว70-7270,thailand,,,bag,,,,,th,,,
log,อด70-5341,thailand,,,bag,,,,,th,,,
log,สบ71-7637,thailand,,,bag,,,,,th,,,
log,สบ72-0994,thailand,,,bag,,,,,th,,,
log,สฎ70-5317,thailand,,,bag,,,,,th,,,
log,สค71-1209,thailand,,,bag,,,,,th,,,
log,สค71-1207,thailand,,,bag,,,,,th,,,
log,ชร70-8531,thailand,,,bag,,,,,th,,,
log,นว71-1146,thailand,,,bag,,,,,th,,,
log,นว70-9682,thailand,,,bag,,,,,th,,,
log,ปจ70-2900,thailand,,,bag,,,,,th,,,
log,อด70-5738,thailand,,,bag,,,,,th,,,
log,สบ70-9273,thailand,,,bag,,,,,th,,,
log,อด70-5432,thailand,,,bag,,,,,th,,,
log,ปจ81-6471,thailand,,,bag,,,,,th,,,
log,กท60-9276,thailand,,,bag,,,,,th,,,
log,อด70-3139,thailand,,,bag,,,,,th,,,
log,ชร71-0940,thailand,,,bag,,,,,th,,,
log,ชร70-9589,thailand,,,bag,,,,,th,,,
log,ชร70-8492,thailand,,,bag,,,,,th,,,
log,ปท71-2178,thailand,,,bag,,,,,th,,,
log,ลพ70-2419,thailand,,,bag,,,,,th,,,
log,กท64-4453,thailand,,,bag,,,,,th,,,
log,อย70-5407,thailand,,,bag,,,,,th,,,
log,สฎ70-7936,thailand,,,bag,,,,,th,,,
log,กท61-9650,thailand,,,bag,,,,,th,,,
log,กท61-7047,thailand,,,bag,,,,,th,,,
log,กพ70-2746,thailand,,,bag,,,,,th,,,
log,กพ70-4000,thailand,,,bag,,,,,th,,,
log,สบ72-6148,thailand,,,bag,,,,,th,,,
log,ปข70-3115,thailand,,,bag,,,,,th,,,
log,นว70-8143,thailand,,,bag,,,,,th,,,
log,นม88-3171,thailand,,,bag,,,,,th,,,
log,อย70-3195,thailand,,,bag,,,,,th,,,
log,อด70-2186,thailand,,,bag,,,,,th,,,
log,สบ72-3758,thailand,,,bag,,,,,th,,,
log,สท70-3126,thailand,,,bag,,,,,th,,,
log,สบ73-0518,thailand,,,bag,,,,,th,,,
log,มค70-3975,thailand,,,bag,,,,,th,,,
log,อย70-3138,thailand,,,bag,,,,,th,,,
log,อย70-6658,thailand,,,bag,,,,,th,,,
log,อย70-7156,thailand,,,bag,,,,,th,,,
log,อย70-2335,thailand,,,bag,,,,,th,,,
log,ชย70-3525,thailand,,,bag,,,,,th,,,
log,สบ72-0874,thailand,,,bag,,,,,th,,,
log,กพ70-3924,thailand,,,bag,,,,,th,,,
log,กท61-2421,thailand,,,bag,,,,,th,,,
log,อย70-4393,thailand,,,bag,,,,,th,,,
log,สบ71-2062,thailand,,,bag,,,,,th,,,
log,อย84-1326,thailand,,,bag,,,,,th,,,
log,สบ72-0034,thailand,,,bag,,,,,th,,,
log,สบ70-8071,thailand,,,bag,,,,,th,,,
log,สบ72-2482,thailand,,,bag,,,,,th,,,
log,อย71-7373,thailand,,,bag,,,,,th,,,
log,อด70-7092,thailand,,,bag,,,,,th,,,
log,นฐ72-3261,thailand,,,bag,,,,,th,,,
log,กจ81-8487,thailand,,,bag,,,,,th,,,
log,กท63-7481,thailand,,,bag,,,,,th,,,
log,สฎ70-7758,thailand,,,bag,,,,,th,,,
log,นว71-2605,thailand,,,bag,,,,,th,,,
log,นฐ73-0653,thailand,,,bag,,,,,th,,,
log,สบ71-3216,thailand,,,bag,,,,,th,,,
log,กท63-0597,thailand,,,bag,,,,,th,,,
log,อย83-0483,thailand,,,bag,,,,,th,,,
log,นฐ72-3574,thailand,,,bag,,,,,th,,,
log,อย70-6465,thailand,,,bag,,,,,th,,,
log,พล70-4815,thailand,,,bag,,,,,th,,,
log,พล70-4082,thailand,,,bag,,,,,th,,,
log,อย70-6467,thailand,,,bag,,,,,th,,,
log,อย71-2583,thailand,,,bag,,,,,th,,,
log,อย70-3113,thailand,,,bag,,,,,th,,,
log,ปจ81-6486,thailand,,,bag,,,,,th,,,
log,อด70-7283,thailand,,,bag,,,,,th,,,
log,ปข70-5322,thailand,,,bag,,,,,th,,,
log,กพ70-6153,thailand,,,bag,,,,,th,,,
log,กท63-7832,thailand,,,bag,,,,,th,,,
log,กท67-2577,thailand,,,bag,,,,,th,,,
log,อย70-3030,thailand,,,bag,,,,,th,,,
log,อย70-3053,thailand,,,bag,,,,,th,,,
log,สค71-1206,thailand,,,bag,,,,,th,,,
log,กพ70-3521,thailand,,,bag,,,,,th,,,
log,สบ72-1279,thailand,,,bag,,,,,th,,,
log,นว70-3975,thailand,,,bag,,,,,th,,,
log,สบ72-9831,thailand,,,bag,,,,,th,,,
log,สบ72-6467,thailand,,,bag,,,,,th,,,
log,กท60-9279,thailand,,,bag,,,,,th,,,
log,ปจ81-6498,thailand,,,bag,,,,,th,,,
log,สค71-1211,thailand,,,bag,,,,,th,,,
log,ปจ81-6500,thailand,,,bag,,,,,th,,,
log,อด70-7363,thailand,,,bag,,,,,th,,,
log,นว70-8145,thailand,,,bag,,,,,th,,,
log,สท70-2942,thailand,,,bag,,,,,th,,,
log,ปจ81-6478,thailand,,,bag,,,,,th,,,
log,สบ85-3982,thailand,,,bag,,,,,th,,,
log,ชย83-6310,thailand,,,bag,,,,,th,,,
log,สบ71-2097,thailand,,,bag,,,,,th,,,
log,กท61-9637,thailand,,,bag,,,,,th,,,
log,กท61-4483,thailand,,,bag,,,,,th,,,
log,อย82-0792,thailand,,,bag,,,,,th,,,
log,นฐ71-9170,thailand,,,bag,,,,,th,,,
log,สบ85-4174,thailand,,,bag,,,,,th,,,
log,นว70-8137,thailand,,,bag,,,,,th,,,
log,สบ72-1952,thailand,,,bag,,,,,th,,,
log,นว70-4046,thailand,,,bag,,,,,th,,,
log,อท70-1436,thailand,,,bag,,,,,th,,,
log,กท61-2228,thailand,,,bag,,,,,th,,,
log,กท64-0504,thailand,,,bag,,,,,th,,,
log,สบ71-7907,thailand,,,bag,,,,,th,,,
log,สก70-2081,thailand,,,bag,,,,,th,,,
log,อด83-7077,thailand,,,bag,,,,,th,,,
log,นว70-8155,thailand,,,bag,,,,,th,,,
log,สบ71-9035,thailand,,,bag,,,,,th,,,
log,สบ71-7635,thailand,,,bag,,,,,th,,,
log,ลป70-5990,thailand,,,bag,,,,,th,,,
log,สบ72-0015,thailand,,,bag,,,,,th,,,
log,อย71-1204,thailand,,,bag,,,,,th,,,
log,สค71-1208,thailand,,,bag,,,,,th,,,
log,ลป70-7036,thailand,,,bag,,,,,th,,,
log,อย84-3237,thailand,,,bag,,,,,th,,,
log,สบ87-3508,thailand,,,bag,,,,,th,,,
log,สบ72-6832,thailand,,,bag,,,,,th,,,
log,สบ70-8067,thailand,,,bag,,,,,th,,,
log,ชม71-2056,thailand,,,bag,,,,,th,,,
log,สบ72-2838,thailand,,,bag,,,,,th,,,
log,อย70-6430,thailand,,,bag,,,,,th,,,
log,สค71-1211,thailand,,,bag,,,,,th,,,
log,อด70-7369,thailand,,,bag,,,,,th,,,
log,กท62-2672,thailand,,,bag,,,,,th,,,
log,นว70-3247,thailand,,,bag,,,,,th,,,
log,อย72-0458,thailand,,,bag,,,,,th,,,
log,อย72-1453,thailand,,,bag,,,,,th,,,
log,กพ70-2748,thailand,,,bag,,,,,th,,,
log,อย71-2584,thailand,,,bag,,,,,th,,,
log,กท79-9373,thailand,,,bag,,,,,th,,,
log,สบ70-8070,thailand,,,bag,,,,,th,,,
log,กท61-9917,thailand,,,bag,,,,,th,,,
log,อด70-3044,thailand,,,bag,,,,,th,,,
log,อท70-1438,thailand,,,bag,,,,,th,,,
log,สบ87-9852,thailand,,,bag,,,,,th,,,
log,สบ72-0953,thailand,,,bag,,,,,th,,,
log,สบ72-6305,thailand,,,bag,,,,,th,,,
log,นว70-4891,thailand,,,bag,,,,,th,,,
log,ปข70-3424,thailand,,,bag,,,,,th,,,
log,สบ72-9545,thailand,,,bag,,,,,th,,,
log,ลป70-5827,thailand,,,bag,,,,,th,,,
log,อย70-3032,thailand,,,bag,,,,,th,,,
log,อย70-3038,thailand,,,bag,,,,,th,,,
log,อย70-2339,thailand,,,bag,,,,,th,,,
log,อย81-8515,thailand,,,bag,,,,,th,,,
log,ปข70-3159,thailand,,,bag,,,,,th,,,
log,นม71-6967,thailand,,,bag,,,,,th,,,
log,สบ72-3825,thailand,,,bag,,,,,th,,,
log,มค82-0264,thailand,,,bag,,,,,th,,,
log,กท67-4039,thailand,,,bag,,,,,th,,,
log,ปจ81-6464,thailand,,,bag,,,,,th,,,
log,สท70-4051,thailand,,,bag,,,,,th,,,
log,สบ73-0964,thailand,,,bag,,,,,th,,,
log,อด70-7084,thailand,,,bag,,,,,th,,,
log,อย72-3563,thailand,,,bag,,,,,th,,,
log,สบ71-2599,thailand,,,bag,,,,,th,,,
log,สบ72-1529,thailand,,,bag,,,,,th,,,
log,นฐ71-3415,thailand,,,bag,,,,,th,,,
log,กท61-7042,thailand,,,bag,,,,,th,,,
log,นว71-2603,thailand,,,bag,,,,,th,,,
log,นว70-8121,thailand,,,bag,,,,,th,,,
log,สบ87-6379,thailand,,,bag,,,,,th,,,
log,กท61-3635,thailand,,,bag,,,,,th,,,
log,สบ70-8068,thailand,,,bag,,,,,th,,,
log,ชน70-1337,thailand,,,bag,,,,,th,,,
log,นว70-4897,thailand,,,bag,,,,,th,,,
log,กท65-3812,thailand,,,bag,,,,,th,,,
log,นม71-3000,thailand,,,bag,,,,,th,,,
log,สบ72-9544,thailand,,,bag,,,,,th,,,
log,อด70-2229,thailand,,,bag,,,,,th,,,
log,ปข70-4936,thailand,,,bag,,,,,th,,,
log,อย70-3189,thailand,,,bag,,,,,th,,,
log,อย70-6914,thailand,,,bag,,,,,th,,,
log,อย70-3057,thailand,,,bag,,,,,th,,,
log,อย70-3193,thailand,,,bag,,,,,th,,,
log,อด70-7220,thailand,,,bag,,,,,th,,,
log,สบ87-9791,thailand,,,bag,,,,,th,,,
log,อย70-4394,thailand,,,bag,,,,,th,,,
log,นม90-3640,thailand,,,bag,,,,,th,,,
log,อย70-3036,thailand,,,bag,,,,,th,,,
log,สพ70-6540,thailand,,,bag,,,,,th,,,
log,กจ82-2702,thailand,,,bag,,,,,th,,,
log,นฐ71-1809,thailand,,,bag,,,,,th,,,
log,อท81-3034,thailand,,,bag,,,,,th,,,
log,อย70-5409,thailand,,,bag,,,,,th,,,
log,กท61-9641,thailand,,,bag,,,,,th,,,
log,กท63-2032,thailand,,,bag,,,,,th,,,
log,ชย83-5049,thailand,,,bag,,,,,th,,,
log,นฐ71-0442,thailand,,,bag,,,,,th,,,
log,กพ82-1934,thailand,,,bag,,,,,th,,,
log,อด70-3042,thailand,,,bag,,,,,th,,,
log,นว70-3313,thailand,,,bag,,,,,th,,,
log,อย71-1858,thailand,,,bag,,,,,th,,,
log,สบ71-3430,thailand,,,bag,,,,,th,,,
log,กพ83-7027,thailand,,,bag,,,,,th,,,
log,กท67-2579,thailand,,,bag,,,,,th,,,
log,สบ72-0877,thailand,,,bag,,,,,th,,,
log,สบ72-6306,thailand,,,bag,,,,,th,,,
log,ปจ70-2874,thailand,,,bag,,,,,th,,,
log,สบ73-0995,thailand,,,bag,,,,,th,,,
log,กท63-1970,thailand,,,bag,,,,,th,,,
log,นฐ72-3556,thailand,,,bag,,,,,th,,,
log,อย70-5463,thailand,,,bag,,,,,th,,,
log,กท64-0845,thailand,,,bag,,,,,th,,,
log,กพ70-5545,thailand,,,bag,,,,,th,,,
log,ชย81-8001,thailand,,,bag,,,,,th,,,
log,อย70-3142,thailand,,,bag,,,,,th,,,
log,อย70-6469,thailand,,,bag,,,,,th,,,
log,ขก85-0237,thailand,,,bag,,,,,th,,,
log,สบ72-0872,thailand,,,bag,,,,,th,,,
log,กท67-4849,thailand,,,bag,,,,,th,,,
log,ปจ81-6489,thailand,,,bag,,,,,th,,,
log,กท61-0170,thailand,,,bag,,,,,th,,,
log,อย72-0535,thailand,,,bag,,,,,th,,,
log,อด70-6102,thailand,,,bag,,,,,th,,,
log,อด70-7367,thailand,,,bag,,,,,th,,,
log,สบ87-9421,thailand,,,bag,,,,,th,,,
log,สบ70-7478,thailand,,,bag,,,,,th,,,
log,กท61-7044,thailand,,,bag,,,,,th,,,
log,สบ72-3637,thailand,,,bag,,,,,th,,,
log,ขก82-4223,thailand,,,bag,,,,,th,,,
log,พล70-2761,thailand,,,bag,,,,,th,,,
log,อย71-0327,thailand,,,bag,,,,,th,,,
log,สบ72-2337,thailand,,,bag,,,,,th,,,
log,อด70-6936,thailand,,,bag,,,,,th,,,
log,อด70-5249,thailand,,,bag,,,,,th,,,
log,นว70-8117,thailand,,,bag,,,,,th,,,
log,พช70-1113,thailand,,,bag,,,,,th,,,
log,ปข70-3073,thailand,,,bag,,,,,th,,,
log,สบ71-9198,thailand,,,bag,,,,,th,,,
log,ปข70-4954,thailand,,,bag,,,,,th,,,
log,ชย83-5816,thailand,,,bag,,,,,th,,,
log,กท64-0843,thailand,,,bag,,,,,th,,,
log,สบ72-0997,thailand,,,bag,,,,,th,,,
log,อด70-7322,thailand,,,bag,,,,,th,,,
log,บร70-3445,thailand,,,bag,,,,,th,,,
log,กท62-6936,thailand,,,bag,,,,,th,,,
log,สบ72-2305,thailand,,,bag,,,,,th,,,
log,อย70-4395,thailand,,,bag,,,,,th,,,
log,กท67-3726,thailand,,,bag,,,,,th,,,
log,ปข70-3161,thailand,,,bag,,,,,th,,,
log,นม89-2323,thailand,,,bag,,,,,th,,,
log,นว71-2607,thailand,,,bag,,,,,th,,,
log,สฎ70-7938,thailand,,,bag,,,,,th,,,
log,อท81-2662,thailand,,,bag,,,,,th,,,
log,อย70-3107,thailand,,,bag,,,,,th,,,
log,พล70-4340,thailand,,,bag,,,,,th,,,
log,ขก85-4303,thailand,,,bag,,,,,th,,,
log,อย71-0719,thailand,,,bag,,,,,th,,,
log,นว70-3972,thailand,,,bag,,,,,th,,,
log,ขก70-9163,thailand,,,bag,,,,,th,,,
log,สบ73-1039,thailand,,,bag,,,,,th,,,
log,สบ72-5395,thailand,,,bag,,,,,th,,,
log,กท62-6935,thailand,,,bag,,,,,th,,,
log,นม87-6586,thailand,,,bag,,,,,th,,,
log,สบ72-0996,thailand,,,bag,,,,,th,,,
log,สบ72-0927,thailand,,,bag,,,,,th,,,
log,สบ71-9050,thailand,,,bag,,,,,th,,,
log,สบ71-8824,thailand,,,bag,,,,,th,,,
log,บร70-3456,thailand,,,bag,,,,,th,,,
log,กพ70-3569,thailand,,,bag,,,,,th,,,
log,กท67-3730,thailand,,,bag,,,,,th,,,
log,ชม71-2098,thailand,,,bag,,,,,th,,,
log,สบ71-8909,thailand,,,bag,,,,,th,,,
log,นฐ71-9458,thailand,,,bag,,,,,th,,,
log,ชม70-9786,thailand,,,bag,,,,,th,,,
log,ชม71-2054,thailand,,,bag,,,,,th,,,
log,นม71-4886,thailand,,,bag,,,,,th,,,
log,ขก86-6610,thailand,,,bag,,,,,th,,,
log,กพ83-6130,thailand,,,bag,,,,,th,,,
log,สบ71-5184,thailand,,,bag,,,,,th,,,
log,สค71-1201,thailand,,,bag,,,,,th,,,
log,อด70-7359,thailand,,,bag,,,,,th,,,
log,อด70-5726,thailand,,,bag,,,,,th,,,
log,นฐ72-1728,thailand,,,bag,,,,,th,,,
log,ชย83-6580,thailand,,,bag,,,,,th,,,
log,ปจ81-6450,thailand,,,bag,,,,,th,,,
log,นว70-8133,thailand,,,bag,,,,,th,,,
log,อย70-3111,thailand,,,bag,,,,,th,,,
log,กท61-7038,thailand,,,bag,,,,,th,,,
log,กท61-7051,thailand,,,bag,,,,,th,,,
log,กท79-7049,thailand,,,bag,,,,,th,,,
log,อย70-6462,thailand,,,bag,,,,,th,,,
log,นว71-1144,thailand,,,bag,,,,,th,,,
log,ชย70-4889,thailand,,,bag,,,,,th,,,
log,นฐ72-3560,thailand,,,bag,,,,,th,,,
log,พล70-5113,thailand,,,bag,,,,,th,,,
log,อย70-5447,thailand,,,bag,,,,,th,,,
log,สป73-0349,thailand,,,bag,,,,,th,,,
log,อย70-6892,thailand,,,bag,,,,,th,,,
log,สบ72-0902,thailand,,,bag,,,,,th,,,
log,สบ72-9952,thailand,,,bag,,,,,th,,,
log,ปข70-3432,thailand,,,bag,,,,,th,,,
log,สบ71-7028,thailand,,,bag,,,,,th,,,
log,ขก83-7843,thailand,,,bag,,,,,th,,,
log,สบ72-4372,thailand,,,bag,,,,,th,,,
log,นฐ71-2078,thailand,,,bag,,,,,th,,,
log,นฐ72-9066,thailand,,,bag,,,,,th,,,
log,กพ70-3539,thailand,,,bag,,,,,th,,,
log,กท61-4477,thailand,,,bag,,,,,th,,,
log,ชม71-0507,thailand,,,bag,,,,,th,,,
log,อย70-6818,thailand,,,bag,,,,,th,,,
log,ชม70-9254,thailand,,,bag,,,,,th,,,
log,อด70-3141,thailand,,,bag,,,,,th,,,
log,นว71-0271,thailand,,,bag,,,,,th,,,
log,นฐ71-6478,thailand,,,bag,,,,,th,,,
log,สบ72-3641,thailand,,,bag,,,,,th,,,
log,สบ71-0389,thailand,,,bag,,,,,th,,,
log,อย71-4062,thailand,,,bag,,,,,th,,,
log,ปข70-2945,thailand,,,bag,,,,,th,,,
log,กท61-9647,thailand,,,bag,,,,,th,,,
log,สบ72-0821,thailand,,,bag,,,,,th,,,
log,พล70-4110,thailand,,,bag,,,,,th,,,
log,สบ70-9590,thailand,,,bag,,,,,th,,,
log,สบ72-1606,thailand,,,bag,,,,,th,,,
log,กท67-2581,thailand,,,bag,,,,,th,,,
log,สบ72-8732,thailand,,,bag,,,,,th,,,
log,สบ72-1990,thailand,,,bag,,,,,th,,,
log,สบ72-1541,thailand,,,bag,,,,,th,,,
log,สบ71-2601,thailand,,,bag,,,,,th,,,
log,นภ70-1121,thailand,,,bag,,,,,th,,,
log,สห70-2651,thailand,,,bag,,,,,th,,,
log,อด84-0292,thailand,,,bag,,,,,th,,,
log,ปข70-3094,thailand,,,bag,,,,,th,,,
log,สบ72-1436,thailand,,,bag,,,,,th,,,
log,อย70-2334,thailand,,,bag,,,,,th,,,
log,อย70-7015,thailand,,,bag,,,,,th,,,
log,กท79-9997,thailand,,,bag,,,,,th,,,
log,ปข70-3102,thailand,,,bag,,,,,th,,,
log,ปจ81-6468,thailand,,,bag,,,,,th,,,
log,ปจ70-2927,thailand,,,bag,,,,,th,,,
log,ปท83-8591,thailand,,,bag,,,,,th,,,
log,กท83-6130,thailand,,,bag,,,,,th,,,
log,ปจ81-6493,thailand,,,bag,,,,,th,,,
log,อย72-0606,thailand,,,bag,,,,,th,,,
log,อย70-5424,thailand,,,bag,,,,,th,,,
log,อท81-2453,thailand,,,bag,,,,,th,,,
log,อท81-2407,thailand,,,bag,,,,,th,,,
log,อย83-8766,thailand,,,bag,,,,,th,,,
log,ขก85-4646,thailand,,,bag,,,,,th,,,
log,พล70-4088,thailand,,,bag,,,,,th,,,
log,กท60-9726,thailand,,,bag,,,,,th,,,
log,ปท71-6171,thailand,,,bag,,,,,th,,,
log,ชร70-6826,thailand,,,bag,,,,,th,,,
log,นว70-8294,thailand,,,bag,,,,,th,,,
log,นว70-4554,thailand,,,bag,,,,,th,,,
log,อย71-9641,thailand,,,bag,,,,,th,,,
log,อย71-2585,thailand,,,bag,,,,,th,,,
log,สบ81-8798,thailand,,,bag,,,,,th,,,
log,นฐ71-3417,thailand,,,bag,,,,,th,,,
log,อย70-3109,thailand,,,bag,,,,,th,,,
log,กท64-0463,thailand,,,bag,,,,,th,,,
log,นว70-4072,thailand,,,bag,,,,,th,,,
log,สบ71-9196,thailand,,,bag,,,,,th,,,
log,ปข70-3552,thailand,,,bag,,,,,th,,,
log,สบ72-0937,thailand,,,bag,,,,,th,,,
log,อด70-7318,thailand,,,bag,,,,,th,,,
log,อด70-7320,thailand,,,bag,,,,,th,,,
log,สค71-1191,thailand,,,bag,,,,,th,,,
log,สบ72-9085,thailand,,,bag,,,,,th,,,
log,อท70-1455,thailand,,,bag,,,,,th,,,
log,สบ72-6825,thailand,,,bag,,,,,th,,,
log,สบ71-9108,thailand,,,bag,,,,,th,,,
log,ปข70-3110,thailand,,,bag,,,,,th,,,
log,ปข70-3098,thailand,,,bag,,,,,th,,,
log,ปจ81-6434,thailand,,,bag,,,,,th,,,
log,อย70-4388,thailand,,,bag,,,,,th,,,
log,อย72-0538,thailand,,,bag,,,,,th,,,
log,อด70-7365,thailand,,,bag,,,,,th,,,
log,สบ71-2595,thailand,,,bag,,,,,th,,,
log,กพ70-3326,thailand,,,bag,,,,,th,,,
log,นว71-1043,thailand,,,bag,,,,,th,,,
log,สบ71-8823,thailand,,,bag,,,,,th,,,
log,นว70-8153,thailand,,,bag,,,,,th,,,
log,อด70-5468,thailand,,,bag,,,,,th,,,
log,นม88-8352,thailand,,,bag,,,,,th,,,
log,สบ72-0903,thailand,,,bag,,,,,th,,,
log,สบ71-7612,thailand,,,bag,,,,,th,,,
log,สบ71-7615,thailand,,,bag,,,,,th,,,
log,สบ71-8321,thailand,,,bag,,,,,th,,,
log,อย72-3191,thailand,,,bag,,,,,th,,,
log,สบ87-3082,thailand,,,bag,,,,,th,,,
log,อย70-3131,thailand,,,bag,,,,,th,,,
log,อย70-3059,thailand,,,bag,,,,,th,,,
log,อย70-3191,thailand,,,bag,,,,,th,,,
log,ชม70-7362,thailand,,,bag,,,,,th,,,
log,สบ85-4173,thailand,,,bag,,,,,th,,,
log,อย72-0537,thailand,,,bag,,,,,th,,,
log,อย70-3105,thailand,,,bag,,,,,th,,,
log,กท67-4041,thailand,,,bag,,,,,th,,,
log,นม88-9559,thailand,,,bag,,,,,th,,,
log,อด70-6096,thailand,,,bag,,,,,th,,,
log,สบ72-4779,thailand,,,bag,,,,,th,,,
log,นว71-0192,thailand,,,bag,,,,,th,,,
log,อย70-5427,thailand,,,bag,,,,,th,,,
log,กท63-9454,thailand,,,bag,,,,,th,,,
log,ชย83-0437,thailand,,,bag,,,,,th,,,
log,ปจ81-6437,thailand,,,bag,,,,,th,,,
log,กท61-9643,thailand,,,bag,,,,,th,,,
log,กท64-7680,thailand,,,bag,,,,,th,,,
log,สบ72-0911,thailand,,,bag,,,,,th,,,
log,ชย81-7764,thailand,,,bag,,,,,th,,,
log,สบ71-8118,thailand,,,bag,,,,,th,,,
log,นว70-8125,thailand,,,bag,,,,,th,,,
log,อย70-2337,thailand,,,bag,,,,,th,,,
log,นว70-8127,thailand,,,bag,,,,,th,,,
log,กท60-1677,thailand,,,bag,,,,,th,,,
log,สบ73-0653,thailand,,,bag,,,,,th,,,
log,ขก85-7397,thailand,,,bag,,,,,th,,,
log,สบ72-0929,thailand,,,bag,,,,,th,,,
log,ปข70-3437,thailand,,,bag,,,,,th,,,
log,อย70-2321,thailand,,,bag,,,,,th,,,
log,ชม71-2097,thailand,,,bag,,,,,th,,,
log,สบ85-5591,thailand,,,bag,,,,,th,,,
log,กบ70-1365,thailand,,,bag,,,,,th,,,
log,สค71-1196,thailand,,,bag,,,,,th,,,
log,นฐ71-9460,thailand,,,bag,,,,,th,,,
log,นฐ86-7980,thailand,,,bag,,,,,th,,,
log,ปจ81-6494,thailand,,,bag,,,,,th,,,
log,นฐ71-6030,thailand,,,bag,,,,,th,,,
log,สบ72-9137,thailand,,,bag,,,,,th,,,
log,อท81-2661,thailand,,,bag,,,,,th,,,
log,อย72-1313,thailand,,,bag,,,,,th,,,
log,สบ71-8799,thailand,,,bag,,,,,th,,,
log,กท79-7045,thailand,,,bag,,,,,th,,,
log,อด70-3137,thailand,,,bag,,,,,th,,,
log,กท62-6377,thailand,,,bag,,,,,th,,,
log,อย82-7211,thailand,,,bag,,,,,th,,,
log,อย71-0717,thailand,,,bag,,,,,th,,,
log,กพ70-5044,thailand,,,bag,,,,,th,,,
log,สบ73-0617,thailand,,,bag,,,,,th,,,
log,นว70-8296,thailand,,,bag,,,,,th,,,
log,นว70-4111,thailand,,,bag,,,,,th,,,
log,กท64-0844,thailand,,,bag,,,,,th,,,
log,สบ71-7843,thailand,,,bag,,,,,th,,,
log,ปข70-3546,thailand,,,bag,,,,,th,,,
log,สบ72-0917,thailand,,,bag,,,,,th,,,
log,อด70-7326,thailand,,,bag,,,,,th,,,
log,อย70-2325,thailand,,,bag,,,,,th,,,
log,สบ72-0784,thailand,,,bag,,,,,th,,,
log,สบ72-3639,thailand,,,bag,,,,,th,,,
log,สบ72-0741,thailand,,,bag,,,,,th,,,
log,กท61-9645,thailand,,,bag,,,,,th,,,
log,นฐ72-6975,thailand,,,bag,,,,,th,,,
log,สบ73-0657,thailand,,,bag,,,,,th,,,
log,อย71-0471,thailand,,,bag,,,,,th,,,
log,สบ70-7533,thailand,,,bag,,,,,th,,,
log,ปจ81-6442,thailand,,,bag,,,,,th,,,
log,สบ73-0156,thailand,,,bag,,,,,th,,,
log,กบ70-1510,thailand,,,bag,,,,,th,,,
log,อย72-0536,thailand,,,bag,,,,,th,,,
log,อด70-7082,thailand,,,bag,,,,,th,,,
log,นว71-2601,thailand,,,bag,,,,,th,,,
log,อท81-2462,thailand,,,bag,,,,,th,,,
log,นฐ71-2741,thailand,,,bag,,,,,th,,,
log,สบ71-2593,thailand,,,bag,,,,,th,,,
log,รบ70-9672,thailand,,,bag,,,,,th,,,
log,อย70-5441,thailand,,,bag,,,,,th,,,
log,กท64-7678,thailand,,,bag,,,,,th,,,
log,กท63-9452,thailand,,,bag,,,,,th,,,
log,นว70-8147,thailand,,,bag,,,,,th,,,
log,อย71-2587,thailand,,,bag,,,,,th,,,
log,กท60-0810,thailand,,,bag,,,,,th,,,
log,กท60-2764,thailand,,,bag,,,,,th,,,
log,สบ70-8066,thailand,,,bag,,,,,th,,,
log,อย70-2329,thailand,,,bag,,,,,th,,,
log,สบ73-0126,thailand,,,bag,,,,,th,,,
log,กท65-0185,thailand,,,bag,,,,,th,,,
log,ปจ81-6488,thailand,,,bag,,,,,th,,,
log,นฐ89-4695,thailand,,,bag,,,,,th,,,
log,พช70-1115,thailand,,,bag,,,,,th,,,
log,นว70-4064,thailand,,,bag,,,,,th,,,
log,ชม71-2099,thailand,,,bag,,,,,th,,,
log,ชม70-8602,thailand,,,bag,,,,,th,,,
log,ลป70-7060,thailand,,,bag,,,,,th,,,
log,สบ86-6031,thailand,,,bag,,,,,th,,,
log,สบ72-0292,thailand,,,bag,,,,,th,,,
log,ลป70-5988,thailand,,,bag,,,,,th,,,
log,อย70-3103,thailand,,,bag,,,,,th,,,
log,ปข70-4934,thailand,,,bag,,,,,th,,,
log,มค82-0597,thailand,,,bag,,,,,th,,,
log,ปท71-2180,thailand,,,bag,,,,,th,,,
log,อย70-4890,thailand,,,bag,,,,,th,,,
log,อด70-7361,thailand,,,bag,,,,,th,,,
log,อย70-5413,thailand,,,bag,,,,,th,,,
log,กท60-0812,thailand,,,bag,,,,,th,,,
log,นฐ71-3380,thailand,,,bag,,,,,th,,,
log,สบ71-7488,thailand,,,bag,,,,,th,,,
log,อท81-2451,thailand,,,bag,,,,,th,,,
log,อท81-2398,thailand,,,bag,,,,,th,,,
log,สบ71-3428,thailand,,,bag,,,,,th,,,
log,สบ73-1448,thailand,,,bag,,,,,th,,,
log,นว70-8141,thailand,,,bag,,,,,th,,,
log,กท61-9639,thailand,,,bag,,,,,th,,,
log,กท62-2668,thailand,,,bag,,,,,th,,,
log,กพ70-2744,thailand,,,bag,,,,,th,,,
log,ปจ81-6483,thailand,,,bag,,,,,th,,,
log,สบ71-2548,thailand,,,bag,,,,,th,,,
log,กท61-7049,thailand,,,bag,,,,,th,,,
log,สบ71-7619,thailand,,,bag,,,,,th,,,
log,นว70-3048,thailand,,,bag,,,,,th,,,
log,กพ70-2742,thailand,,,bag,,,,,th,,,
log,นว71-1045,thailand,,,bag,,,,,th,,,
log,อด70-7281,thailand,,,bag,,,,,th,,,
log,นว70-8119,thailand,,,bag,,,,,th,,,
log,อท70-1440,thailand,,,bag,,,,,th,,,
log,อย70-3187,thailand,,,bag,,,,,th,,,
log,นว70-8129,thailand,,,bag,,,,,th,,,
log,สบ71-7640,thailand,,,bag,,,,,th,,,
log,สบ71-9049,thailand,,,bag,,,,,th,,,
log,อย70-6667,thailand,,,bag,,,,,th,,,
log,อย70-2343,thailand,,,bag,,,,,th,,,
log,สบ71-5437,thailand,,,bag,,,,,th,,,
log,อย70-3055,thailand,,,bag,,,,,th,,,
log,อย70-4390,thailand,,,bag,,,,,th,,,
log,ขก86-5070,thailand,,,bag,,,,,th,,,
log,นภ81-2414,thailand,,,bag,,,,,th,,,
log,อย70-6428,thailand,,,bag,,,,,th,,,
log,นฐ71-0992,thailand,,,bag,,,,,th,,,
log,อย70-6819,thailand,,,bag,,,,,th,,,
log,กท67-4046,thailand,,,bag,,,,,th,,,
log,สบ72-4667,thailand,,,bag,,,,,th,,,
log,ลป70-7108,thailand,,,bag,,,,,th,,,
log,กท61-2623,thailand,,,bag,,,,,th,,,
log,สบ85-4201,thailand,,,bag,,,,,th,,,
log,ปจ70-2873,thailand,,,bag,,,,,th,,,
log,อย70-6432,thailand,,,bag,,,,,th,,,
log,กท61-0169,thailand,,,bag,,,,,th,,,
log,อด85-0500,thailand,,,bag,,,,,th,,,
log,อด70-7434,thailand,,,bag,,,,,th,,,
log,นว70-7253,thailand,,,bag,,,,,th,,,
log,สบ71-1324,thailand,,,bag,,,,,th,,,
log,สฎ70-8812,thailand,,,bag,,,,,th,,,
log,ปข70-6031,thailand,,,bag,,,,,th,,,
log,ปข70-6194,thailand,,,bag,,,,,th,,,
log,อด70-2438,thailand,,,bag,,,,,th,,,
log,สบ70-8069,thailand,,,bag,,,,,th,,,
log,นว70-7249,thailand,,,bag,,,,,th,,,
log,นว70-7250,thailand,,,bag,,,,,th,,,
log,นฐ73-3056,thailand,,,bag,,,,,th,,,
log,สบ72-2483,thailand,,,bag,,,,,th,,,
log,ปข70-6192,thailand,,,bag,,,,,th,,,
log,ปข70-6314,thailand,,,bag,,,,,th,,,
log,อย72-0540,thailand,,,bag,,,,,th,,,
log,อด70-7070,thailand,,,bag,,,,,th,,,
log,กท67-4048,thailand,,,bag,,,,,th,,,
log,กท67-3805,thailand,,,bag,,,,,th,,,
log,กท61-8143,thailand,,,bag,,,,,th,,,
log,สบบห-8500,thailand,,,bag,,,,,th,,,
log,นว70-4070,thailand,,,bag,,,,,th,,,
log,ปจ70-2933,thailand,,,bag,,,,,th,,,
log,ปข70-3244,thailand,,,bag,,,,,th,,,
log,ปข70-6886,thailand,,,bag,,,,,th,,,
log,ปข70-6819,thailand,,,bag,,,,,th,,,
log,ลป70-5127,thailand,,,bag,,,,,th,,,
log,กท700-7223,thailand,,,bag,,,,,th,,,
log,อด70-6100,thailand,,,bag,,,,,th,,,
log,อด70-7076,thailand,,,bag,,,,,th,,,
log,กท61-3348,thailand,,,bag,,,,,th,,,
log,สบ71-8597,thailand,,,bag,,,,,th,,,
log,กพ70-5268,thailand,,,bag,,,,,th,,,
log,ปจ82-2358,thailand,,,bag,,,,,th,,,
log,อย70-6460,thailand,,,bag,,,,,th,,,
log,ปข70-3033,thailand,,,bag,,,,,th,,,
log,ปจ70-2815,thailand,,,bag,,,,,th,,,
log,กจ71-1970,thailand,,,bag,,,,,th,,,
log,กท62-1913,thailand,,,bag,,,,,th,,,
log,ปจ81-6516,thailand,,,bag,,,,,th,,,
log,สบ72-4016,thailand,,,bag,,,,,th,,,
log,ปจ70-2931,thailand,,,bag,,,,,th,,,
log,ปข70-3165,thailand,,,bag,,,,,th,,,
log,นว71-2244,thailand,,,bag,,,,,th,,,
log,ขก85-3838,thailand,,,bag,,,,,th,,,
log,อย70-3099,thailand,,,bag,,,,,th,,,
log,สบ86-5952,thailand,,,bag,,,,,th,,,
log,สบ73-0959,thailand,,,bag,,,,,th,,,
log,ลย80-6084,thailand,,,bag,,,,,th,,,
log,ปข70-0828,thailand,,,bag,,,,,th,,,
log,อด70-5467,thailand,,,bag,,,,,th,,,
log,ปข70-1699,thailand,,,bag,,,,,th,,,
log,สบ72-7869,thailand,,,bag,,,,,th,,,
log,กท3ฒผ-1801,thailand,,,bag,,,,,th,,,
log,กท76-0667,thailand,,,bag,,,,,th,,,
log,สบ72-8574,thailand,,,bag,,,,,th,,,
log,ปข70-3127,thailand,,,bag,,,,,th,,,
log,อด70-7324,thailand,,,bag,,,,,th,,,
log,กท60-1692,thailand,,,bag,,,,,th,,,
log,อบ70-3298,thailand,,,bag,,,,,th,,,
log,สป74-7735,thailand,,,bag,,,,,th,,,
log,ปข70-6327,thailand,,,bag,,,,,th,,,
log,ปข70-6939,thailand,,,bag,,,,,th,,,
log,ปจ81-6484,thailand,,,bag,,,,,th,,,
log,กท67-3300,thailand,,,bag,,,,,th,,,
log,อย70-7516,thailand,,,bag,,,,,th,,,
log,อย70-4892,thailand,,,bag,,,,,th,,,
log,ปท71-2181,thailand,,,bag,,,,,th,,,
log,ปจ81-6469,thailand,,,bag,,,,,th,,,
log,สบ71-2603,thailand,,,bag,,,,,th,,,
log,สบ72-9836,thailand,,,bag,,,,,th,,,
log,ปจ81-6524,thailand,,,bag,,,,,th,,,
log,กท62-2824,thailand,,,bag,,,,,th,,,
log,กท67-3728,thailand,,,bag,,,,,th,,,
log,อย70-4389,thailand,,,bag,,,,,th,,,
log,นว70-7251,thailand,,,bag,,,,,th,,,
log,กท60-2762,thailand,,,bag,,,,,th,,,
log,สบ72-4005,thailand,,,bag,,,,,th,,,
log,กพ70-6345,thailand,,,bag,,,,,th,,,
log,ปจ81-6503,thailand,,,bag,,,,,th,,,
log,สบ72-6345,thailand,,,bag,,,,,th,,,
log,ปข70-6638,thailand,,,bag,,,,,th,,,
log,สฎ70-5811,thailand,,,bag,,,,,th,,,
log,อด70-7078,thailand,,,bag,,,,,th,,,
log,สบ72-8914,thailand,,,bag,,,,,th,,,
log,สบ71-7807,thailand,,,bag,,,,,th,,,
log,สบ72-6532,thailand,,,bag,,,,,th,,,
log,ปจ70-1215,thailand,,,bag,,,,,th,,,
log,สบ87-1862,thailand,,,bag,,,,,th,,,
log,ขก86-2949,thailand,,,bag,,,,,th,,,
log,ปข70-6193,thailand,,,bag,,,,,th,,,
log,ปข70-4214,thailand,,,bag,,,,,th,,,
log,สฎ70-4964,thailand,,,bag,,,,,th,,,
log,ปจ81-2656,thailand,,,bag,,,,,th,,,
log,สบ71-8319,thailand,,,bag,,,,,th,,,
log,กท60-8087,thailand,,,bag,,,,,th,,,
log,สบ72-7267,thailand,,,bag,,,,,th,,,
log,อด70-4533,thailand,,,bag,,,,,th,,,
log,สบ71-7614,thailand,,,bag,,,,,th,,,
log,สบ71-7808,thailand,,,bag,,,,,th,,,
log,สบ72-9771,thailand,,,bag,,,,,th,,,
log,สฎ70-5594,thailand,,,bag,,,,,th,,,
log,สฎ70-9706,thailand,,,bag,,,,,th,,,
log,กจ71-1298,thailand,,,bag,,,,,th,,,
log,อด70-7428,thailand,,,bag,,,,,th,,,
log,นว70-7247,thailand,,,bag,,,,,th,,,
log,ปข70-4923,thailand,,,bag,,,,,th,,,
log,นว71-3010,thailand,,,bag,,,,,th,,,
log,นว71-0273,thailand,,,bag,,,,,th,,,
log,สบ71-4660,thailand,,,bag,,,,,th,,,
log,อย70-5485,thailand,,,bag,,,,,th,,,
log,สบ71-8991,thailand,,,bag,,,,,th,,,
log,อด70-5436,thailand,,,bag,,,,,th,,,
log,อด70-7074,thailand,,,bag,,,,,th,,,
log,ปจ70-2879,thailand,,,bag,,,,,th,,,
log,ปจ81-6510,thailand,,,bag,,,,,th,,,
log,สบ73-0125,thailand,,,bag,,,,,th,,,
log,กท62-2825,thailand,,,bag,,,,,th,,,
log,กท75-1166,thailand,,,bag,,,,,th,,,
log,สฎ70-5559,thailand,,,bag,,,,,th,,,
log,นว70-8135,thailand,,,bag,,,,,th,,,
log,ขก86-1856,thailand,,,bag,,,,,th,,,
log,สบ73-0388,thailand,,,bag,,,,,th,,,
log,ปข70-6078,thailand,,,bag,,,,,th,,,
log,อด70-6098,thailand,,,bag,,,,,th,,,
log,อด70-6106,thailand,,,bag,,,,,th,,,
log,กท64-6444,thailand,,,bag,,,,,th,,,
log,กพ70-3852,thailand,,,bag,,,,,th,,,
log,สบ71-7809,thailand,,,bag,,,,,th,,,
log,ปจ81-6487,thailand,,,bag,,,,,th,,,
log,นว71-2512,thailand,,,bag,,,,,th,,,
log,ขก85-5353,thailand,,,bag,,,,,th,,,
log,ปจ70-1213,thailand,,,bag,,,,,th,,,
log,อย72-3961,thailand,,,bag,,,,,th,,,
log,นว70-7274,thailand,,,bag,,,,,th,,,
log,ปข70-6743,thailand,,,bag,,,,,th,,,
log,ปข70-6280,thailand,,,bag,,,,,th,,,
log,สบ73-1705,thailand,,,bag,,,,,th,,,
log,ปจ82-5097,thailand,,,bag,,,,,th,,,
log,ปข70-7045,thailand,,,bag,,,,,th,,,
log,อด70-7072,thailand,,,bag,,,,,th,,,
log,สบบว-6715,thailand,,,bag,,,,,th,,,
log,อด70-7088,thailand,,,bag,,,,,th,,,
log,ปจ81-6455,thailand,,,bag,,,,,th,,,
log,สบ72-9296,thailand,,,bag,,,,,th,,,
log,ปจ70-2876,thailand,,,bag,,,,,th,,,
log,ปจ70-1461,thailand,,,bag,,,,,th,,,
log,นว71-2519,thailand,,,bag,,,,,th,,,
log,สบ72-9772,thailand,,,bag,,,,,th,,,
log,กท67-3296,thailand,,,bag,,,,,th,,,
log,กท79-9058,thailand,,,bag,,,,,th,,,
log,สบ72-1085,thailand,,,bag,,,,,th,,,
log,อด70-7426,thailand,,,bag,,,,,th,,,
log,ปข70-6911,thailand,,,bag,,,,,th,,,
log,ปข70-0837,thailand,,,bag,,,,,th,,,
log,สบ71-7620,thailand,,,bag,,,,,th,,,
log,อย72-0539,thailand,,,bag,,,,,th,,,
log,สค71-1197,thailand,,,bag,,,,,th,,,
log,ขก85-9443,thailand,,,bag,,,,,th,,,
log,กพ70-3854,thailand,,,bag,,,,,th,,,
log,นม89-3034,thailand,,,bag,,,,,th,,,
log,อด70-5434,thailand,,,bag,,,,,th,,,
log,นว70-8131,thailand,,,bag,,,,,th,,,
log,อด70-6090,thailand,,,bag,,,,,th,,,
log,กท60-2611,thailand,,,bag,,,,,th,,,
log,ขก85-9702,thailand,,,bag,,,,,th,,,
log,กท62-1979,thailand,,,bag,,,,,th,,,
log,ฉช82-9341,thailand,,,bag,,,,,th,,,
log,ปข70-0723,thailand,,,bag,,,,,th,,,
log,ปข70-5470,thailand,,,bag,,,,,th,,,
log,ปข70-4191,thailand,,,bag,,,,,th,,,
log,อด70-7086,thailand,,,bag,,,,,th,,,
log,อด70-4535,thailand,,,bag,,,,,th,,,
log,ปข70-4938,thailand,,,bag,,,,,th,,,
log,สบ71-7609,thailand,,,bag,,,,,th,,,
log,ขก81-6780,thailand,,,bag,,,,,th,,,
log,ปท71-2179,thailand,,,bag,,,,,th,,,
log,นว71-2279,thailand,,,bag,,,,,th,,,
log,กท67-4037,thailand,,,bag,,,,,th,,,
log,ลป70-7034,thailand,,,bag,,,,,th,,,
log,ขก71-0858,thailand,,,bag,,,,,th,,,
log,อด70-7430,thailand,,,bag,,,,,th,,,
log,สบ73-1017,thailand,,,bag,,,,,th,,,
log,ปข70-6947,thailand,,,bag,,,,,th,,,
log,อท81-4075,thailand,,,bag,,,,,th,,,
log,สบ72-3776,thailand,,,bag,,,,,th,,,
log,สฎ70-5365,thailand,,,bag,,,,,th,,,
log,ปข70-3788,thailand,,,bag,,,,,th,,,
log,อด70-5732,thailand,,,bag,,,,,th,,,
log,อด70-4927,thailand,,,bag,,,,,th,,,
log,อด70-2439,thailand,,,bag,,,,,th,,,
log,สค71-1198,thailand,,,bag,,,,,th,,,
log,สบ72-7490,thailand,,,bag,,,,,th,,,
log,สบ72-2577,thailand,,,bag,,,,,th,,,
log,นว71-2513,thailand,,,bag,,,,,th,,,
log,นว71-0767,thailand,,,bag,,,,,th,,,
log,ปจ81-6505,thailand,,,bag,,,,,th,,,
log,ปจ81-6523,thailand,,,bag,,,,,th,,,
log,กท67-3298,thailand,,,bag,,,,,th,,,
log,ขก85-5307,thailand,,,bag,,,,,th,,,
log,นว70-7248,thailand,,,bag,,,,,th,,,
log,สบ73-1040,thailand,,,bag,,,,,th,,,
log,ปจ70-2882,thailand,,,bag,,,,,th,,,
log,อบ70-6890,thailand,,,bag,,,,,th,,,
log,ปข70-5638,thailand,,,bag,,,,,th,,,
log,ปข70-6741,thailand,,,bag,,,,,th,,,
log,ชน70-2265,thailand,,,bag,,,,,th,,,
log,ปข70-6750,thailand,,,bag,,,,,th,,,
log,นฐ72-7760,thailand,,,bag,,,,,th,,,
log,ปจ70-1216,thailand,,,bag,,,,,th,,,
log,สบ71-7940,thailand,,,bag,,,,,th,,,
log,ปจ70-1459,thailand,,,bag,,,,,th,,,
log,อด70-7080,thailand,,,bag,,,,,th,,,
log,สบ72-2757,thailand,,,bag,,,,,th,,,
log,กท79-9998,thailand,,,bag,,,,,th,,,
log,กท61-4481,thailand,,,bag,,,,,th,,,
log,สบ72-4665,thailand,,,bag,,,,,th,,,
log,ปจ70-2925,thailand,,,bag,,,,,th,,,
log,กท78-8275,thailand,,,bag,,,,,th,,,
log,อด70-7432,thailand,,,bag,,,,,th,,,
log,กท60-0811,thailand,,,bag,,,,,th,,,
log,สบ72-0123,thailand,,,bag,,,,,th,,,
log,สฎ70-9710,thailand,,,bag,,,,,th,,,
log,ปข70-6898,thailand,,,bag,,,,,th,,,
log,นว70-8123,thailand,,,bag,,,,,th,,,
log,สค70-9796,thailand,,,bulk,,,,,th,,,
log,นว70-8000,thailand,,,bulk,,,,,th,,,
log,กท61-4688,thailand,,,bulk,,,,,th,,,
log,กท71-4516,thailand,,,bulk,,,,,th,,,
log,กท61-1679,thailand,,,bulk,,,,,th,,,
log,กท61-4694,thailand,,,bulk,,,,,th,,,
log,อย70-2285,thailand,,,bulk,,,,,th,,,
log,สบ72-8636,thailand,,,bulk,,,,,th,,,
log,ปข70-4331,thailand,,,bulk,,,,,th,,,
log,สบ71-0323,thailand,,,bulk,,,,,th,,,
log,ปข70-4249,thailand,,,bulk,,,,,th,,,
log,สบ72-9183,thailand,,,bulk,,,,,th,,,
log,อย70-1849,thailand,,,bulk,,,,,th,,,
log,สบ71-9785,thailand,,,bulk,,,,,th,,,
log,สบ72-7647,thailand,,,bulk,,,,,th,,,
log,สบ72-9302,thailand,,,bulk,,,,,th,,,
log,อย70-8345,thailand,,,bulk,,,,,th,,,
log,สบ72-5990,thailand,,,bulk,,,,,th,,,
log,อย70-0638,thailand,,,bulk,,,,,th,,,
log,อย70-9498,thailand,,,bulk,,,,,th,,,
log,อย70-9500,thailand,,,bulk,,,,,th,,,
log,นบ71-1811,thailand,,,bulk,,,,,th,,,
log,สบ71-1860,thailand,,,bulk,,,,,th,,,
log,สบ70-5111,thailand,,,bulk,,,,,th,,,
log,อย70-7925,thailand,,,bulk,,,,,th,,,
log,รบ70-3003,thailand,,,bulk,,,,,th,,,
log,อย70-8012,thailand,,,bulk,,,,,th,,,
log,สบ71-9939,thailand,,,bulk,,,,,th,,,
log,สบ71-4747,thailand,,,bulk,,,,,th,,,
log,รบ70-6446,thailand,,,bulk,,,,,th,,,
log,สบ71-2665,thailand,,,bulk,,,,,th,,,
log,กท65-4055,thailand,,,bulk,,,,,th,,,
log,สบ70-4691,thailand,,,bulk,,,,,th,,,
log,สบ71-0048,thailand,,,bulk,,,,,th,,,
log,รบ70-3456,thailand,,,bulk,,,,,th,,,
log,สบ71-1372,thailand,,,bulk,,,,,th,,,
log,สบ71-3253,thailand,,,bulk,,,,,th,,,
log,สบ71-9992,thailand,,,bulk,,,,,th,,,
log,สข71-4215,thailand,,,bulk,,,,,th,,,
log,กท60-0169,thailand,,,bulk,,,,,th,,,
log,กท700-0488,thailand,,,bulk,,,,,th,,,
log,กท60-7882,thailand,,,bulk,,,,,th,,,
log,กท60-7886,thailand,,,bulk,,,,,th,,,
log,สข72-0695,thailand,,,bulk,,,,,th,,,
log,ศก70-3151,thailand,,,bulk,,,,,th,,,
log,สบ71-8326,thailand,,,bulk,,,,,th,,,
log,กท61-3626,thailand,,,bulk,,,,,th,,,
log,รบ70-5789,thailand,,,bulk,,,,,th,,,
log,สบ73-0909,thailand,,,bulk,,,,,th,,,
log,สบ72-0083,thailand,,,bulk,,,,,th,,,
log,สบ72-6996,thailand,,,bulk,,,,,th,,,
log,พท70-1753,thailand,,,bulk,,,,,th,,,
log,พท70-1754,thailand,,,bulk,,,,,th,,,
log,พท70-1837,thailand,,,bulk,,,,,th,,,
log,สบ71-6491,thailand,,,bulk,,,,,th,,,
log,สบ72-1042,thailand,,,bulk,,,,,th,,,
log,อย70-0554,thailand,,,bulk,,,,,th,,,
log,ชน70-2451,thailand,,,bulk,,,,,th,,,
log,ชน70-4000,thailand,,,bulk,,,,,th,,,
log,ชน70-4102,thailand,,,bulk,,,,,th,,,
log,ชน70-3718,thailand,,,bulk,,,,,th,,,
log,ชน70-3828,thailand,,,bulk,,,,,th,,,
log,ชน70-3180,thailand,,,bulk,,,,,th,,,
log,ชน70-2475,thailand,,,bulk,,,,,th,,,
log,สค70-7158,thailand,,,bulk,,,,,th,,,
log,กท60-3089,thailand,,,bulk,,,,,th,,,
log,กท79-6801,thailand,,,bulk,,,,,th,,,
log,สค70-6137,thailand,,,bulk,,,,,th,,,
log,สค70-9800,thailand,,,bulk,,,,,th,,,
log,นว70-3977,thailand,,,bulk,,,,,th,,,
log,อย70-8270,thailand,,,bulk,,,,,th,,,
log,ปข70-5874,thailand,,,bulk,,,,,th,,,
log,สบ70-6446,thailand,,,bulk,,,,,th,,,
log,นว70-8074,thailand,,,bulk,,,,,th,,,
log,สบ72-6977,thailand,,,bulk,,,,,th,,,
log,สบ72-4884,thailand,,,bulk,,,,,th,,,
log,สบ72-3054,thailand,,,bulk,,,,,th,,,
log,ปข70-4300,thailand,,,bulk,,,,,th,,,
log,อย70-9521,thailand,,,bulk,,,,,th,,,
log,อย70-9496,thailand,,,bulk,,,,,th,,,
log,สค70-7159,thailand,,,bulk,,,,,th,,,
log,สค70-8116,thailand,,,bulk,,,,,th,,,
log,สบ70-4998,thailand,,,bulk,,,,,th,,,
log,อย70-8342,thailand,,,bulk,,,,,th,,,
log,สบ70-5785,thailand,,,bulk,,,,,th,,,
log,สบ71-9879,thailand,,,bulk,,,,,th,,,
log,อย70-1755,thailand,,,bulk,,,,,th,,,
log,นบ71-1333,thailand,,,bulk,,,,,th,,,
log,อย71-0003,thailand,,,bulk,,,,,th,,,
log,อย70-9119,thailand,,,bulk,,,,,th,,,
log,อย70-8344,thailand,,,bulk,,,,,th,,,
log,อย70-8346,thailand,,,bulk,,,,,th,,,
log,สข71-6532,thailand,,,bulk,,,,,th,,,
log,กท60-9592,thailand,,,bulk,,,,,th,,,
log,กท60-9594,thailand,,,bulk,,,,,th,,,
log,กท60-7638,thailand,,,bulk,,,,,th,,,
log,กท68-0345,thailand,,,bulk,,,,,th,,,
log,สบ71-5456,thailand,,,bulk,,,,,th,,,
log,กท60-7884,thailand,,,bulk,,,,,th,,,
log,สบ72-6960,thailand,,,bulk,,,,,th,,,
log,สข71-7062,thailand,,,bulk,,,,,th,,,
log,สข71-8967,thailand,,,bulk,,,,,th,,,
log,สข72-0003,thailand,,,bulk,,,,,th,,,
log,สข71-5765,thailand,,,bulk,,,,,th,,,
log,กท61-3630,thailand,,,bulk,,,,,th,,,
log,สบ72-8080,thailand,,,bulk,,,,,th,,,
log,รบ72-0111,thailand,,,bulk,,,,,th,,,
log,สบ72-9394,thailand,,,bulk,,,,,th,,,
log,นฐ72-3420,thailand,,,bulk,,,,,th,,,
log,สบ72-0111,thailand,,,bulk,,,,,th,,,
log,พท70-1776,thailand,,,bulk,,,,,th,,,
log,สบ71-6474,thailand,,,bulk,,,,,th,,,
log,สบ70-6784,thailand,,,bulk,,,,,th,,,
log,รบ70-3083,thailand,,,bulk,,,,,th,,,
log,ชน70-3174,thailand,,,bulk,,,,,th,,,
log,นว70-8335,thailand,,,bulk,,,,,th,,,
log,สค70-7727,thailand,,,bulk,,,,,th,,,
log,ปข70-4490,thailand,,,bulk,,,,,th,,,
log,สค70-6871,thailand,,,bulk,,,,,th,,,
log,กท65-8441,thailand,,,bulk,,,,,th,,,
log,ปข70-4306,thailand,,,bulk,,,,,th,,,
log,อย70-7662,thailand,,,bulk,,,,,th,,,
log,สค70-7728,thailand,,,bulk,,,,,th,,,
log,รบ70-5902,thailand,,,bulk,,,,,th,,,
log,พท70-1165,thailand,,,bulk,,,,,th,,,
log,พท70-1169,thailand,,,bulk,,,,,th,,,
log,พท70-1662,thailand,,,bulk,,,,,th,,,
log,รบ70-8794,thailand,,,bulk,,,,,th,,,
log,สร70-5106,thailand,,,bulk,,,,,th,,,
log,สบ70-9018,thailand,,,bulk,,,,,th,,,
log,ปข70-6611,thailand,,,bulk,,,,,th,,,
log,สบ70-9257,thailand,,,bulk,,,,,th,,,
log,นว70-4890,thailand,,,bulk,,,,,th,,,
log,สบ71-0331,thailand,,,bulk,,,,,th,,,
log,สบ70-9209,thailand,,,bulk,,,,,th,,,
log,สบ70-4971,thailand,,,bulk,,,,,th,,,
log,ปข70-6607,thailand,,,bulk,,,,,th,,,
log,สบ70-1095,thailand,,,bulk,,,,,th,,,
log,สบ72-8296,thailand,,,bulk,,,,,th,,,
log,สบ71-1242,thailand,,,bulk,,,,,th,,,
log,สบ70-5176,thailand,,,bulk,,,,,th,,,
log,อย70-7663,thailand,,,bulk,,,,,th,,,
log,อย70-5068,thailand,,,bulk,,,,,th,,,
log,สบ70-9259,thailand,,,bulk,,,,,th,,,
log,สบ71-1248,thailand,,,bulk,,,,,th,,,
log,สค70-7253,thailand,,,bulk,,,,,th,,,
log,สบ71-1370,thailand,,,bulk,,,,,th,,,
log,สบ70-8956,thailand,,,bulk,,,,,th,,,
log,สบ70-5126,thailand,,,bulk,,,,,th,,,
log,สค71-0956,thailand,,,bulk,,,,,th,,,
log,สค71-0196,thailand,,,bulk,,,,,th,,,
log,สบ70-0609,thailand,,,bulk,,,,,th,,,
log,สบ70-5147,thailand,,,bulk,,,,,th,,,
log,สบ71-0066,thailand,,,bulk,,,,,th,,,
log,รบ70-6556,thailand,,,bulk,,,,,th,,,
log,สบ71-1929,thailand,,,bulk,,,,,th,,,
log,สบ72-1100,thailand,,,bulk,,,,,th,,,
log,สค70-5923,thailand,,,bulk,,,,,th,,,
log,สบ71-8511,thailand,,,bulk,,,,,th,,,
log,ปข70-4484,thailand,,,bulk,,,,,th,,,
log,นว70-8331,thailand,,,bulk,,,,,th,,,
log,สบ72-2620,thailand,,,bulk,,,,,th,,,
log,สบ70-9019,thailand,,,bulk,,,,,th,,,
log,นบ83-3444,thailand,,,bulk,,,,,th,,,
log,อย70-7118,thailand,,,bulk,,,,,th,,,
log,นว70-3980,thailand,,,bulk,,,,,th,,,
log,กท69-9919,thailand,,,bulk,,,,,th,,,
log,สบ71-9072,thailand,,,bulk,,,,,th,,,
log,กท73-5810,thailand,,,bulk,,,,,th,,,
log,กท73-9127,thailand,,,bulk,,,,,th,,,
log,อย70-9518,thailand,,,bulk,,,,,th,,,
log,ปข70-6339,thailand,,,bulk,,,,,th,,,
log,ปข70-4304,thailand,,,bulk,,,,,th,,,
log,สบ70-1112,thailand,,,bulk,,,,,th,,,
log,สบ71-0328,thailand,,,bulk,,,,,th,,,
log,กท79-8395,thailand,,,bulk,,,,,th,,,
log,สบ70-9207,thailand,,,bulk,,,,,th,,,
log,ปข70-6390,thailand,,,bulk,,,,,th,,,
log,นบ70-6428,thailand,,,bulk,,,,,th,,,
log,นฐ72-4804,thailand,,,bulk,,,,,th,,,
log,สบ71-9073,thailand,,,bulk,,,,,th,,,
log,อย71-0039,thailand,,,bulk,,,,,th,,,
log,นบ70-8885,thailand,,,bulk,,,,,th,,,
log,สบ70-5149,thailand,,,bulk,,,,,th,,,
log,นว70-4107,thailand,,,bulk,,,,,th,,,
log,สบ70-4996,thailand,,,bulk,,,,,th,,,
log,สบ71-3939,thailand,,,bulk,,,,,th,,,
log,นว70-6824,thailand,,,bulk,,,,,th,,,
log,กท68-5322,thailand,,,bulk,,,,,th,,,
log,สบ70-5174,thailand,,,bulk,,,,,th,,,
log,กท69-9631,thailand,,,bulk,,,,,th,,,
log,สบ70-1102,thailand,,,bulk,,,,,th,,,
log,ชน70-2070,thailand,,,bulk,,,,,th,,,
log,นบ70-9999,thailand,,,bulk,,,,,th,,,
log,กท67-0406,thailand,,,bulk,,,,,th,,,
log,อย70-8268,thailand,,,bulk,,,,,th,,,
log,อย70-7113,thailand,,,bulk,,,,,th,,,
log,กท65-6414,thailand,,,bulk,,,,,th,,,
log,สบ71-6004,thailand,,,bulk,,,,,th,,,
log,สบ71-6789,thailand,,,bulk,,,,,th,,,
log,สค70-6873,thailand,,,bulk,,,,,th,,,
log,นบ70-6059,thailand,,,bulk,,,,,th,,,
log,นฐ70-9790,thailand,,,bulk,,,,,th,,,
log,กท69-3987,thailand,,,bulk,,,,,th,,,
log,นฐ70-9786,thailand,,,bulk,,,,,th,,,
log,พท70-0448,thailand,,,bulk,,,,,th,,,
log,พท70-1730,thailand,,,bulk,,,,,th,,,
log,รบ70-7866,thailand,,,bulk,,,,,th,,,
log,รบ70-9162,thailand,,,bulk,,,,,th,,,
log,สบ70-1263,thailand,,,bulk,,,,,th,,,
log,สบ71-0334,thailand,,,bulk,,,,,th,,,
log,กท67-3684,thailand,,,bulk,,,,,th,,,
log,กท67-0101,thailand,,,bulk,,,,,th,,,
log,สค70-6874,thailand,,,bulk,,,,,th,,,
log,สบ70-9020,thailand,,,bulk,,,,,th,,,
log,สบ70-3015,thailand,,,bulk,,,,,th,,,
log,นบ71-2522,thailand,,,bulk,,,,,th,,,
log,สบ71-0223,thailand,,,bulk,,,,,th,,,
log,สบ70-8957,thailand,,,bulk,,,,,th,,,
log,สบ71-0217,thailand,,,bulk,,,,,th,,,
log,สบ72-4344,thailand,,,bulk,,,,,th,,,
log,สบ70-5127,thailand,,,bulk,,,,,th,,,
log,สบ71-1706,thailand,,,bulk,,,,,th,,,
log,อย70-8646,thailand,,,bulk,,,,,th,,,
log,สบ70-8804,thailand,,,bulk,,,,,th,,,
log,กท73-6653,thailand,,,bulk,,,,,th,,,
log,กท60-7006,thailand,,,bulk,,,,,th,,,
log,สบ71-4734,thailand,,,bulk,,,,,th,,,
log,สบ70-3030,thailand,,,bulk,,,,,th,,,
log,สบ71-0855,thailand,,,bulk,,,,,th,,,
log,สบ70-0710,thailand,,,bulk,,,,,th,,,
log,สบ70-4653,thailand,,,bulk,,,,,th,,,
log,สบ70-8802,thailand,,,bulk,,,,,th,,,
log,อย70-8188,thailand,,,bulk,,,,,th,,,
log,สบ71-0626,thailand,,,bulk,,,,,th,,,
log,กท73-9125,thailand,,,bulk,,,,,th,,,
log,ปข70-4238,thailand,,,bulk,,,,,th,,,
log,สบ72-1101,thailand,,,bulk,,,,,th,,,
log,สบ71-0263,thailand,,,bulk,,,,,th,,,
log,สค70-5927,thailand,,,bulk,,,,,th,,,
log,สค70-6080,thailand,,,bulk,,,,,th,,,
log,สบ72-3079,thailand,,,bulk,,,,,th,,,
log,สบ72-3077,thailand,,,bulk,,,,,th,,,
log,กท700-1667,thailand,,,bulk,,,,,th,,,
log,นฐ73-0102,thailand,,,bulk,,,,,th,,,
log,สบ72-6854,thailand,,,bulk,,,,,th,,,
log,อย70-8010,thailand,,,bulk,,,,,th,,,
log,สค70-5925,thailand,,,bulk,,,,,th,,,
log,นว70-3978,thailand,,,bulk,,,,,th,,,
log,นบ83-8484,thailand,,,bulk,,,,,th,,,
log,นบ71-1999,thailand,,,bulk,,,,,th,,,
log,กท69-1952,thailand,,,bulk,,,,,th,,,
log,กท73-1319,thailand,,,bulk,,,,,th,,,
log,นว70-3967,thailand,,,bulk,,,,,th,,,
log,สบ70-2368,thailand,,,bulk,,,,,th,,,
log,สบ70-9679,thailand,,,bulk,,,,,th,,,
log,สค70-6168,thailand,,,bulk,,,,,th,,,
log,กท69-3207,thailand,,,bulk,,,,,th,,,
log,อย70-5433,thailand,,,bulk,,,,,th,,,
log,สบ70-6787,thailand,,,bulk,,,,,th,,,
log,ปข70-4486,thailand,,,bulk,,,,,th,,,
log,สบ71-6812,thailand,,,bulk,,,,,th,,,
log,อย70-1754,thailand,,,bulk,,,,,th,,,
log,นบ83-9111,thailand,,,bulk,,,,,th,,,
log,นว70-8333,thailand,,,bulk,,,,,th,,,
log,ปข70-4836,thailand,,,bulk,,,,,th,,,
log,นบ70-9488,thailand,,,bulk,,,,,th,,,
log,สบ71-3510,thailand,,,bulk,,,,,th,,,
log,อย70-0564,thailand,,,bulk,,,,,th,,,
log,กท69-3786,thailand,,,bulk,,,,,th,,,
log,สบ71-1191,thailand,,,bulk,,,,,th,,,
log,นบ70-9494,thailand,,,bulk,,,,,th,,,
log,สบ71-2040,thailand,,,bulk,,,,,th,,,
log,กท69-4498,thailand,,,bulk,,,,,th,,,
log,สบ70-1113,thailand,,,bulk,,,,,th,,,
log,กท60-3418,thailand,,,bulk,,,,,th,,,
log,สบ71-1192,thailand,,,bulk,,,,,th,,,
log,กท61-2749,thailand,,,bulk,,,,,th,,,
log,นว70-8329,thailand,,,bulk,,,,,th,,,
log,อย70-8184,thailand,,,bulk,,,,,th,,,
log,สบ72-5908,thailand,,,bulk,,,,,th,,,
log,สบ70-2986,thailand,,,bulk,,,,,th,,,
log,สบ72-6017,thailand,,,bulk,,,,,th,,,
log,นบ71-1699,thailand,,,bulk,,,,,th,,,
log,ลป70-6041,thailand,,,bulk,,,,,th,,,
log,กท68-3231,thailand,,,bulk,,,,,th,,,
log,สค70-9801,thailand,,,bulk,,,,,th,,,
log,อย70-7998,thailand,,,bulk,,,,,th,,,
log,สบ72-7425,thailand,,,bulk,,,,,th,,,
log,รบ70-7739,thailand,,,bulk,,,,,th,,,
log,สบ71-5110,thailand,,,bulk,,,,,th,,,
log,สบ70-8209,thailand,,,bulk,,,,,th,,,
log,สบ71-2262,thailand,,,bulk,,,,,th,,,
log,สบ72-8730,thailand,,,bulk,,,,,th,,,
log,สบ72-3450,thailand,,,bulk,,,,,th,,,
log,สบ70-3788,thailand,,,bulk,,,,,th,,,
log,ปข70-4661,thailand,,,bulk,,,,,th,,,
log,กท68-2056,thailand,,,bulk,,,,,th,,,
log,ปข70-4663,thailand,,,bulk,,,,,th,,,
log,สบ72-9546,thailand,,,bulk,,,,,th,,,
log,สบ71-6061,thailand,,,bulk,,,,,th,,,
log,ปข70-5722,thailand,,,bulk,,,,,th,,,
log,อย70-8011,thailand,,,bulk,,,,,th,,,
log,สบ70-2917,thailand,,,bulk,,,,,th,,,
log,กท60-7636,thailand,,,bulk,,,,,th,,,
log,สข71-3798,thailand,,,bulk,,,,,th,,,
log,กท60-0173,thailand,,,bulk,,,,,th,,,
log,กท60-7346,thailand,,,bulk,,,,,th,,,
log,สบ72-5181,thailand,,,bulk,,,,,th,,,
log,กท78-9806,thailand,,,bulk,,,,,th,,,
log,สข71-7016,thailand,,,bulk,,,,,th,,,
log,สข71-9874,thailand,,,bulk,,,,,th,,,
log,สค70-8012,thailand,,,bulk,,,,,th,,,
log,สบ72-6142,thailand,,,bulk,,,,,th,,,
log,กท65-0794,thailand,,,bulk,,,,,th,,,
log,พท70-2058,thailand,,,bulk,,,,,th,,,
log,สบ72-4034,thailand,,,bulk,,,,,th,,,
log,ชน70-2477,thailand,,,bulk,,,,,th,,,
log,ชน70-3155,thailand,,,bulk,,,,,th,,,
log,สบ70-6816,thailand,,,bulk,,,,,th,,,
log,ชน70-2478,thailand,,,bulk,,,,,th,,,
log,ชน70-2071,thailand,,,bulk,,,,,th,,,
log,ชน70-3717,thailand,,,bulk,,,,,th,,,
log,ชน70-3178,thailand,,,bulk,,,,,th,,,
log,อย70-1756,thailand,,,bulk,,,,,th,,,
log,สบ70-4566,thailand,,,bulk,,,,,th,,,
log,สบ71-1246,thailand,,,bulk,,,,,th,,,
log,สค70-7729,thailand,,,bulk,,,,,th,,,
log,ปข70-4659,thailand,,,bulk,,,,,th,,,
log,สค70-6875,thailand,,,bulk,,,,,th,,,
log,สค70-7726,thailand,,,bulk,,,,,th,,,
log,รบ70-6172,thailand,,,bulk,,,,,th,,,
log,รบ70-9113,thailand,,,bulk,,,,,th,,,
log,สค70-7773,thailand,,,bulk,,,,,th,,,
log,นว70-8327,thailand,,,bulk,,,,,th,,,
log,สบ71-0049,thailand,,,bulk,,,,,th,,,
log,สค70-7156,thailand,,,bulk,,,,,th,,,
log,สบ71-0709,thailand,,,bulk,,,,,th,,,
log,กท60-6329,thailand,,,bulk,,,,,th,,,
log,สบ72-2879,thailand,,,bulk,,,,,th,,,
log,สบ71-7755,thailand,,,bulk,,,,,th,,,
log,สบ70-4560,thailand,,,bulk,,,,,th,,,
log,สบ70-8958,thailand,,,bulk,,,,,th,,,
log,สบ70-5158,thailand,,,bulk,,,,,th,,,
log,ปข70-6609,thailand,,,bulk,,,,,th,,,
log,นว70-3657,thailand,,,bulk,,,,,th,,,
log,กท73-2363,thailand,,,bulk,,,,,th,,,
log,สค71-0183,thailand,,,bulk,,,,,th,,,
log,สบ70-8829,thailand,,,bulk,,,,,th,,,
log,สบ71-0797,thailand,,,bulk,,,,,th,,,
log,นว70-4109,thailand,,,bulk,,,,,th,,,
log,กท73-9126,thailand,,,bulk,,,,,th,,,
log,สบ70-9735,thailand,,,bulk,,,,,th,,,
log,สบ72-1765,thailand,,,bulk,,,,,th,,,
log,สบ71-1330,thailand,,,bulk,,,,,th,,,
log,สบ71-1336,thailand,,,bulk,,,,,th,,,
log,สบ71-1334,thailand,,,bulk,,,,,th,,,
log,สค71-0194,thailand,,,bulk,,,,,th,,,
log,สบ70-8830,thailand,,,bulk,,,,,th,,,
log,สค71-0195,thailand,,,bulk,,,,,th,,,
log,สบ70-3519,thailand,,,bulk,,,,,th,,,
log,นบ83-2111,thailand,,,bulk,,,,,th,,,
log,สบ71-0043,thailand,,,bulk,,,,,th,,,
log,สบ72-4285,thailand,,,bulk,,,,,th,,,
log,สค70-6087,thailand,,,bulk,,,,,th,,,
log,ปข70-5514,thailand,,,bulk,,,,,th,,,
log,ปข70-6392,thailand,,,bulk,,,,,th,,,
log,ปข70-6388,thailand,,,bulk,,,,,th,,,
log,กท67-1682,thailand,,,bulk,,,,,th,,,
log,สบ71-1338,thailand,,,bulk,,,,,th,,,
log,นบ71-0999,thailand,,,bulk,,,,,th,,,
log,อย70-7397,thailand,,,bulk,,,,,th,,,
log,สบ71-0427,thailand,,,bulk,,,,,th,,,
log,สบ71-6412,thailand,,,bulk,,,,,th,,,
log,กท69-9962,thailand,,,bulk,,,,,th,,,
log,กท69-9963,thailand,,,bulk,,,,,th,,,
log,อย70-0548,thailand,,,bulk,,,,,th,,,
log,สบ72-8008,thailand,,,bulk,,,,,th,,,
log,กท69-2628,thailand,,,bulk,,,,,th,,,
log,กท69-3022,thailand,,,bulk,,,,,th,,,
log,สบ71-7744,thailand,,,bulk,,,,,th,,,
log,กท73-1334,thailand,,,bulk,,,,,th,,,
log,สบ71-6711,thailand,,,bulk,,,,,th,,,
log,กท700-3902,thailand,,,bulk,,,,,th,,,
log,กท68-2054,thailand,,,bulk,,,,,th,,,
log,นบ70-9292,thailand,,,bulk,,,,,th,,,
log,สบ71-7270,thailand,,,bulk,,,,,th,,,
log,สบ70-4471,thailand,,,bulk,,,,,th,,,
log,กท69-2852,thailand,,,bulk,,,,,th,,,
log,สบ70-3032,thailand,,,bulk,,,,,th,,,
log,สข70-4841,thailand,,,bulk,,,,,th,,,
log,สบ71-4257,thailand,,,bulk,,,,,th,,,
log,สบ71-0261,thailand,,,bulk,,,,,th,,,
log,ปข70-4665,thailand,,,bulk,,,,,th,,,
log,สบ72-9029,thailand,,,bulk,,,,,th,,,
log,สบ72-0082,thailand,,,bulk,,,,,th,,,
log,อย70-1847,thailand,,,bulk,,,,,th,,,
log,นบ70-8887,thailand,,,bulk,,,,,th,,,
log,สบ72-7000,thailand,,,bulk,,,,,th,,,
log,นว70-8006,thailand,,,bulk,,,,,th,,,
log,สบ72-6980,thailand,,,bulk,,,,,th,,,
log,สบ72-6859,thailand,,,bulk,,,,,th,,,
log,สบ71-7419,thailand,,,bulk,,,,,th,,,
log,สค70-8471,thailand,,,bulk,,,,,th,,,
log,อย70-9502,thailand,,,bulk,,,,,th,,,
log,ปข70-4488,thailand,,,bulk,,,,,th,,,
log,สบ71-3185,thailand,,,bulk,,,,,th,,,
log,อย70-8636,thailand,,,bulk,,,,,th,,,
log,นบ71-1388,thailand,,,bulk,,,,,th,,,
log,สบ71-2342,thailand,,,bulk,,,,,th,,,
log,สบ71-2663,thailand,,,bulk,,,,,th,,,
log,สบ71-3333,thailand,,,bulk,,,,,th,,,
log,กท68-8298,thailand,,,bulk,,,,,th,,,
log,กท60-9600,thailand,,,bulk,,,,,th,,,
log,กท60-7344,thailand,,,bulk,,,,,th,,,
log,กท68-0344,thailand,,,bulk,,,,,th,,,
log,สข71-9035,thailand,,,bulk,,,,,th,,,
log,สข71-6534,thailand,,,bulk,,,,,th,,,
log,กท60-0171,thailand,,,bulk,,,,,th,,,
log,กท60-7879,thailand,,,bulk,,,,,th,,,
log,กท62-1915,thailand,,,bulk,,,,,th,,,
log,สบ70-2852,thailand,,,bulk,,,,,th,,,
log,สข71-8436,thailand,,,bulk,,,,,th,,,
log,กท60-7876,thailand,,,bulk,,,,,th,,,
log,สข71-8897,thailand,,,bulk,,,,,th,,,
log,กท61-3624,thailand,,,bulk,,,,,th,,,
log,กท61-3628,thailand,,,bulk,,,,,th,,,
log,กท61-3632,thailand,,,bulk,,,,,th,,,
log,กท68-0325,thailand,,,bulk,,,,,th,,,
log,สบ73-1000,thailand,,,bulk,,,,,th,,,
log,สบ72-4345,thailand,,,bulk,,,,,th,,,
log,กท68-8909,thailand,,,bulk,,,,,th,,,
log,สบ72-4156,thailand,,,bulk,,,,,th,,,
log,พท70-1778,thailand,,,bulk,,,,,th,,,
log,พท70-1839,thailand,,,bulk,,,,,th,,,
log,พท70-2060,thailand,,,bulk,,,,,th,,,
log,สบ72-8384,thailand,,,bulk,,,,,th,,,
log,ชน70-3173,thailand,,,bulk,,,,,th,,,
log,สบ71-6006,thailand,,,bulk,,,,,th,,,
log,สบ70-3034,thailand,,,bulk,,,,,th,,,
log,นว70-4040,thailand,,,bulk,,,,,th,,,
log,ชน70-2452,thailand,,,bulk,,,,,th,,,
log,ชน70-3711,thailand,,,bulk,,,,,th,,,
log,อย70-1759,thailand,,,bulk,,,,,th,,,
log,สบ71-1927,thailand,,,bulk,,,,,th,,,
log,สบ70-1154,thailand,,,bulk,,,,,th,,,
log,นบ71-0555,thailand,,,bulk,,,,,th,,,
log,สบ70-1097,thailand,,,bulk,,,,,th,,,
log,สบ70-1138,thailand,,,bulk,,,,,th,,,
log,สค70-6872,thailand,,,bulk,,,,,th,,,
log,กท67-3165,thailand,,,bulk,,,,,th,,,
log,นบ83-3299,thailand,,,bulk,,,,,th,,,
log,รบ70-6661,thailand,,,bulk,,,,,th,,,
log,สบ70-4562,thailand,,,bulk,,,,,th,,,
log,สบ71-1240,thailand,,,bulk,,,,,th,,,
log,นว70-3660,thailand,,,bulk,,,,,th,,,
log,สบ70-2919,thailand,,,bulk,,,,,th,,,
log,ปข70-6341,thailand,,,bulk,,,,,th,,,
log,สบ70-4973,thailand,,,bulk,,,,,th,,,
log,อย70-8195,thailand,,,bulk,,,,,th,,,
log,สบ71-4234,thailand,,,bulk,,,,,th,,,
log,สค71-0180,thailand,,,bulk,,,,,th,,,
log,สค71-0181,thailand,,,bulk,,,,,th,,,
log,รบ70-7764,thailand,,,bulk,,,,,th,,,
log,สบ71-4012,thailand,,,bulk,,,,,th,,,
log,นบ71-2529,thailand,,,bulk,,,,,th,,,
log,ปข70-6337,thailand,,,bulk,,,,,th,,,
log,สค70-7730,thailand,,,bulk,,,,,th,,,
log,สบ70-2984,thailand,,,bulk,,,,,th,,,
log,อย70-5062,thailand,,,bulk,,,,,th,,,
log,สบ70-4670,thailand,,,bulk,,,,,th,,,
log,นบ71-1555,thailand,,,bulk,,,,,th,,,
log,สบ72-2619,thailand,,,bulk,,,,,th,,,
log,สบ72-2702,thailand,,,bulk,,,,,th,,,
log,ปข70-4302,thailand,,,bulk,,,,,th,,,
log,สค70-5921,thailand,,,bulk,,,,,th,,,
log,สบ71-2556,thailand,,,bulk,,,,,th,,,
log,สบ70-4556,thailand,,,bulk,,,,,th,,,
log,อย70-5431,thailand,,,bulk,,,,,th,,,
log,กท75-2817,thailand,,,bulk,,,,,th,,,
log,นว70-3674,thailand,,,bulk,,,,,th,,,
log,สบ72-2618,thailand,,,bulk,,,,,th,,,
log,สบ71-0157,thailand,,,bulk,,,,,th,,,
log,นว70-4068,thailand,,,bulk,,,,,th,,,
log,นฐ73-0104,thailand,,,bulk,,,,,th,,,
log,อย70-7598,thailand,,,bulk,,,,,th,,,
log,นฐ72-5563,thailand,,,bulk,,,,,th,,,
log,สบ70-4558,thailand,,,bulk,,,,,th,,,
log,สบ72-8675,thailand,,,bulk,,,,,th,,,
log,สบ71-1189,thailand,,,bulk,,,,,th,,,
log,กท69-9961,thailand,,,bulk,,,,,th,,,
log,นบ83-8485,thailand,,,bulk,,,,,th,,,
log,นบ83-9191,thailand,,,bulk,,,,,th,,,
log,สบ70-9017,thailand,,,bulk,,,,,th,,,
log,สบ72-8081,thailand,,,bulk,,,,,th,,,
log,อย70-7592,thailand,,,bulk,,,,,th,,,
log,นบ83-6789,thailand,,,bulk,,,,,th,,,
log,สบ71-6715,thailand,,,bulk,,,,,th,,,
log,สค70-6169,thailand,,,bulk,,,,,th,,,
log,สบ71-0326,thailand,,,bulk,,,,,th,,,
log,นว70-4048,thailand,,,bulk,,,,,th,,,
log,อย70-5571,thailand,,,bulk,,,,,th,,,
log,สบ70-9968,thailand,,,bulk,,,,,th,,,
log,อย70-8197,thailand,,,bulk,,,,,th,,,
log,อย70-2548,thailand,,,bulk,,,,,th,,,
log,สบ70-6783,thailand,,,bulk,,,,,th,,,
log,นว70-3974,thailand,,,bulk,,,,,th,,,
log,อย70-6816,thailand,,,bulk,,,,,th,,,
log,อย70-5491,thailand,,,bulk,,,,,th,,,
log,สบ72-5854,thailand,,,bulk,,,,,th,,,
log,นบ71-1655,thailand,,,bulk,,,,,th,,,
log,อย70-2412,thailand,,,bulk,,,,,th,,,
log,อย70-2591,thailand,,,bulk,,,,,th,,,
log,สค71-0895,thailand,,,bulk,,,,,th,,,
log,สค71-0897,thailand,,,bulk,,,,,th,,,
log,สบ71-0160,thailand,,,bulk,,,,,th,,,
log,กท67-8839,thailand,,,bulk,,,,,th,,,
log,สค71-0890,thailand,,,bulk,,,,,th,,,
log,สบ71-0265,thailand,,,bulk,,,,,th,,,
log,สบ70-2766,thailand,,,bulk,,,,,th,,,
log,นว71-2837,thailand,,,bulk,,,,,th,,,
log,อย70-5473,thailand,,,bulk,,,,,th,,,
log,นว70-4060,thailand,,,bulk,,,,,th,,,
log,กท700-1483,thailand,,,bulk,,,,,th,,,
log,อย70-6814,thailand,,,bulk,,,,,th,,,
log,ปข70-4834,thailand,,,bulk,,,,,th,,,
log,สบ71-4014,thailand,,,bulk,,,,,th,,,
log,ปข70-4240,thailand,,,bulk,,,,,th,,,
log,อย70-2413,thailand,,,bulk,,,,,th,,,
log,กท74-7929,thailand,,,bulk,,,,,th,,,
log,สบ71-8406,thailand,,,bulk,,,,,th,,,
log,สค70-8011,thailand,,,bulk,,,,,th,,,
log,อย70-8639,thailand,,,bulk,,,,,th,,,
log,ขก70-9861,thailand,,,bulk,,,,,th,,,
log,อย70-0556,thailand,,,bulk,,,,,th,,,
log,อย70-0570,thailand,,,bulk,,,,,th,,,
log,อย70-1758,thailand,,,bulk,,,,,th,,,
log,สข71-4664,thailand,,,bulk,,,,,th,,,
log,สข71-6166,thailand,,,bulk,,,,,th,,,
log,สข71-6688,thailand,,,bulk,,,,,th,,,
log,สข71-4140,thailand,,,bulk,,,,,th,,,
log,กท73-5853,thailand,,,bulk,,,,,th,,,
log,นบ70-9688,thailand,,,bulk,,,,,th,,,
log,กท73-9124,thailand,,,bulk,,,,,th,,,
log,นว70-4894,thailand,,,bulk,,,,,th,,,
log,นฐ72-5562,thailand,,,bulk,,,,,th,,,
log,อย70-5570,thailand,,,bulk,,,,,th,,,
log,สบ72-5390,thailand,,,bulk,,,,,th,,,
log,สบ72-2741,thailand,,,bulk,,,,,th,,,
log,อย70-8186,thailand,,,bulk,,,,,th,,,
log,สบ73-1230,thailand,,,bulk,,,,,th,,,
log,นว70-8066,thailand,,,bulk,,,,,th,,,
log,กท65-5471,thailand,,,bulk,,,,,th,,,
log,สบ71-1936,thailand,,,bulk,,,,,th,,,
log,สค71-1011,thailand,,,bulk,,,,,th,,,
log,สค71-0608,thailand,,,bulk,,,,,th,,,
log,สบ71-2609,thailand,,,bulk,,,,,th,,,
log,สค71-0609,thailand,,,bulk,,,,,th,,,
log,สบ71-1935,thailand,,,bulk,,,,,th,,,
log,สบ71-9909,thailand,,,bulk,,,,,th,,,
log,สบ70-9909,thailand,,,bulk,,,,,th,,,
log,นบ71-1899,thailand,,,bulk,,,,,th,,,
log,สบ72-0098,thailand,,,bulk,,,,,th,,,
log,นว70-4050,thailand,,,bulk,,,,,th,,,
log,สบ72-2995,thailand,,,bulk,,,,,th,,,
log,สบ71-1717,thailand,,,bulk,,,,,th,,,
log,สบ70-9532,thailand,,,bulk,,,,,th,,,
log,สค70-8118,thailand,,,bulk,,,,,th,,,
log,นบ83-1277,thailand,,,bulk,,,,,th,,,
log,สบ70-5051,thailand,,,bulk,,,,,th,,,
log,สบ70-5084,thailand,,,bulk,,,,,th,,,
log,ชน70-3827,thailand,,,bulk,,,,,th,,,
log,ชน70-3709,thailand,,,bulk,,,,,th,,,
log,ชน70-3707,thailand,,,bulk,,,,,th,,,
log,อย70-7595,thailand,,,bulk,,,,,th,,,
log,นฐ72-5561,thailand,,,bulk,,,,,th,,,
log,กท700-1745,thailand,,,bulk,,,,,th,,,
log,ชน70-4089,thailand,,,bulk,,,,,th,,,
log,ชน70-3961,thailand,,,bulk,,,,,th,,,
log,นบ70-7877,thailand,,,bulk,,,,,th,,,
log,อย70-5429,thailand,,,bulk,,,,,th,,,
log,กท69-9632,thailand,,,bulk,,,,,th,,,
log,สบ72-5578,thailand,,,bulk,,,,,th,,,
log,สร70-4490,thailand,,,bulk,,,,,th,,,
log,สร70-4542,thailand,,,bulk,,,,,th,,,
log,สบ73-1745,thailand,,,bulk,,,,,th,,,
log,สบ71-8439,thailand,,,bulk,,,,,th,,,
log,สป74-7427,thailand,,,bulk,,,,,th,,,
log,นว70-4084,thailand,,,bulk,,,,,th,,,
log,ชน70-4001,thailand,,,bulk,,,,,th,,,
log,ชน70-4088,thailand,,,bulk,,,,,th,,,
log,สบ73-2037,thailand,,,bulk,,,,,th,,,
log,กท700-8361,thailand,,,bulk,,,,,th,,,
log,อย70-8343,thailand,,,bulk,,,,,th,,,
log,กท67-2612,thailand,,,bulk,,,,,th,,,
log,สบ71-3195,thailand,,,bulk,,,,,th,,,
log,นบ70-5450,thailand,,,bulk,,,,,th,,,
log,รบ70-6336,thailand,,,bulk,,,,,th,,,
log,รบ70-7768,thailand,,,bulk,,,,,th,,,
log,สบ71-2648,thailand,,,bulk,,,,,th,,,
log,สบ71-0158,thailand,,,bulk,,,,,th,,,
log,กท69-3435,thailand,,,bulk,,,,,th,,,
log,กท68-9327,thailand,,,bulk,,,,,th,,,
log,กท69-9391,thailand,,,bulk,,,,,th,,,
log,สบ70-5172,thailand,,,bulk,,,,,th,,,
log,สบ71-2220,thailand,,,bulk,,,,,th,,,
log,สบ73-0257,thailand,,,bulk,,,,,th,,,
log,อย70-0659,thailand,,,bulk,,,,,th,,,
log,กท73-2361,thailand,,,bulk,,,,,th,,,
log,อย70-1115,thailand,,,bulk,,,,,th,,,
log,อย70-6826,thailand,,,bulk,,,,,th,,,
log,อย70-2552,thailand,,,bulk,,,,,th,,,
log,สบ70-8213,thailand,,,bulk,,,,,th,,,
log,อย70-2594,thailand,,,bulk,,,,,th,,,
log,สค70-8010,thailand,,,bulk,,,,,th,,,
log,อย70-6812,thailand,,,bulk,,,,,th,,,
log,นฐ72-4811,thailand,,,bulk,,,,,th,,,
log,สบ71-0159,thailand,,,bulk,,,,,th,,,
log,อย70-1851,thailand,,,bulk,,,,,th,,,
log,สข71-3801,thailand,,,bulk,,,,,th,,,
log,สข71-5144,thailand,,,bulk,,,,,th,,,
log,สข71-5986,thailand,,,bulk,,,,,th,,,
log,อย70-0736,thailand,,,bulk,,,,,th,,,
log,สข71-5545,thailand,,,bulk,,,,,th,,,
log,สบ71-0625,thailand,,,bulk,,,,,th,,,
log,นบ83-9222,thailand,,,bulk,,,,,th,,,
log,สบ71-6000,thailand,,,bulk,,,,,th,,,
log,สบ71-6713,thailand,,,bulk,,,,,th,,,
log,สบ72-3680,thailand,,,bulk,,,,,th,,,
log,กท61-8288,thailand,,,bulk,,,,,th,,,
log,นบ83-9292,thailand,,,bulk,,,,,th,,,
log,สบ72-9597,thailand,,,bulk,,,,,th,,,
log,อย70-5072,thailand,,,bulk,,,,,th,,,
log,กท700-1497,thailand,,,bulk,,,,,th,,,
log,สบ70-9863,thailand,,,bulk,,,,,th,,,
log,สบ71-5148,thailand,,,bulk,,,,,th,,,
log,สบ71-0635,thailand,,,bulk,,,,,th,,,
log,สค70-7224,thailand,,,bulk,,,,,th,,,
log,สบ72-7457,thailand,,,bulk,,,,,th,,,
log,สบ71-2077,thailand,,,bulk,,,,,th,,,
log,สค71-1010,thailand,,,bulk,,,,,th,,,
log,สบ72-0084,thailand,,,bulk,,,,,th,,,
log,ปข70-4657,thailand,,,bulk,,,,,th,,,
log,สค71-0610,thailand,,,bulk,,,,,th,,,
log,สค70-7157,thailand,,,bulk,,,,,th,,,
log,นว70-4892,thailand,,,bulk,,,,,th,,,
log,สบ71-0639,thailand,,,bulk,,,,,th,,,
log,นบ71-0777,thailand,,,bulk,,,,,th,,,
log,สบ70-5449,thailand,,,bulk,,,,,th,,,
log,กท60-7007,thailand,,,bulk,,,,,th,,,
log,อย70-7590,thailand,,,bulk,,,,,th,,,
log,สบ71-2192,thailand,,,bulk,,,,,th,,,
log,กท67-5745,thailand,,,bulk,,,,,th,,,
log,ชน70-4105,thailand,,,bulk,,,,,th,,,
log,ชน70-3830,thailand,,,bulk,,,,,th,,,
log,ชน70-3764,thailand,,,bulk,,,,,th,,,
log,ชน70-3763,thailand,,,bulk,,,,,th,,,
log,ชน70-3715,thailand,,,bulk,,,,,th,,,
log,นบ71-2882,thailand,,,bulk,,,,,th,,,
log,ชน70-3938,thailand,,,bulk,,,,,th,,,
log,ชน70-3998,thailand,,,bulk,,,,,th,,,
log,นฐ72-8709,thailand,,,bulk,,,,,th,,,
log,นฐ72-8711,thailand,,,bulk,,,,,th,,,
log,นฐ73-0449,thailand,,,bulk,,,,,th,,,
log,นฐ73-1182,thailand,,,bulk,,,,,th,,,
log,สบ73-1668,thailand,,,bulk,,,,,th,,,
log,สบ73-1425,thailand,,,bulk,,,,,th,,,
log,อย70-0745,thailand,,,bulk,,,,,th,,,
log,กท700-7648,thailand,,,bulk,,,,,th,,,
log,ชน70-3959,thailand,,,bulk,,,,,th,,,
log,สบ73-1967,thailand,,,bulk,,,,,th,,,
log,สบ73-2045,thailand,,,bulk,,,,,th,,,
log,นว70-3979,thailand,,,bulk,,,,,th,,,
log,กท67-9488,thailand,,,bulk,,,,,th,,,
log,นว70-8002,thailand,,,bulk,,,,,th,,,
log,นบ70-9877,thailand,,,bulk,,,,,th,,,
log,อย70-8640,thailand,,,bulk,,,,,th,,,
log,นว70-8070,thailand,,,bulk,,,,,th,,,
log,สบ71-0324,thailand,,,bulk,,,,,th,,,
log,อย70-8638,thailand,,,bulk,,,,,th,,,
log,สบ71-0077,thailand,,,bulk,,,,,th,,,
log,อย70-2283,thailand,,,bulk,,,,,th,,,
log,สค70-8937,thailand,,,bulk,,,,,th,,,
log,อย70-2595,thailand,,,bulk,,,,,th,,,
log,กท73-1274,thailand,,,bulk,,,,,th,,,
log,สบ70-9898,thailand,,,bulk,,,,,th,,,
log,สบ70-2982,thailand,,,bulk,,,,,th,,,
log,กท65-8156,thailand,,,bulk,,,,,th,,,
log,สบ72-1716,thailand,,,bulk,,,,,th,,,
log,อย70-1844,thailand,,,bulk,,,,,th,,,
log,สบ72-6928,thailand,,,bulk,,,,,th,,,
log,กท62-4559,thailand,,,bulk,,,,,th,,,
log,สค70-8013,thailand,,,bulk,,,,,th,,,
log,สบ71-2557,thailand,,,bulk,,,,,th,,,
log,สบ71-8404,thailand,,,bulk,,,,,th,,,
log,สค71-0893,thailand,,,bulk,,,,,th,,,
log,ขก70-9863,thailand,,,bulk,,,,,th,,,
log,อย70-5569,thailand,,,bulk,,,,,th,,,
log,สบ71-0162,thailand,,,bulk,,,,,th,,,
log,สข71-5962,thailand,,,bulk,,,,,th,,,
log,อย70-5489,thailand,,,bulk,,,,,th,,,
log,อย70-9595,thailand,,,bulk,,,,,th,,,
log,นว71-2896,thailand,,,bulk,,,,,th,,,
log,กท700-3668,thailand,,,bulk,,,,,th,,,
log,กท65-2901,thailand,,,bulk,,,,,th,,,
log,นบ71-1255,thailand,,,bulk,,,,,th,,,
log,สบ71-4732,thailand,,,bulk,,,,,th,,,
log,สบ70-2976,thailand,,,bulk,,,,,th,,,
log,สค70-7226,thailand,,,bulk,,,,,th,,,
log,สบ72-1956,thailand,,,bulk,,,,,th,,,
log,สบ70-4975,thailand,,,bulk,,,,,th,,,
log,สบ72-9621,thailand,,,bulk,,,,,th,,,
log,ขก71-1684,thailand,,,bulk,,,,,th,,,
log,สบ73-1241,thailand,,,bulk,,,,,th,,,
log,สบ70-5150,thailand,,,bulk,,,,,th,,,
log,สค70-8117,thailand,,,bulk,,,,,th,,,
log,สค70-8119,thailand,,,bulk,,,,,th,,,
log,กท73-9251,thailand,,,bulk,,,,,th,,,
log,สค70-7254,thailand,,,bulk,,,,,th,,,
log,สบ72-7455,thailand,,,bulk,,,,,th,,,
log,กท69-2173,thailand,,,bulk,,,,,th,,,
log,สค70-7252,thailand,,,bulk,,,,,th,,,
log,สค71-0606,thailand,,,bulk,,,,,th,,,
log,นฐ73-0100,thailand,,,bulk,,,,,th,,,
log,สบ71-6714,thailand,,,bulk,,,,,th,,,
log,นว70-4086,thailand,,,bulk,,,,,th,,,
log,นบ83-6555,thailand,,,bulk,,,,,th,,,
log,นฐ73-0101,thailand,,,bulk,,,,,th,,,
log,อย70-1757,thailand,,,bulk,,,,,th,,,
log,นบ71-1222,thailand,,,bulk,,,,,th,,,
log,สบ70-9505,thailand,,,bulk,,,,,th,,,
log,สบ71-9779,thailand,,,bulk,,,,,th,,,
log,ขก71-1041,thailand,,,bulk,,,,,th,,,
log,ปข70-5515,thailand,,,bulk,,,,,th,,,
log,ชน70-3787,thailand,,,bulk,,,,,th,,,
log,ชน70-3765,thailand,,,bulk,,,,,th,,,
log,ชน70-3706,thailand,,,bulk,,,,,th,,,
log,สบ73-1068,thailand,,,bulk,,,,,th,,,
log,สบ73-1444,thailand,,,bulk,,,,,th,,,
log,นบ71-2788,thailand,,,bulk,,,,,th,,,
log,กท65-8155,thailand,,,bulk,,,,,th,,,
log,กท69-3987,thailand,,,bulk,,,,,th,,,
log,นฐ72-7511,thailand,,,bulk,,,,,th,,,
log,นฐ72-7515,thailand,,,bulk,,,,,th,,,
log,นฐ73-0417,thailand,,,bulk,,,,,th,,,
log,นฐ73-1195,thailand,,,bulk,,,,,th,,,
log,สบ72-7038,thailand,,,bulk,,,,,th,,,
log,สบ72-8258,thailand,,,bulk,,,,,th,,,
log,สบ72-4312,thailand,,,bulk,,,,,th,,,
log,สร70-4003,thailand,,,bulk,,,,,th,,,
log,สร70-4287,thailand,,,bulk,,,,,th,,,
log,นบ70-8756,thailand,,,bulk,,,,,th,,,
log,อย70-4016,thailand,,,bulk,,,,,th,,,
log,อย70-7220,thailand,,,bulk,,,,,th,,,
log,อย70-4014,thailand,,,bulk,,,,,th,,,
log,ชน70-4280,thailand,,,bulk,,,,,th,,,
log,ชน70-3995,thailand,,,bulk,,,,,th,,,
log,ชน70-4096,thailand,,,bulk,,,,,th,,,
log,ชน70-4103,thailand,,,bulk,,,,,th,,,
log,สฎ83-5207,thailand,,,bulk,,,,,th,,,
log,นฐ73-4851,thailand,,,bulk,,,,,th,,,
log,นฐ73-4854,thailand,,,bulk,,,,,th,,,
log,สบ71-2224,thailand,,,bulk,,,,,th,,,
log,สบ72-3747,thailand,,,bulk,,,,,th,,,
log,นบ70-5312,thailand,,,bulk,,,,,th,,,
log,สค70-8470,thailand,,,bulk,,,,,th,,,
log,อย70-7664,thailand,,,bulk,,,,,th,,,
log,อย70-5475,thailand,,,bulk,,,,,th,,,
log,สบ71-2649,thailand,,,bulk,,,,,th,,,
log,สบ70-6789,thailand,,,bulk,,,,,th,,,
log,กท69-7159,thailand,,,bulk,,,,,th,,,
log,นว70-8325,thailand,,,bulk,,,,,th,,,
log,กท68-8316,thailand,,,bulk,,,,,th,,,
log,สบ72-9760,thailand,,,bulk,,,,,th,,,
log,ปข70-4667,thailand,,,bulk,,,,,th,,,
log,สบ70-5156,thailand,,,bulk,,,,,th,,,
log,กท65-6397,thailand,,,bulk,,,,,th,,,
log,กท73-1276,thailand,,,bulk,,,,,th,,,
log,นบ71-1688,thailand,,,bulk,,,,,th,,,
log,กท73-8466,thailand,,,bulk,,,,,th,,,
log,อย70-5471,thailand,,,bulk,,,,,th,,,
log,นว70-8072,thailand,,,bulk,,,,,th,,,
log,สค71-0892,thailand,,,bulk,,,,,th,,,
log,สบ73-0113,thailand,,,bulk,,,,,th,,,
log,สบ73-0114,thailand,,,bulk,,,,,th,,,
log,อย70-7115,thailand,,,bulk,,,,,th,,,
log,สบ72-3545,thailand,,,bulk,,,,,th,,,
log,นบ83-8558,thailand,,,bulk,,,,,th,,,
log,สค71-0891,thailand,,,bulk,,,,,th,,,
log,สบ71-6712,thailand,,,bulk,,,,,th,,,
log,สค71-0896,thailand,,,bulk,,,,,th,,,
log,ปข70-5875,thailand,,,bulk,,,,,th,,,
log,สค71-0894,thailand,,,bulk,,,,,th,,,
log,ขก71-1680,thailand,,,bulk,,,,,th,,,
log,กท73-7192,thailand,,,bulk,,,,,th,,,
log,สบ71-8408,thailand,,,bulk,,,,,th,,,
log,อย70-8637,thailand,,,bulk,,,,,th,,,
log,อย70-1113,thailand,,,bulk,,,,,th,,,
log,สข71-5695,thailand,,,bulk,,,,,th,,,
log,อย70-5493,thailand,,,bulk,,,,,th,,,
log,นบ71-2772,thailand,,,bulk,,,,,th,,,
log,กท60-7003,thailand,,,bulk,,,,,th,,,
log,สบ71-9869,thailand,,,bulk,,,,,th,,,
log,สบ71-6489,thailand,,,bulk,,,,,th,,,
log,รบ70-5989,thailand,,,bulk,,,,,th,,,
log,สบ71-0044,thailand,,,bulk,,,,,th,,,
log,อย70-2592,thailand,,,bulk,,,,,th,,,
log,นบ71-1888,thailand,,,bulk,,,,,th,,,
log,นบ71-1819,thailand,,,bulk,,,,,th,,,
log,นบ71-1788,thailand,,,bulk,,,,,th,,,
log,นว70-7996,thailand,,,bulk,,,,,th,,,
log,สบ70-1141,thailand,,,bulk,,,,,th,,,
log,สค70-7225,thailand,,,bulk,,,,,th,,,
log,สบ72-9300,thailand,,,bulk,,,,,th,,,
log,อย70-7218,thailand,,,bulk,,,,,th,,,
log,สบ70-6788,thailand,,,bulk,,,,,th,,,
log,นบ70-8889,thailand,,,bulk,,,,,th,,,
log,อย70-0749,thailand,,,bulk,,,,,th,,,
log,กท700-3665,thailand,,,bulk,,,,,th,,,
log,สบ70-2978,thailand,,,bulk,,,,,th,,,
log,สค71-1012,thailand,,,bulk,,,,,th,,,
log,สค71-1013,thailand,,,bulk,,,,,th,,,
log,นบ71-2222,thailand,,,bulk,,,,,th,,,
log,สค71-0607,thailand,,,bulk,,,,,th,,,
log,สค71-0605,thailand,,,bulk,,,,,th,,,
log,นว70-3969,thailand,,,bulk,,,,,th,,,
log,นฐ73-0103,thailand,,,bulk,,,,,th,,,
log,สบ71-6060,thailand,,,bulk,,,,,th,,,
log,กท65-5859,thailand,,,bulk,,,,,th,,,
log,สบ72-9666,thailand,,,bulk,,,,,th,,,
log,สค70-5919,thailand,,,bulk,,,,,th,,,
log,กท65-5872,thailand,,,bulk,,,,,th,,,
log,สบ70-9864,thailand,,,bulk,,,,,th,,,
log,นว70-4080,thailand,,,bulk,,,,,th,,,
log,สบ70-5783,thailand,,,bulk,,,,,th,,,
log,กท73-4733,thailand,,,bulk,,,,,th,,,
log,นบ71-0888,thailand,,,bulk,,,,,th,,,
log,กท74-7931,thailand,,,bulk,,,,,th,,,
log,สบ72-3338,thailand,,,bulk,,,,,th,,,
log,สบ70-9999,thailand,,,bulk,,,,,th,,,
log,ชน70-4004,thailand,,,bulk,,,,,th,,,
log,ชน70-3829,thailand,,,bulk,,,,,th,,,
log,ชน70-3788,thailand,,,bulk,,,,,th,,,
log,ขก71-1682,thailand,,,bulk,,,,,th,,,
log,ขก71-1039,thailand,,,bulk,,,,,th,,,
log,นว70-4066,thailand,,,bulk,,,,,th,,,
log,สบ71-8283,thailand,,,bulk,,,,,th,,,
log,ชน70-3981,thailand,,,bulk,,,,,th,,,
log,ชน70-3940,thailand,,,bulk,,,,,th,,,
log,นฐ72-9828,thailand,,,bulk,,,,,th,,,
log,สบ72-3257,thailand,,,bulk,,,,,th,,,
log,นบ70-9255,thailand,,,bulk,,,,,th,,,
log,สร70-1030,thailand,,,bulk,,,,,th,,,
log,สร70-4148,thailand,,,bulk,,,,,th,,,
log,สร70-4285,thailand,,,bulk,,,,,th,,,
log,สบ73-1767,thailand,,,bulk,,,,,th,,,
log,กท69-5940,thailand,,,bulk,,,,,th,,,
log,ชน70-3939,thailand,,,bulk,,,,,th,,,
log,อย70-3201,thailand,,,bulk,,,,,th,,,
log,สฎ83-5205,thailand,,,bulk,,,,,th,,,
log,นว71-3250,thailand,,,bulk,,,,,th,,,
log,สบ73-1789,thailand,,,bulk,,,,,th,,,
log,ชน70-4018,thailand,,,bulk,,,,,th,,,
log,ชน70-3982,thailand,,,bulk,,,,,th,,,
log,นฐ73-4824,thailand,,,bulk,,,,,th,,,
log,สบ73-2044,thailand,,,bulk,,,,,th,,,
log,สบ73-1268,thailand,,,bulk,,,,,th,,,
log,นว70-7268,thailand,,,bag,,,,,th,,,
log,กบ70-1375,thailand,,,bag,,,,,th,,,
log,สก81-9447,thailand,,,bag,,,,,th,,,
log,กท63-1967,thailand,,,bag,,,,,th,,,
log,อย70-3140,thailand,,,bag,,,,,th,,,
log,กท73-2364,thailand,,,bag,,,,,th,,,
log,นว70-4078,thailand,,,bag,,,,,th,,,
log,สบ71-7637,thailand,,,bag,,,,,th,,,
log,สบ72-0914,thailand,,,bag,,,,,th,,,
log,อย70-2323,thailand,,,bag,,,,,th,,,
log,สฎ70-5317,thailand,,,bag,,,,,th,,,
log,นว70-4052,thailand,,,bag,,,,,th,,,
log,ชน70-2764,thailand,,,bag,,,,,th,,,
log,นว70-7120,thailand,,,bag,,,,,th,,,
log,สฎ70-4966,thailand,,,bag,,,,,th,,,
log,ปข70-3824,thailand,,,bag,,,,,th,,,
log,ปข70-5258,thailand,,,bag,,,,,th,,,
log,ปข70-3069,thailand,,,bag,,,,,th,,,
log,ปข70-3483,thailand,,,bag,,,,,th,,,
log,ปข70-3928,thailand,,,bag,,,,,th,,,
log,สบ72-9684,thailand,,,bag,,,,,th,,,
log,อด70-6094,thailand,,,bag,,,,,th,,,
log,สบ71-6767,thailand,,,bag,,,,,th,,,
log,อด70-5736,thailand,,,bag,,,,,th,,,
log,อด70-6111,thailand,,,bag,,,,,th,,,
log,ปจ81-6513,thailand,,,bag,,,,,th,,,
log,กท63-1969,thailand,,,bag,,,,,th,,,
log,อด70-6108,thailand,,,bag,,,,,th,,,
log,ชน70-2097,thailand,,,bag,,,,,th,,,
log,ชน70-2676,thailand,,,bag,,,,,th,,,
log,ชน70-3188,thailand,,,bag,,,,,th,,,
log,ชน70-2950,thailand,,,bag,,,,,th,,,
log,ปจ81-6446,thailand,,,bag,,,,,th,,,
log,นภ81-2791,thailand,,,bag,,,,,th,,,
log,อด70-5738,thailand,,,bag,,,,,th,,,
log,อด70-3034,thailand,,,bag,,,,,th,,,
log,สบ72-9751,thailand,,,bag,,,,,th,,,
log,ปจ70-1462,thailand,,,bag,,,,,th,,,
log,ชร70-8031,thailand,,,bag,,,,,th,,,
log,ชร70-8594,thailand,,,bag,,,,,th,,,
log,ขก70-9898,thailand,,,bag,,,,,th,,,
log,นว70-8151,thailand,,,bag,,,,,th,,,
log,อด70-4855,thailand,,,bag,,,,,th,,,
log,อย70-6434,thailand,,,bag,,,,,th,,,
log,ชย82-7130,thailand,,,bag,,,,,th,,,
log,อด70-5432,thailand,,,bag,,,,,th,,,
log,อด70-6112,thailand,,,bag,,,,,th,,,
log,ปท71-6663,thailand,,,bag,,,,,th,,,
log,ปท71-6836,thailand,,,bag,,,,,th,,,
log,ปท71-6819,thailand,,,bag,,,,,th,,,
log,ชร71-0946,thailand,,,bag,,,,,th,,,
log,ชร71-0922,thailand,,,bag,,,,,th,,,
log,ชร70-6820,thailand,,,bag,,,,,th,,,
log,ชร71-1611,thailand,,,bag,,,,,th,,,
log,ชร71-0940,thailand,,,bag,,,,,th,,,
log,ชร71-1615,thailand,,,bag,,,,,th,,,
log,ชร71-0751,thailand,,,bag,,,,,th,,,
log,ชร71-0851,thailand,,,bag,,,,,th,,,
log,ชร71-0897,thailand,,,bag,,,,,th,,,
log,ชร71-0896,thailand,,,bag,,,,,th,,,
log,ชร71-0852,thailand,,,bag,,,,,th,,,
log,ชร70-9451,thailand,,,bag,,,,,th,,,
log,ชร70-9230,thailand,,,bag,,,,,th,,,
log,สฎ70-9650,thailand,,,bag,,,,,th,,,
log,นว70-6303,thailand,,,bag,,,,,th,,,
log,นว70-7680,thailand,,,bag,,,,,th,,,
log,นว70-7270,thailand,,,bag,,,,,th,,,
log,นว70-7682,thailand,,,bag,,,,,th,,,
log,สบ72-0912,thailand,,,bag,,,,,th,,,
log,ลป70-7168,thailand,,,bag,,,,,th,,,
log,สบ72-0968,thailand,,,bag,,,,,th,,,
log,นว70-2727,thailand,,,bag,,,,,th,,,
log,อย70-3101,thailand,,,bag,,,,,th,,,
log,ชน70-2637,thailand,,,bag,,,,,th,,,
log,สฎ70-5807,thailand,,,bag,,,,,th,,,
log,สบ72-0740,thailand,,,bag,,,,,th,,,
log,กบ70-1561,thailand,,,bag,,,,,th,,,
log,สบ72-3820,thailand,,,bag,,,,,th,,,
log,บร83-5094,thailand,,,bag,,,,,th,,,
log,กบ70-1249,thailand,,,bag,,,,,th,,,
log,อด70-6151,thailand,,,bag,,,,,th,,,
log,ปข70-5493,thailand,,,bag,,,,,th,,,
log,ปข70-3163,thailand,,,bag,,,,,th,,,
log,ปข70-6109,thailand,,,bag,,,,,th,,,
log,ปข70-3426,thailand,,,bag,,,,,th,,,
log,ปข70-3117,thailand,,,bag,,,,,th,,,
log,อด70-6092,thailand,,,bag,,,,,th,,,
log,อด70-7068,thailand,,,bag,,,,,th,,,
log,อด70-7090,thailand,,,bag,,,,,th,,,
log,ปจ81-6447,thailand,,,bag,,,,,th,,,
log,กท60-9630,thailand,,,bag,,,,,th,,,
log,ปจ81-6519,thailand,,,bag,,,,,th,,,
log,ปจ70-2901,thailand,,,bag,,,,,th,,,
log,ชน70-2681,thailand,,,bag,,,,,th,,,
log,ชน70-3234,thailand,,,bag,,,,,th,,,
log,นว70-8407,thailand,,,bag,,,,,th,,,
log,นว70-8869,thailand,,,bag,,,,,th,,,
log,สฎ70-5609,thailand,,,bag,,,,,th,,,
log,สบ72-8157,thailand,,,bag,,,,,th,,,
log,กท61-0166,thailand,,,bag,,,,,th,,,
log,ชร70-8590,thailand,,,bag,,,,,th,,,
log,นว71-1189,thailand,,,bag,,,,,th,,,
log,ลป70-8526,thailand,,,bag,,,,,th,,,
log,ลป70-5183,thailand,,,bag,,,,,th,,,
log,ลป70-5608,thailand,,,bag,,,,,th,,,
log,ลป70-8525,thailand,,,bag,,,,,th,,,
log,ลป70-6074,thailand,,,bag,,,,,th,,,
log,ลป70-9036,thailand,,,bag,,,,,th,,,
log,ลป70-8935,thailand,,,bag,,,,,th,,,
log,ลป70-8937,thailand,,,bag,,,,,th,,,
log,สฎ70-9708,thailand,,,bag,,,,,th,,,
log,สฎ70-7940,thailand,,,bag,,,,,th,,,
log,สฎ70-7932,thailand,,,bag,,,,,th,,,
log,นม71-8251,thailand,,,bag,,,,,th,,,
log,สบ72-7587,thailand,,,bag,,,,,th,,,
log,สบ71-1272,thailand,,,bag,,,,,th,,,
log,สบ70-9412,thailand,,,bag,,,,,th,,,
log,ชม71-1103,thailand,,,bag,,,,,th,,,
log,สบ71-5995,thailand,,,bag,,,,,th,,,
log,อด70-3139,thailand,,,bag,,,,,th,,,
log,ปท71-6838,thailand,,,bag,,,,,th,,,
log,ชร71-1636,thailand,,,bag,,,,,th,,,
log,ชร70-9247,thailand,,,bag,,,,,th,,,
log,ชร71-0918,thailand,,,bag,,,,,th,,,
log,ชร70-6822,thailand,,,bag,,,,,th,,,
log,ชร70-9586,thailand,,,bag,,,,,th,,,
log,ชร70-9452,thailand,,,bag,,,,,th,,,
log,ชร70-9229,thailand,,,bag,,,,,th,,,
log,สบ72-6162,thailand,,,bag,,,,,th,,,
log,อย70-3097,thailand,,,bag,,,,,th,,,
log,สบ72-0321,thailand,,,bag,,,,,th,,,
log,ปจ81-6461,thailand,,,bag,,,,,th,,,
log,อย70-5437,thailand,,,bag,,,,,th,,,
log,สบ71-9595,thailand,,,bag,,,,,th,,,
log,อย70-3061,thailand,,,bag,,,,,th,,,
log,นว70-8139,thailand,,,bag,,,,,th,,,
log,สห70-1380,thailand,,,bag,,,,,th,,,
log,สห70-1394,thailand,,,bag,,,,,th,,,
log,อด70-7216,thailand,,,bag,,,,,th,,,
log,อด70-7218,thailand,,,bag,,,,,th,,,
log,สบ71-9973,thailand,,,bag,,,,,th,,,
log,กท63-7482,thailand,,,bag,,,,,th,,,
log,ชย83-6580,thailand,,,bag,,,,,th,,,
log,สฎ70-7936,thailand,,,bag,,,,,th,,,
log,ปจ81-6450,thailand,,,bag,,,,,th,,,
log,อย70-5427,thailand,,,bag,,,,,th,,,
log,สบ71-2593,thailand,,,bag,,,,,th,,,
log,รบ70-9672,thailand,,,bag,,,,,th,,,
log,ชย83-0437,thailand,,,bag,,,,,th,,,
log,กพ70-2746,thailand,,,bag,,,,,th,,,
log,อย83-0483,thailand,,,bag,,,,,th,,,
log,กพ70-3326,thailand,,,bag,,,,,th,,,
log,อย70-3107,thailand,,,bag,,,,,th,,,
log,นว70-8147,thailand,,,bag,,,,,th,,,
log,พล70-4110,thailand,,,bag,,,,,th,,,
log,พล70-4082,thailand,,,bag,,,,,th,,,
log,นว70-3247,thailand,,,bag,,,,,th,,,
log,นว70-3313,thailand,,,bag,,,,,th,,,
log,ปท71-6171,thailand,,,bag,,,,,th,,,
log,ชร70-6826,thailand,,,bag,,,,,th,,,
log,นว70-4554,thailand,,,bag,,,,,th,,,
log,อย71-2584,thailand,,,bag,,,,,th,,,
log,สบ85-4174,thailand,,,bag,,,,,th,,,
log,นม88-3171,thailand,,,bag,,,,,th,,,
log,สบ71-8823,thailand,,,bag,,,,,th,,,
log,สบ72-8732,thailand,,,bag,,,,,th,,,
log,อย70-2329,thailand,,,bag,,,,,th,,,
log,สบ70-8070,thailand,,,bag,,,,,th,,,
log,สบ72-0877,thailand,,,bag,,,,,th,,,
log,อด70-7283,thailand,,,bag,,,,,th,,,
log,นว70-3972,thailand,,,bag,,,,,th,,,
log,สบ73-1039,thailand,,,bag,,,,,th,,,
log,นว70-8119,thailand,,,bag,,,,,th,,,
log,กท63-1970,thailand,,,bag,,,,,th,,,
log,สบ73-0617,thailand,,,bag,,,,,th,,,
log,กท61-9917,thailand,,,bag,,,,,th,,,
log,สบ72-3758,thailand,,,bag,,,,,th,,,
log,ชร70-9231,thailand,,,bag,,,,,th,,,
log,ชร71-0752,thailand,,,bag,,,,,th,,,
log,ชร70-9508,thailand,,,bag,,,,,th,,,
log,ชร71-0809,thailand,,,bag,,,,,th,,,
log,ชร71-1634,thailand,,,bag,,,,,th,,,
log,ชร70-9246,thailand,,,bag,,,,,th,,,
log,ชร71-0807,thailand,,,bag,,,,,th,,,
log,ชร70-9101,thailand,,,bag,,,,,th,,,
log,ชร71-1464,thailand,,,bag,,,,,th,,,
log,ชร71-0732,thailand,,,bag,,,,,th,,,
log,สฎ70-9646,thailand,,,bag,,,,,th,,,
log,ชพ70-5200,thailand,,,bag,,,,,th,,,
log,ปข70-2495,thailand,,,bag,,,,,th,,,
log,สบ71-0333,thailand,,,bag,,,,,th,,,
log,มค82-2105,thailand,,,bag,,,,,th,,,
log,ปท71-2178,thailand,,,bag,,,,,th,,,
log,ปจ81-6518,thailand,,,bag,,,,,th,,,
log,ปจ81-6502,thailand,,,bag,,,,,th,,,
log,ลป70-5555,thailand,,,bag,,,,,th,,,
log,ปจ82-2359,thailand,,,bag,,,,,th,,,
log,มค82-2241,thailand,,,bag,,,,,th,,,
log,อย70-4891,thailand,,,bag,,,,,th,,,
log,นว70-3207,thailand,,,bag,,,,,th,,,
log,สห70-1382,thailand,,,bag,,,,,th,,,
log,สห70-1395,thailand,,,bag,,,,,th,,,
log,นม71-6017,thailand,,,bag,,,,,th,,,
log,อย71-6581,thailand,,,bag,,,,,th,,,
log,ปข70-5330,thailand,,,bag,,,,,th,,,
log,อด70-7224,thailand,,,bag,,,,,th,,,
log,สบ72-3602,thailand,,,bag,,,,,th,,,
log,สบ72-7734,thailand,,,bag,,,,,th,,,
log,นว70-3155,thailand,,,bag,,,,,th,,,
log,นว70-3040,thailand,,,bag,,,,,th,,,
log,อย72-0606,thailand,,,bag,,,,,th,,,
log,สบ72-1529,thailand,,,bag,,,,,th,,,
log,สบ71-7488,thailand,,,bag,,,,,th,,,
log,สฎ70-7758,thailand,,,bag,,,,,th,,,
log,ชย83-6310,thailand,,,bag,,,,,th,,,
log,กท63-0597,thailand,,,bag,,,,,th,,,
log,ชย83-5049,thailand,,,bag,,,,,th,,,
log,ปจ81-6437,thailand,,,bag,,,,,th,,,
log,ปจ81-6483,thailand,,,bag,,,,,th,,,
log,สบ72-3637,thailand,,,bag,,,,,th,,,
log,นว70-8121,thailand,,,bag,,,,,th,,,
log,ปข70-2945,thailand,,,bag,,,,,th,,,
log,อย70-6462,thailand,,,bag,,,,,th,,,
log,อย70-6465,thailand,,,bag,,,,,th,,,
log,สบ72-0821,thailand,,,bag,,,,,th,,,
log,ขก82-4223,thailand,,,bag,,,,,th,,,
log,อย70-5447,thailand,,,bag,,,,,th,,,
log,ชย81-7764,thailand,,,bag,,,,,th,,,
log,สบ72-2337,thailand,,,bag,,,,,th,,,
log,ขก85-4303,thailand,,,bag,,,,,th,,,
log,นว70-8294,thailand,,,bag,,,,,th,,,
log,นว70-3048,thailand,,,bag,,,,,th,,,
log,อย71-2585,thailand,,,bag,,,,,th,,,
log,นว70-8125,thailand,,,bag,,,,,th,,,
log,อด70-5249,thailand,,,bag,,,,,th,,,
log,สป73-0349,thailand,,,bag,,,,,th,,,
log,อย70-3113,thailand,,,bag,,,,,th,,,
log,อย71-0717,thailand,,,bag,,,,,th,,,
log,นว70-8137,thailand,,,bag,,,,,th,,,
log,ปจ81-6486,thailand,,,bag,,,,,th,,,
log,กพ70-5044,thailand,,,bag,,,,,th,,,
log,สบ72-3379,thailand,,,bag,,,,,th,,,
log,ขก84-8040,thailand,,,bag,,,,,th,,,
log,สฎ70-6312,thailand,,,bag,,,,,th,,,
log,ลป70-9089,thailand,,,bag,,,,,th,,,
log,กท60-8086,thailand,,,bag,,,,,th,,,
log,มค70-4114,thailand,,,bag,,,,,th,,,
log,สบ72-0918,thailand,,,bag,,,,,th,,,
log,สบ72-0928,thailand,,,bag,,,,,th,,,
log,สบ72-0930,thailand,,,bag,,,,,th,,,
log,สบ72-1813,thailand,,,bag,,,,,th,,,
log,กท61-2418,thailand,,,bag,,,,,th,,,
log,สบบห-931,thailand,,,bag,,,,,th,,,
log,ปข70-3858,thailand,,,bag,,,,,th,,,
log,ปข70-3762,thailand,,,bag,,,,,th,,,
log,ปข70-6655,thailand,,,bag,,,,,th,,,
log,ปข70-3457,thailand,,,bag,,,,,th,,,
log,กท71-8904,thailand,,,bag,,,,,th,,,
log,อย71-6590,thailand,,,bag,,,,,th,,,
log,นม71-6476,thailand,,,bag,,,,,th,,,
log,อด70-2225,thailand,,,bag,,,,,th,,,
log,สห70-1881,thailand,,,bag,,,,,th,,,
log,อด70-5724,thailand,,,bag,,,,,th,,,
log,สบ71-2597,thailand,,,bag,,,,,th,,,
log,สบ83-7342,thailand,,,bag,,,,,th,,,
log,ปจ81-6460,thailand,,,bag,,,,,th,,,
log,สบ72-3776,thailand,,,bag,,,,,th,,,
log,กท65-4458,thailand,,,bag,,,,,th,,,
log,อด70-6113,thailand,,,bag,,,,,th,,,
log,อด70-5728,thailand,,,bag,,,,,th,,,
log,อด70-6751,thailand,,,bag,,,,,th,,,
log,อด70-5757,thailand,,,bag,,,,,th,,,
log,ปจ70-2924,thailand,,,bag,,,,,th,,,
log,ปจ70-2900,thailand,,,bag,,,,,th,,,
log,ขก70-9913,thailand,,,bag,,,,,th,,,
log,ชน70-1734,thailand,,,bag,,,,,th,,,
log,ชน70-2721,thailand,,,bag,,,,,th,,,
log,ชน70-3221,thailand,,,bag,,,,,th,,,
log,นว71-0850,thailand,,,bag,,,,,th,,,
log,นว70-9014,thailand,,,bag,,,,,th,,,
log,นฐ72-0404,thailand,,,bag,,,,,th,,,
log,อย70-5403,thailand,,,bag,,,,,th,,,
log,ปจ70-1464,thailand,,,bag,,,,,th,,,
log,ปจ70-1463,thailand,,,bag,,,,,th,,,
log,ปจ70-1210,thailand,,,bag,,,,,th,,,
log,ปจ70-1214,thailand,,,bag,,,,,th,,,
log,ชร70-8035,thailand,,,bag,,,,,th,,,
log,ปจ81-6525,thailand,,,bag,,,,,th,,,
log,ลป70-5620,thailand,,,bag,,,,,th,,,
log,ลป70-6080,thailand,,,bag,,,,,th,,,
log,ลป70-8738,thailand,,,bag,,,,,th,,,
log,ลป70-9098,thailand,,,bag,,,,,th,,,
log,ชม71-0932,thailand,,,bag,,,,,th,,,
log,สบ72-1746,thailand,,,bag,,,,,th,,,
log,ปจ81-6448,thailand,,,bag,,,,,th,,,
log,อด70-4925,thailand,,,bag,,,,,th,,,
log,สบ71-1271,thailand,,,bag,,,,,th,,,
log,สบ70-9879,thailand,,,bag,,,,,th,,,
log,สฎ70-9712,thailand,,,bag,,,,,th,,,
log,อด70-3046,thailand,,,bag,,,,,th,,,
log,สฎ70-6308,thailand,,,bag,,,,,th,,,
log,สท70-4093,thailand,,,bag,,,,,th,,,
log,ขก82-0627,thailand,,,bag,,,,,th,,,
log,สบบห-4363,thailand,,,bag,,,,,th,,,
log,สบ71-4154,thailand,,,bag,,,,,th,,,
log,อด70-7281,thailand,,,bag,,,,,th,,,
log,สบ73-0126,thailand,,,bag,,,,,th,,,
log,กท61-3635,thailand,,,bag,,,,,th,,,
log,อย70-3109,thailand,,,bag,,,,,th,,,
log,อย70-3195,thailand,,,bag,,,,,th,,,
log,อด70-2186,thailand,,,bag,,,,,th,,,
log,สบ71-2222,thailand,,,bag,,,,,th,,,
log,ชร71-0944,thailand,,,bag,,,,,th,,,
log,ชร71-0920,thailand,,,bag,,,,,th,,,
log,ชร71-0806,thailand,,,bag,,,,,th,,,
log,ชร71-1466,thailand,,,bag,,,,,th,,,
log,ชร71-1613,thailand,,,bag,,,,,th,,,
log,ชร71-1468,thailand,,,bag,,,,,th,,,
log,ชร70-9506,thailand,,,bag,,,,,th,,,
log,ชร71-1462,thailand,,,bag,,,,,th,,,
log,ชร71-0924,thailand,,,bag,,,,,th,,,
log,ชร70-6962,thailand,,,bag,,,,,th,,,
log,ชร70-9450,thailand,,,bag,,,,,th,,,
log,ชร71-0850,thailand,,,bag,,,,,th,,,
log,ชร71-0749,thailand,,,bag,,,,,th,,,
log,ชร71-0733,thailand,,,bag,,,,,th,,,
log,ชร71-1548,thailand,,,bag,,,,,th,,,
log,ชร70-8492,thailand,,,bag,,,,,th,,,
log,สบ86-4495,thailand,,,bag,,,,,th,,,
log,นว70-3209,thailand,,,bag,,,,,th,,,
log,กท69-7700,thailand,,,bag,,,,,th,,,
log,อด70-7206,thailand,,,bag,,,,,th,,,
log,กท63-5825,thailand,,,bag,,,,,th,,,
log,ลพ70-2347,thailand,,,bag,,,,,th,,,
log,ปจ81-6453,thailand,,,bag,,,,,th,,,
log,นว70-8149,thailand,,,bag,,,,,th,,,
log,อด70-7226,thailand,,,bag,,,,,th,,,
log,สบ72-4664,thailand,,,bag,,,,,th,,,
log,นว70-8292,thailand,,,bag,,,,,th,,,
log,อย71-9757,thailand,,,bag,,,,,th,,,
log,สบ71-2599,thailand,,,bag,,,,,th,,,
log,นว70-8145,thailand,,,bag,,,,,th,,,
log,อย70-5424,thailand,,,bag,,,,,th,,,
log,อย70-5407,thailand,,,bag,,,,,th,,,
log,สบ72-3641,thailand,,,bag,,,,,th,,,
log,สฎ70-7938,thailand,,,bag,,,,,th,,,
log,สท70-2942,thailand,,,bag,,,,,th,,,
log,ปจ81-6478,thailand,,,bag,,,,,th,,,
log,สบ71-0389,thailand,,,bag,,,,,th,,,
log,อย70-5409,thailand,,,bag,,,,,th,,,
log,นว70-8141,thailand,,,bag,,,,,th,,,
log,กพ70-2744,thailand,,,bag,,,,,th,,,
log,กพ82-1934,thailand,,,bag,,,,,th,,,
log,อด70-3042,thailand,,,bag,,,,,th,,,
log,สบ72-6148,thailand,,,bag,,,,,th,,,
log,ชย70-4889,thailand,,,bag,,,,,th,,,
log,พล70-5113,thailand,,,bag,,,,,th,,,
log,นว70-8143,thailand,,,bag,,,,,th,,,
log,สบ71-7619,thailand,,,bag,,,,,th,,,
log,สบ71-8118,thailand,,,bag,,,,,th,,,
log,อย71-2587,thailand,,,bag,,,,,th,,,
log,อย71-0719,thailand,,,bag,,,,,th,,,
log,อย70-2337,thailand,,,bag,,,,,th,,,
log,สบ72-6306,thailand,,,bag,,,,,th,,,
log,นว70-8117,thailand,,,bag,,,,,th,,,
log,ปจ70-2874,thailand,,,bag,,,,,th,,,
log,สบ73-0995,thailand,,,bag,,,,,th,,,
log,ปข70-5322,thailand,,,bag,,,,,th,,,
log,นว70-6773,thailand,,,bag,,,,,th,,,
log,นว70-6774,thailand,,,bag,,,,,th,,,
log,นว70-6299,thailand,,,bag,,,,,th,,,
log,นว70-7678,thailand,,,bag,,,,,th,,,
log,อด70-5341,thailand,,,bag,,,,,th,,,
log,สฎ70-5809,thailand,,,bag,,,,,th,,,
log,สฎ70-5485,thailand,,,bag,,,,,th,,,
log,พช82-8565,thailand,,,bag,,,,,th,,,
log,สฎ70-6306,thailand,,,bag,,,,,th,,,
log,อด70-5976,thailand,,,bag,,,,,th,,,
log,สบ71-7848,thailand,,,bag,,,,,th,,,
log,สบ72-0994,thailand,,,bag,,,,,th,,,
log,สบ72-0915,thailand,,,bag,,,,,th,,,
log,สบ72-0916,thailand,,,bag,,,,,th,,,
log,สบ72-0913,thailand,,,bag,,,,,th,,,
log,อย70-2330,thailand,,,bag,,,,,th,,,
log,อย70-3034,thailand,,,bag,,,,,th,,,
log,สฎ70-5592,thailand,,,bag,,,,,th,,,
log,กท63-7833,thailand,,,bag,,,,,th,,,
log,สฎ70-5677,thailand,,,bag,,,,,th,,,
log,สบ72-7329,thailand,,,bag,,,,,th,,,
log,ปข70-3418,thailand,,,bag,,,,,th,,,
log,ชร70-8531,thailand,,,bag,,,,,th,,,
log,ขก83-2066,thailand,,,bag,,,,,th,,,
log,นม86-7195,thailand,,,bag,,,,,th,,,
log,อด70-6104,thailand,,,bag,,,,,th,,,
log,สบ72-3640,thailand,,,bag,,,,,th,,,
log,กท61-2419,thailand,,,bag,,,,,th,,,
log,สบ71-9759,thailand,,,bag,,,,,th,,,
log,อด70-5734,thailand,,,bag,,,,,th,,,
log,กท60-9629,thailand,,,bag,,,,,th,,,
log,อด70-5730,thailand,,,bag,,,,,th,,,
log,สบ71-1996,thailand,,,bag,,,,,th,,,
log,สบ71-9412,thailand,,,bag,,,,,th,,,
log,ชน70-2682,thailand,,,bag,,,,,th,,,
log,ชน70-2674,thailand,,,bag,,,,,th,,,
log,ชน70-2948,thailand,,,bag,,,,,th,,,
log,ชน70-3186,thailand,,,bag,,,,,th,,,
log,สบ72-2760,thailand,,,bag,,,,,th,,,
log,อด70-6110,thailand,,,bag,,,,,th,,,
log,ปจ70-1212,thailand,,,bag,,,,,th,,,
log,ชร70-9221,thailand,,,bag,,,,,th,,,
log,กบ70-1509,thailand,,,bag,,,,,th,,,
log,สบ72-2843,thailand,,,bag,,,,,th,,,
log,ลป70-6078,thailand,,,bag,,,,,th,,,
log,ลป70-4975,thailand,,,bag,,,,,th,,,
log,ลป70-6076,thailand,,,bag,,,,,th,,,
log,ลป70-6252,thailand,,,bag,,,,,th,,,
log,สบ71-8391,thailand,,,bag,,,,,th,,,
log,สบ72-9839,thailand,,,bag,,,,,th,,,
log,สฎ70-9648,thailand,,,bag,,,,,th,,,
log,อด70-4929,thailand,,,bag,,,,,th,,,
log,สบ71-0388,thailand,,,bag,,,,,th,,,
log,สบ70-9572,thailand,,,bag,,,,,th,,,
log,ลป70-7058,thailand,,,bag,,,,,th,,,
log,ลป70-7064,thailand,,,bag,,,,,th,,,
log,ปจ81-6471,thailand,,,bag,,,,,th,,,
log,กท60-9276,thailand,,,bag,,,,,th,,,
log,ปจ81-6475,thailand,,,bag,,,,,th,,,
log,สบ72-6123,thailand,,,bag,,,,,th,,,
log,ปท71-6385,thailand,,,bag,,,,,th,,,
log,ปท71-6693,thailand,,,bag,,,,,th,,,
log,ปท71-6817,thailand,,,bag,,,,,th,,,
log,ชร70-8391,thailand,,,bag,,,,,th,,,
log,ชร71-0938,thailand,,,bag,,,,,th,,,
log,ชร71-0895,thailand,,,bag,,,,,th,,,
log,ชร71-0899,thailand,,,bag,,,,,th,,,
log,ชร71-0900,thailand,,,bag,,,,,th,,,
log,ชร71-1632,thailand,,,bag,,,,,th,,,
log,ชร71-1470,thailand,,,bag,,,,,th,,,
log,ชร71-0942,thailand,,,bag,,,,,th,,,
log,ชร70-9589,thailand,,,bag,,,,,th,,,
log,ชร71-0750,thailand,,,bag,,,,,th,,,
log,ชร71-0808,thailand,,,bag,,,,,th,,,
log,ชร70-9102,thailand,,,bag,,,,,th,,,
log,ชร70-9398,thailand,,,bag,,,,,th,,,
log,ชร70-9232,thailand,,,bag,,,,,th,,,
log,ชร71-0853,thailand,,,bag,,,,,th,,,
log,ชพ70-5124,thailand,,,bag,,,,,th,,,
log,สบ72-9339,thailand,,,bag,,,,,th,,,
log,สฎ70-7934,thailand,,,bag,,,,,th,,,
log,สบ71-5445,thailand,,,bag,,,,,th,,,
log,สบ72-0884,thailand,,,bag,,,,,th,,,
log,กบ70-1520,thailand,,,bag,,,,,th,,,
log,อด70-2437,thailand,,,bag,,,,,th,,,
log,กพ70-4844,thailand,,,bag,,,,,th,,,
log,อย70-5457,thailand,,,bag,,,,,th,,,
log,ชน70-3153,thailand,,,bag,,,,,th,,,
log,ลป70-7222,thailand,,,bag,,,,,th,,,
log,สบ72-0926,thailand,,,bag,,,,,th,,,
log,ลพ70-2419,thailand,,,bag,,,,,th,,,
log,สห70-1268,thailand,,,bag,,,,,th,,,
log,สห70-1858,thailand,,,bag,,,,,th,,,
log,ชม71-0934,thailand,,,bag,,,,,th,,,
log,สก70-2749,thailand,,,bag,,,,,th,,,
log,อด70-7222,thailand,,,bag,,,,,th,,,
log,อด70-5438,thailand,,,bag,,,,,th,,,
log,กพ70-3994,thailand,,,bag,,,,,th,,,
log,สบ72-3601,thailand,,,bag,,,,,th,,,
log,สบ72-2837,thailand,,,bag,,,,,th,,,
log,สบ72-9137,thailand,,,bag,,,,,th,,,
log,กท63-7481,thailand,,,bag,,,,,th,,,
log,สบ71-2595,thailand,,,bag,,,,,th,,,
log,อย72-1313,thailand,,,bag,,,,,th,,,
log,สบ73-1448,thailand,,,bag,,,,,th,,,
log,อย70-5441,thailand,,,bag,,,,,th,,,
log,นว70-8133,thailand,,,bag,,,,,th,,,
log,อย70-3111,thailand,,,bag,,,,,th,,,
log,อด70-3137,thailand,,,bag,,,,,th,,,
log,กพ70-4000,thailand,,,bag,,,,,th,,,
log,ขก85-4646,thailand,,,bag,,,,,th,,,
log,พล70-2761,thailand,,,bag,,,,,th,,,
log,พล70-4088,thailand,,,bag,,,,,th,,,
log,พล70-4340,thailand,,,bag,,,,,th,,,
log,พล70-4815,thailand,,,bag,,,,,th,,,
log,ปข70-3115,thailand,,,bag,,,,,th,,,
log,สบ72-0911,thailand,,,bag,,,,,th,,,
log,อย70-6467,thailand,,,bag,,,,,th,,,
log,อย71-0327,thailand,,,bag,,,,,th,,,
log,อย71-1858,thailand,,,bag,,,,,th,,,
log,อย71-2583,thailand,,,bag,,,,,th,,,
log,อด70-6936,thailand,,,bag,,,,,th,,,
log,สบ70-8066,thailand,,,bag,,,,,th,,,
log,นว70-8153,thailand,,,bag,,,,,th,,,
log,นว70-8127,thailand,,,bag,,,,,th,,,
log,ขก70-9163,thailand,,,bag,,,,,th,,,
log,นว70-4046,thailand,,,bag,,,,,th,,,
log,กท60-1677,thailand,,,bag,,,,,th,,,
log,สบ73-0653,thailand,,,bag,,,,,th,,,
log,อย70-6892,thailand,,,bag,,,,,th,,,
log,อด70-5468,thailand,,,bag,,,,,th,,,
log,สท70-3126,thailand,,,bag,,,,,th,,,
log,สบ73-0518,thailand,,,bag,,,,,th,,,
log,สบ72-5395,thailand,,,bag,,,,,th,,,
log,อด70-3044,thailand,,,bag,,,,,th,,,
log,อย70-5463,thailand,,,bag,,,,,th,,,
log,กพ70-6153,thailand,,,bag,,,,,th,,,
log,นฐ89-4695,thailand,,,bag,,,,,th,,,
log,สบ71-7907,thailand,,,bag,,,,,th,,,
log,ชม70-8602,thailand,,,bag,,,,,th,,,
log,ปข70-4954,thailand,,,bag,,,,,th,,,
log,นม88-8352,thailand,,,bag,,,,,th,,,
log,อด83-7077,thailand,,,bag,,,,,th,,,
log,อด84-0292,thailand,,,bag,,,,,th,,,
log,นว70-8155,thailand,,,bag,,,,,th,,,
log,ปข70-3094,thailand,,,bag,,,,,th,,,
log,สบ71-7640,thailand,,,bag,,,,,th,,,
log,สบ71-8824,thailand,,,bag,,,,,th,,,
log,นม71-3000,thailand,,,bag,,,,,th,,,
log,ลป70-5827,thailand,,,bag,,,,,th,,,
log,ลป70-5990,thailand,,,bag,,,,,th,,,
log,อย70-3131,thailand,,,bag,,,,,th,,,
log,อด70-7318,thailand,,,bag,,,,,th,,,
log,อย70-2334,thailand,,,bag,,,,,th,,,
log,อย70-2343,thailand,,,bag,,,,,th,,,
log,อย81-8515,thailand,,,bag,,,,,th,,,
log,อย70-7015,thailand,,,bag,,,,,th,,,
log,อย70-6914,thailand,,,bag,,,,,th,,,
log,นม71-6967,thailand,,,bag,,,,,th,,,
log,บร70-3456,thailand,,,bag,,,,,th,,,
log,อย70-3193,thailand,,,bag,,,,,th,,,
log,นฐ72-9066,thailand,,,bag,,,,,th,,,
log,นว70-3975,thailand,,,bag,,,,,th,,,
log,ชม71-2097,thailand,,,bag,,,,,th,,,
log,ชม71-2098,thailand,,,bag,,,,,th,,,
log,อย70-4393,thailand,,,bag,,,,,th,,,
log,นฐ72-6975,thailand,,,bag,,,,,th,,,
log,ปข70-3110,thailand,,,bag,,,,,th,,,
log,อย72-0535,thailand,,,bag,,,,,th,,,
log,นม71-4886,thailand,,,bag,,,,,th,,,
log,อด70-6096,thailand,,,bag,,,,,th,,,
log,อด70-7082,thailand,,,bag,,,,,th,,,
log,อด70-7361,thailand,,,bag,,,,,th,,,
log,อด70-7363,thailand,,,bag,,,,,th,,,
log,อด70-7365,thailand,,,bag,,,,,th,,,
log,อย70-6819,thailand,,,bag,,,,,th,,,
log,อย72-0539,thailand,,,bag,,,,,th,,,
log,อย72-0540,thailand,,,bag,,,,,th,,,
log,อย70-5485,thailand,,,bag,,,,,th,,,
log,สบ71-8991,thailand,,,bag,,,,,th,,,
log,ปข70-3788,thailand,,,bag,,,,,th,,,
log,อด70-7088,thailand,,,bag,,,,,th,,,
log,อด70-5732,thailand,,,bag,,,,,th,,,
log,อด70-7076,thailand,,,bag,,,,,th,,,
log,ปจ81-6455,thailand,,,bag,,,,,th,,,
log,ขก85-9443,thailand,,,bag,,,,,th,,,
log,อย70-7516,thailand,,,bag,,,,,th,,,
log,กท61-3348,thailand,,,bag,,,,,th,,,
log,ปจ70-1216,thailand,,,bag,,,,,th,,,
log,อย70-4892,thailand,,,bag,,,,,th,,,
log,สบ71-7609,thailand,,,bag,,,,,th,,,
log,สบ71-7940,thailand,,,bag,,,,,th,,,
log,สบ71-8597,thailand,,,bag,,,,,th,,,
log,สบ71-7807,thailand,,,bag,,,,,th,,,
log,ปจ81-6469,thailand,,,bag,,,,,th,,,
log,สบ71-7809,thailand,,,bag,,,,,th,,,
log,สบ70-8068,thailand,,,bag,,,,,th,,,
log,กพ70-5545,thailand,,,bag,,,,,th,,,
log,นภ70-1121,thailand,,,bag,,,,,th,,,
log,สบ71-9198,thailand,,,bag,,,,,th,,,
log,สห70-2651,thailand,,,bag,,,,,th,,,
log,นว70-4072,thailand,,,bag,,,,,th,,,
log,นว70-4897,thailand,,,bag,,,,,th,,,
log,อย70-3187,thailand,,,bag,,,,,th,,,
log,สบ71-9196,thailand,,,bag,,,,,th,,,
log,นว70-4064,thailand,,,bag,,,,,th,,,
log,มค70-3975,thailand,,,bag,,,,,th,,,
log,ขก83-7843,thailand,,,bag,,,,,th,,,
log,ชย83-5816,thailand,,,bag,,,,,th,,,
log,ปข70-3552,thailand,,,bag,,,,,th,,,
log,นว70-8129,thailand,,,bag,,,,,th,,,
log,สบ72-0903,thailand,,,bag,,,,,th,,,
log,สบ71-7615,thailand,,,bag,,,,,th,,,
log,สบ72-0997,thailand,,,bag,,,,,th,,,
log,สบ72-1436,thailand,,,bag,,,,,th,,,
log,สบ71-7635,thailand,,,bag,,,,,th,,,
log,อด70-2229,thailand,,,bag,,,,,th,,,
log,สบ87-3082,thailand,,,bag,,,,,th,,,
log,อด70-7326,thailand,,,bag,,,,,th,,,
log,อย70-2325,thailand,,,bag,,,,,th,,,
log,อย70-3189,thailand,,,bag,,,,,th,,,
log,ปข70-4934,thailand,,,bag,,,,,th,,,
log,ปข70-3159,thailand,,,bag,,,,,th,,,
log,สบ72-3825,thailand,,,bag,,,,,th,,,
log,มค82-0597,thailand,,,bag,,,,,th,,,
log,สบ72-0872,thailand,,,bag,,,,,th,,,
log,สบ72-0741,thailand,,,bag,,,,,th,,,
log,กพ70-3539,thailand,,,bag,,,,,th,,,
log,กพ70-3924,thailand,,,bag,,,,,th,,,
log,ชม70-7362,thailand,,,bag,,,,,th,,,
log,สบ72-9831,thailand,,,bag,,,,,th,,,
log,กท61-2421,thailand,,,bag,,,,,th,,,
log,อย84-1326,thailand,,,bag,,,,,th,,,
log,สบ72-0034,thailand,,,bag,,,,,th,,,
log,ปจ81-6489,thailand,,,bag,,,,,th,,,
log,สบ70-8071,thailand,,,bag,,,,,th,,,
log,ปข70-3098,thailand,,,bag,,,,,th,,,
log,อย70-6818,thailand,,,bag,,,,,th,,,
log,ชม71-2054,thailand,,,bag,,,,,th,,,
log,ชม70-9254,thailand,,,bag,,,,,th,,,
log,ปข70-3161,thailand,,,bag,,,,,th,,,
log,อย70-6430,thailand,,,bag,,,,,th,,,
log,อย70-4388,thailand,,,bag,,,,,th,,,
log,อย71-7373,thailand,,,bag,,,,,th,,,
log,อด70-7084,thailand,,,bag,,,,,th,,,
log,อด70-7369,thailand,,,bag,,,,,th,,,
log,อย70-5413,thailand,,,bag,,,,,th,,,
log,ปจ81-6494,thailand,,,bag,,,,,th,,,
log,อย72-3563,thailand,,,bag,,,,,th,,,
log,อด70-2438,thailand,,,bag,,,,,th,,,
log,สบบว-6715,thailand,,,bag,,,,,th,,,
log,อด70-4535,thailand,,,bag,,,,,th,,,
log,ปจ81-6484,thailand,,,bag,,,,,th,,,
log,ปข70-4938,thailand,,,bag,,,,,th,,,
log,กพ70-3854,thailand,,,bag,,,,,th,,,
log,สบ85-4201,thailand,,,bag,,,,,th,,,
log,กพ70-3852,thailand,,,bag,,,,,th,,,
log,สบ71-8319,thailand,,,bag,,,,,th,,,
log,สบ72-8574,thailand,,,bag,,,,,th,,,
log,ปจ70-1459,thailand,,,bag,,,,,th,,,
log,ปจ81-6487,thailand,,,bag,,,,,th,,,
log,สบ71-2603,thailand,,,bag,,,,,th,,,
log,สบ72-9836,thailand,,,bag,,,,,th,,,
log,ขก81-6780,thailand,,,bag,,,,,th,,,
log,ขก85-3838,thailand,,,bag,,,,,th,,,
log,ปจ81-6505,thailand,,,bag,,,,,th,,,
log,ปจ81-6524,thailand,,,bag,,,,,th,,,
log,สบ71-7614,thailand,,,bag,,,,,th,,,
log,สบ87-1862,thailand,,,bag,,,,,th,,,
log,ปท71-2179,thailand,,,bag,,,,,th,,,
log,อย70-6432,thailand,,,bag,,,,,th,,,
log,อย70-3099,thailand,,,bag,,,,,th,,,
log,กท61-0169,thailand,,,bag,,,,,th,,,
log,สบ72-4005,thailand,,,bag,,,,,th,,,
log,สบ86-5952,thailand,,,bag,,,,,th,,,
log,ปจ70-2925,thailand,,,bag,,,,,th,,,
log,นว70-8135,thailand,,,bag,,,,,th,,,
log,ขก85-9702,thailand,,,bag,,,,,th,,,
log,สฎ70-9706,thailand,,,bag,,,,,th,,,
log,กจ71-1298,thailand,,,bag,,,,,th,,,
log,สบ73-0388,thailand,,,bag,,,,,th,,,
log,นว70-4070,thailand,,,bag,,,,,th,,,
log,นว70-7253,thailand,,,bag,,,,,th,,,
log,ปจ70-2933,thailand,,,bag,,,,,th,,,
log,สบ73-0959,thailand,,,bag,,,,,th,,,
log,สบ71-1324,thailand,,,bag,,,,,th,,,
log,อบ70-3298,thailand,,,bag,,,,,th,,,
log,สป74-7735,thailand,,,bag,,,,,th,,,
log,ปข70-6280,thailand,,,bag,,,,,th,,,
log,ปข70-5638,thailand,,,bag,,,,,th,,,
log,ปข70-4923,thailand,,,bag,,,,,th,,,
log,สบ72-3776,thailand,,,bag,,,,,th,,,
log,สฎ70-5365,thailand,,,bag,,,,,th,,,
log,ปข70-7045,thailand,,,bag,,,,,th,,,
log,ปข70-5470,thailand,,,bag,,,,,th,,,
log,ปข70-6750,thailand,,,bag,,,,,th,,,
log,นว71-2512,thailand,,,bag,,,,,th,,,
log,ปจ70-1461,thailand,,,bag,,,,,th,,,
log,กท60-8087,thailand,,,bag,,,,,th,,,
log,นว71-2519,thailand,,,bag,,,,,th,,,
log,ปจ81-6510,thailand,,,bag,,,,,th,,,
log,สบ72-9772,thailand,,,bag,,,,,th,,,
log,ปจ82-2358,thailand,,,bag,,,,,th,,,
log,ปข70-3127,thailand,,,bag,,,,,th,,,
log,สบ73-0125,thailand,,,bag,,,,,th,,,
log,อย70-4389,thailand,,,bag,,,,,th,,,
log,สบ72-2757,thailand,,,bag,,,,,th,,,
log,ขก85-5307,thailand,,,bag,,,,,th,,,
log,นว71-2279,thailand,,,bag,,,,,th,,,
log,นว70-7251,thailand,,,bag,,,,,th,,,
log,สบ72-4665,thailand,,,bag,,,,,th,,,
log,กท78-8275,thailand,,,bag,,,,,th,,,
log,นฐ73-3056,thailand,,,bag,,,,,th,,,
log,อด70-7430,thailand,,,bag,,,,,th,,,
log,อด70-7432,thailand,,,bag,,,,,th,,,
log,ปจ81-6503,thailand,,,bag,,,,,th,,,
log,นว70-7274,thailand,,,bag,,,,,th,,,
log,ปข70-6911,thailand,,,bag,,,,,th,,,
log,ปข70-6638,thailand,,,bag,,,,,th,,,
log,ปข70-6743,thailand,,,bag,,,,,th,,,
log,ปข70-3244,thailand,,,bag,,,,,th,,,
log,ปข70-0723,thailand,,,bag,,,,,th,,,
log,ปข70-6078,thailand,,,bag,,,,,th,,,
log,ชน70-2265,thailand,,,bag,,,,,th,,,
log,นว70-8123,thailand,,,bag,,,,,th,,,
log,ลป70-5127,thailand,,,bag,,,,,th,,,
log,สฎ70-5811,thailand,,,bag,,,,,th,,,
log,ปข70-6031,thailand,,,bag,,,,,th,,,
log,ปข70-4191,thailand,,,bag,,,,,th,,,
log,กท61-2228,thailand,,,bag,,,,,th,,,
log,ขก85-7397,thailand,,,bag,,,,,th,,,
log,กท62-6935,thailand,,,bag,,,,,th,,,
log,นม87-6586,thailand,,,bag,,,,,th,,,
log,ปข70-3432,thailand,,,bag,,,,,th,,,
log,สบ71-7028,thailand,,,bag,,,,,th,,,
log,ชม71-2099,thailand,,,bag,,,,,th,,,
log,นว70-4111,thailand,,,bag,,,,,th,,,
log,กท65-3812,thailand,,,bag,,,,,th,,,
log,สบ71-8321,thailand,,,bag,,,,,th,,,
log,ปข70-3546,thailand,,,bag,,,,,th,,,
log,สบ72-0996,thailand,,,bag,,,,,th,,,
log,สบ72-0917,thailand,,,bag,,,,,th,,,
log,สบ72-0937,thailand,,,bag,,,,,th,,,
log,สบ71-9049,thailand,,,bag,,,,,th,,,
log,สบ71-9035,thailand,,,bag,,,,,th,,,
log,สบ72-0292,thailand,,,bag,,,,,th,,,
log,ลป70-5988,thailand,,,bag,,,,,th,,,
log,อย70-6658,thailand,,,bag,,,,,th,,,
log,อย70-6667,thailand,,,bag,,,,,th,,,
log,อย70-3032,thailand,,,bag,,,,,th,,,
log,อย70-3059,thailand,,,bag,,,,,th,,,
log,อย70-6469,thailand,,,bag,,,,,th,,,
log,อด70-7320,thailand,,,bag,,,,,th,,,
log,ปข70-4936,thailand,,,bag,,,,,th,,,
log,อย70-2335,thailand,,,bag,,,,,th,,,
log,อย70-3053,thailand,,,bag,,,,,th,,,
log,สบ72-0015,thailand,,,bag,,,,,th,,,
log,สบ72-9085,thailand,,,bag,,,,,th,,,
log,มค82-0264,thailand,,,bag,,,,,th,,,
log,กพ70-3521,thailand,,,bag,,,,,th,,,
log,สบ72-0874,thailand,,,bag,,,,,th,,,
log,บร70-3445,thailand,,,bag,,,,,th,,,
log,ปท71-2180,thailand,,,bag,,,,,th,,,
log,อด70-7220,thailand,,,bag,,,,,th,,,
log,สบ85-4173,thailand,,,bag,,,,,th,,,
log,สบ72-6467,thailand,,,bag,,,,,th,,,
log,สบ72-2305,thailand,,,bag,,,,,th,,,
log,อย71-0471,thailand,,,bag,,,,,th,,,
log,อย70-3055,thailand,,,bag,,,,,th,,,
log,กท60-9279,thailand,,,bag,,,,,th,,,
log,อย70-4395,thailand,,,bag,,,,,th,,,
log,อย70-4390,thailand,,,bag,,,,,th,,,
log,ชม71-0507,thailand,,,bag,,,,,th,,,
log,อย72-0537,thailand,,,bag,,,,,th,,,
log,นม90-3640,thailand,,,bag,,,,,th,,,
log,ปจ81-6434,thailand,,,bag,,,,,th,,,
log,กท61-0170,thailand,,,bag,,,,,th,,,
log,ชม70-9786,thailand,,,bag,,,,,th,,,
log,สบ70-8067,thailand,,,bag,,,,,th,,,
log,ปจ81-6464,thailand,,,bag,,,,,th,,,
log,อย70-3036,thailand,,,bag,,,,,th,,,
log,ชม71-2056,thailand,,,bag,,,,,th,,,
log,ขก86-5070,thailand,,,bag,,,,,th,,,
log,ปจ81-6468,thailand,,,bag,,,,,th,,,
log,ปจ70-2927,thailand,,,bag,,,,,th,,,
log,ขก86-6610,thailand,,,bag,,,,,th,,,
log,อย72-0536,thailand,,,bag,,,,,th,,,
log,สบ71-5184,thailand,,,bag,,,,,th,,,
log,อย72-0538,thailand,,,bag,,,,,th,,,
log,นภ81-2414,thailand,,,bag,,,,,th,,,
log,ปจ81-6500,thailand,,,bag,,,,,th,,,
log,อย70-6428,thailand,,,bag,,,,,th,,,
log,อด70-7359,thailand,,,bag,,,,,th,,,
log,สบ72-0953,thailand,,,bag,,,,,th,,,
log,สบ72-6305,thailand,,,bag,,,,,th,,,
log,กท65-0185,thailand,,,bag,,,,,th,,,
log,สบ71-2601,thailand,,,bag,,,,,th,,,
log,กท63-7832,thailand,,,bag,,,,,th,,,
log,ปจ81-6488,thailand,,,bag,,,,,th,,,
log,ปข70-3073,thailand,,,bag,,,,,th,,,
log,สบ72-0902,thailand,,,bag,,,,,th,,,
log,นว70-8296,thailand,,,bag,,,,,th,,,
log,สบ72-9952,thailand,,,bag,,,,,th,,,
log,นว70-4891,thailand,,,bag,,,,,th,,,
log,สก70-2081,thailand,,,bag,,,,,th,,,
log,ลป70-7060,thailand,,,bag,,,,,th,,,
log,ปข70-3424,thailand,,,bag,,,,,th,,,
log,สบ72-4372,thailand,,,bag,,,,,th,,,
log,สบ86-6031,thailand,,,bag,,,,,th,,,
log,สบ71-7612,thailand,,,bag,,,,,th,,,
log,สบ71-7843,thailand,,,bag,,,,,th,,,
log,ชย81-8001,thailand,,,bag,,,,,th,,,
log,สบ72-0927,thailand,,,bag,,,,,th,,,
log,สบ72-0929,thailand,,,bag,,,,,th,,,
log,สบ71-9050,thailand,,,bag,,,,,th,,,
log,สบ72-9545,thailand,,,bag,,,,,th,,,
log,สบ72-9544,thailand,,,bag,,,,,th,,,
log,อย70-3103,thailand,,,bag,,,,,th,,,
log,อย70-3138,thailand,,,bag,,,,,th,,,
log,อย70-3142,thailand,,,bag,,,,,th,,,
log,อย70-7156,thailand,,,bag,,,,,th,,,
log,อย70-3030,thailand,,,bag,,,,,th,,,
log,อย70-3038,thailand,,,bag,,,,,th,,,
log,อด70-7322,thailand,,,bag,,,,,th,,,
log,ปข70-3437,thailand,,,bag,,,,,th,,,
log,อย70-2321,thailand,,,bag,,,,,th,,,
log,อย70-2339,thailand,,,bag,,,,,th,,,
log,ชย70-3525,thailand,,,bag,,,,,th,,,
log,อย70-3191,thailand,,,bag,,,,,th,,,
log,สบ72-0784,thailand,,,bag,,,,,th,,,
log,อย70-3057,thailand,,,bag,,,,,th,,,
log,ขก85-0237,thailand,,,bag,,,,,th,,,
log,สบ72-3639,thailand,,,bag,,,,,th,,,
log,ลป70-7036,thailand,,,bag,,,,,th,,,
log,กพ70-3569,thailand,,,bag,,,,,th,,,
log,สบ72-1279,thailand,,,bag,,,,,th,,,
log,กท62-6936,thailand,,,bag,,,,,th,,,
log,สบ73-0657,thailand,,,bag,,,,,th,,,
log,สบ71-9108,thailand,,,bag,,,,,th,,,
log,สบ71-5437,thailand,,,bag,,,,,th,,,
log,กบ70-1365,thailand,,,bag,,,,,th,,,
log,สบ72-2482,thailand,,,bag,,,,,th,,,
log,อย70-4394,thailand,,,bag,,,,,th,,,
log,อย70-3105,thailand,,,bag,,,,,th,,,
log,ปจ81-6442,thailand,,,bag,,,,,th,,,
log,ปข70-3102,thailand,,,bag,,,,,th,,,
log,สบ72-2838,thailand,,,bag,,,,,th,,,
log,อด70-3141,thailand,,,bag,,,,,th,,,
log,อย70-4890,thailand,,,bag,,,,,th,,,
log,ปจ81-6498,thailand,,,bag,,,,,th,,,
log,กบ70-1510,thailand,,,bag,,,,,th,,,
log,สบ73-0964,thailand,,,bag,,,,,th,,,
log,ปจ81-6493,thailand,,,bag,,,,,th,,,
log,อด70-7092,thailand,,,bag,,,,,th,,,
log,อด70-6102,thailand,,,bag,,,,,th,,,
log,อด70-7072,thailand,,,bag,,,,,th,,,
log,อด70-7078,thailand,,,bag,,,,,th,,,
log,อด70-7367,thailand,,,bag,,,,,th,,,
log,อด70-5726,thailand,,,bag,,,,,th,,,
log,สบ72-4016,thailand,,,bag,,,,,th,,,
log,อด70-5436,thailand,,,bag,,,,,th,,,
log,อด70-2439,thailand,,,bag,,,,,th,,,
log,สบ70-8069,thailand,,,bag,,,,,th,,,
log,สบ72-9296,thailand,,,bag,,,,,th,,,
log,ปจ70-2931,thailand,,,bag,,,,,th,,,
log,กท3ฒผ-1801,thailand,,,bag,,,,,th,,,
log,กท61-2623,thailand,,,bag,,,,,th,,,
log,ปข70-3165,thailand,,,bag,,,,,th,,,
log,สบ72-7490,thailand,,,bag,,,,,th,,,
log,สบ72-2577,thailand,,,bag,,,,,th,,,
log,กพ70-5268,thailand,,,bag,,,,,th,,,
log,ปจ70-2876,thailand,,,bag,,,,,th,,,
log,นว71-2244,thailand,,,bag,,,,,th,,,
log,สบ72-7267,thailand,,,bag,,,,,th,,,
log,อด70-5434,thailand,,,bag,,,,,th,,,
log,อด70-4533,thailand,,,bag,,,,,th,,,
log,ขก85-5353,thailand,,,bag,,,,,th,,,
log,ปจ81-6523,thailand,,,bag,,,,,th,,,
log,อย70-6460,thailand,,,bag,,,,,th,,,
log,อด70-7080,thailand,,,bag,,,,,th,,,
log,นว70-7248,thailand,,,bag,,,,,th,,,
log,นว70-7250,thailand,,,bag,,,,,th,,,
log,ลป70-7034,thailand,,,bag,,,,,th,,,
log,ขก86-1856,thailand,,,bag,,,,,th,,,
log,ขก86-2949,thailand,,,bag,,,,,th,,,
log,กจ71-1970,thailand,,,bag,,,,,th,,,
log,กท61-8143,thailand,,,bag,,,,,th,,,
log,ขก71-0858,thailand,,,bag,,,,,th,,,
log,สบบห-8500,thailand,,,bag,,,,,th,,,
log,อด70-7426,thailand,,,bag,,,,,th,,,
log,สบ73-1040,thailand,,,bag,,,,,th,,,
log,สบ72-6345,thailand,,,bag,,,,,th,,,
log,ลย80-6084,thailand,,,bag,,,,,th,,,
log,สฎ70-9710,thailand,,,bag,,,,,th,,,
log,ฉช82-9341,thailand,,,bag,,,,,th,,,
log,ปข70-6898,thailand,,,bag,,,,,th,,,
log,ปข70-6947,thailand,,,bag,,,,,th,,,
log,ปข70-1699,thailand,,,bag,,,,,th,,,
log,ปข70-6819,thailand,,,bag,,,,,th,,,
log,สฎ70-8812,thailand,,,bag,,,,,th,,,
log,สบ71-7620,thailand,,,bag,,,,,th,,,
log,สบ72-2483,thailand,,,bag,,,,,th,,,
log,ปข70-6192,thailand,,,bag,,,,,th,,,
log,ปข70-6194,thailand,,,bag,,,,,th,,,
log,ปจ81-2656,thailand,,,bag,,,,,th,,,
log,อท81-0917,thailand,,,bag,,,,,th,,,
log,สบ71-4660,thailand,,,bag,,,,,th,,,
log,อด70-6098,thailand,,,bag,,,,,th,,,
log,อด70-6100,thailand,,,bag,,,,,th,,,
log,อด70-7086,thailand,,,bag,,,,,th,,,
log,อด70-4927,thailand,,,bag,,,,,th,,,
log,อด70-6106,thailand,,,bag,,,,,th,,,
log,อด70-7070,thailand,,,bag,,,,,th,,,
log,อด70-7074,thailand,,,bag,,,,,th,,,
log,สบ72-4667,thailand,,,bag,,,,,th,,,
log,ลป70-7108,thailand,,,bag,,,,,th,,,
log,สบ72-8914,thailand,,,bag,,,,,th,,,
log,ปจ70-2879,thailand,,,bag,,,,,th,,,
log,ปท71-2181,thailand,,,bag,,,,,th,,,
log,ปจ70-2873,thailand,,,bag,,,,,th,,,
log,นว71-2513,thailand,,,bag,,,,,th,,,
log,นว71-0767,thailand,,,bag,,,,,th,,,
log,สบ72-6532,thailand,,,bag,,,,,th,,,
log,ปจ70-1215,thailand,,,bag,,,,,th,,,
log,นม89-3034,thailand,,,bag,,,,,th,,,
log,นว70-8131,thailand,,,bag,,,,,th,,,
log,กท62-2824,thailand,,,bag,,,,,th,,,
log,สบ71-7808,thailand,,,bag,,,,,th,,,
log,อด70-6090,thailand,,,bag,,,,,th,,,
log,อด70-7324,thailand,,,bag,,,,,th,,,
log,ปข70-3033,thailand,,,bag,,,,,th,,,
log,กท62-2825,thailand,,,bag,,,,,th,,,
log,นว70-7249,thailand,,,bag,,,,,th,,,
log,สบ72-9771,thailand,,,bag,,,,,th,,,
log,อด85-0500,thailand,,,bag,,,,,th,,,
log,สบ72-1085,thailand,,,bag,,,,,th,,,
log,สฎ70-5559,thailand,,,bag,,,,,th,,,
log,ปจ70-1213,thailand,,,bag,,,,,th,,,
log,ปจ70-2815,thailand,,,bag,,,,,th,,,
log,กพ70-6345,thailand,,,bag,,,,,th,,,
log,สฎ70-5594,thailand,,,bag,,,,,th,,,
log,กท62-1979,thailand,,,bag,,,,,th,,,
log,กท62-1913,thailand,,,bag,,,,,th,,,
log,อด70-7434,thailand,,,bag,,,,,th,,,
log,อด70-7428,thailand,,,bag,,,,,th,,,
log,นว70-7247,thailand,,,bag,,,,,th,,,
log,สบ73-1017,thailand,,,bag,,,,,th,,,
log,ปจ70-2882,thailand,,,bag,,,,,th,,,
log,สบ72-0123,thailand,,,bag,,,,,th,,,
log,อบ70-6890,thailand,,,bag,,,,,th,,,
log,ปข70-0828,thailand,,,bag,,,,,th,,,
log,อด70-5467,thailand,,,bag,,,,,th,,,
log,ปข70-6193,thailand,,,bag,,,,,th,,,
log,ปข70-4214,thailand,,,bag,,,,,th,,,
log,ปข70-6886,thailand,,,bag,,,,,th,,,
log,ปข70-0837,thailand,,,bag,,,,,th,,,
log,สบ73-1705,thailand,,,bag,,,,,th,,,
log,ปข70-6741,thailand,,,bag,,,,,th,,,
log,ปข70-6327,thailand,,,bag,,,,,th,,,
log,ปจ82-5097,thailand,,,bag,,,,,th,,,
log,ปจ81-6516,thailand,,,bag,,,,,th,,,
log,อท81-4075,thailand,,,bag,,,,,th,,,
log,สฎ70-4964,thailand,,,bag,,,,,th,,,
log,กท700-7223,thailand,,,bag,,,,,th,,,
log,ปข70-6314,thailand,,,bag,,,,,th,,,
log,ปข70-6939,thailand,,,bag,,,,,th,,,
log,นว71-3010,thailand,,,bag,,,,,th,,,
log,สบ72-3684,thailand,,,bulk,,,,,th,,,
log,สบ72-9109,thailand,,,bulk,,,,,th,,,
log,สฎ70-5102,thailand,,,bag,,,,,th,,,
log,สฎ70-5367,thailand,,,bag,,,,,th,,,
log,สฎ70-5031,thailand,,,bag,,,,,th,,,
log,สบ73-1658,thailand,,,bulk,,,,,th,,,
log,สบ73-0797,thailand,,,bulk,,,,,th,,,
log,สบ73-0678,thailand,,,bag,,,,,th,,,
log,สบ72-1929,thailand,,,bag,,,,,th,,,
log,รบ70-3694,thailand,,,bag,,,,,th,,,
log,สบ72-1939,thailand,,,bag,,,,,th,,,
log,สฎ70-4922,thailand,,,bag,,,,,th,,,
log,สฎ70-5369,thailand,,,bag,,,,,th,,,
log,สบ73-1218,thailand,,,bulk,,,,,th,,,
log,สบ72-1095,thailand,,,bulk,,,,,th,,,
log,ปข70-6818,thailand,,,bag,,,,,th,,,
log,3ขผ1775,thailand,,,car,,Rental Car,"Job car, Toyota REVO ( D-CAB) Double  Cab 2WD 2.4 MID A/T PRERUNNER  (With  Roof)",,th,,Active,
log,1ขฌ2556,thailand,,,car,,Rental Car,"Job car, Toyota REVO ( D-CAB) Double  Cab 2WD 2.4 MID A/T PRERUNNER  (With  Roof)",,th,,Active,
log,2ขฎ3806,thailand,,,car,,Rental Car,"Job car, Toyota REVO ( D-CAB) Double  Cab 2WD 2.4 MID A/T PRERUNNER  (With  Roof)",,th,,Active,
log,2ขฎ3809,thailand,,,car,,Rental Car,"Job car, Toyota D-CAB Prerunner 2x4, 2.4E,2W, AT With Roof",,th,,Active,
log,2ขฐ8975,thailand,,,car,,Rental Car,"Position car, Toyota Fortuner",,th,,Active,
log,2ขท3875,thailand,,,car,,Rental Car,"Job car, Toyota Toyota Vios",,th,,Active,
log,2ขภ2490,thailand,,,car,,Rental Car,"Job car, Toyota Camry",,th,,Active,
log,3ขน3755,thailand,,,car,,Rental Car,"Job car, Toyota REVO ( D-CAB) Double  Cab 2WD 2.4 MID A/T PRERUNNER  (With  Roof)",,th,,Active,
log,3ขน6431,thailand,,,car,,Rental Car,"Job car, Toyota REVO ( D-CAB) Double  Cab 2WD 2.4 MID A/T PRERUNNER  (With  Roof)",,th,,Active,
log,3ขผ1770,thailand,,,car,,Rental Car,"Job car, Toyota REVO ( D-CAB) Double  Cab 2WD 2.4 MID A/T PRERUNNER  (With  Roof)",,th,,Active,
log,3ขล2110,thailand,,,car,,Rental Car,"Job car, Toyota REVO ( D-CAB) Double  Cab 2WD 2.4 MID A/T PRERUNNER  (With  Roof)",,th,,Active,
log,3ฒต7512,thailand,,,car,,Rental Car,"Job car, Toyota Smart cab Prerunner 2x4 2.4E, 2W, MT with Roof",,th,,Active,
log,3ฒล4147,thailand,,,car,,Rental Car,"Job car, Toyota Smart cab Prerunner 2x4 2.4E, 2W, MT with Roof",,th,,Active,
log,3ฒฮ829,thailand,,,car,,Rental Car,"Job car, Toyota Smart cab Prerunner 2x4 2.4E, 2W, MT with Roof",,th,,Active,
log,4ขง4680,thailand,,,car,,Rental Car,"Job car, Toyota Revo",,th,,Active,
log,4ขฐ9643,thailand,,,car,,Rental Car,"Job car, Toyota REVO ( D-CAB) Double  Cab 2WD 2.4 MID A/T PRERUNNER  (With  Roof)",,th,,Active,
log,4ขฐ9670,thailand,,,car,,Rental Car,"Job car, Toyota REVO ( D-CAB) Double  Cab 2WD 2.4 MID A/T PRERUNNER  (With  Roof)",,th,,Active,
log,4ขผ3744,thailand,,,car,,Rental Car,"Job car, Toyota REVO ( D-CAB) Double  Cab 2WD 2.4 MID A/T PRERUNNER  (With  Roof)",,th,,Active,
log,4ขภ3902,thailand,,,car,,Rental Car,"Operational car, REVO CCAB Toyota Revo Double Cab 2.4Mid 4WD M/T (NoRoof)                ",,th,,Active,
log,4ฒข8452,thailand,,,car,,Rental Car,"Job car, Toyota REVO ( D-CAB) Double  Cab 2WD 2.4 MID A/T PRERUNNER  (With  Roof)",,th,,Active,
log,9กฌ4421,thailand,,,car,,Rental Car,"Job car, Toyota Fortuner 2.4V 2W A/T",,th,,Active,
log,9กภ937,thailand,,,car,,Rental Car,"Job car, Toyota REVO ( D-CAB) Double  Cab 2WD 2.4 MID A/T PRERUNNER  (With  Roof)",,th,,Active,
log,9กภ940,thailand,,,car,,Rental Car,"Job car, Toyota REVO ( D-CAB) Double  Cab 2WD 2.4 MID A/T PRERUNNER  (With  Roof)",,th,,Active,
log,9กภ984,thailand,,,car,,Rental Car,"Job car, Toyota REVO ( D-CAB) Double  Cab 2WD 2.4 MID A/T PRERUNNER  (With  Roof)",,th,,Active,
log,9กม1761,thailand,,,car,,Rental Car,"Job car, Toyota REVO ( D-CAB) Double  Cab 2WD 2.4 MID A/T PRERUNNER  (With  Roof)",,th,,Active,
log,9กม1763,thailand,,,car,,Rental Car,"Job car, Toyota REVO ( D-CAB) Double  Cab 2WD 2.4 MID A/T PRERUNNER  (With  Roof)",,th,,Active,
log,9กม1770,thailand,,,car,,Rental Car,"Job car, Toyota REVO ( D-CAB) Double  Cab 2WD 2.4 MID A/T PRERUNNER  (With  Roof)",,th,,Active,
log,9กฮ372,thailand,,,car,,Rental Car,"Job car, Toyota REVO ( D-CAB) Double  Cab 2WD 2.4 MID A/T PRERUNNER  (With  Roof)",,th,,Active,
log,9กฮ406,thailand,,,car,,Rental Car,"Job car, Toyota Fortuner 2.4V 2W A/T",,th,,Active,
log,3ฒฮ3370,thailand,,,car,,Rental Car,"Job car, Toyota REVO ( D-CAB) Double  Cab 2WD 2.4 MID A/T PRERUNNER  (With  Roof)",,th,,Active,
log,5ขว3542,thailand,,,car,,Rental Car,"Job car, Toyota REVO ( D-CAB) Double  Cab 2WD 2.4 MID A/T PRERUNNER  (With  Roof)",,th,,Active,
log,5ขฬ7881,thailand,,,car,,Rental Car,"Job car, Toyota REVO ( D-CAB) Double  Cab 2WD 2.4 MID A/T PRERUNNER  (With  Roof)",,th,,Active,
log,1ขฌ2615,thailand,,,car,,Rental Car,"Job car, Toyota REVO ( D-CAB) Double  Cab 2WD 2.4 MID A/T PRERUNNER  (With  Roof)",,th,,Active,
log,1ขส6072,thailand,,,car,,Rental Car,"Job car, Toyota REVO ( D-CAB) Double  Cab 2WD 2.4 MID A/T PRERUNNER  (With  Roof)",,th,,Active,
log,2ขญ337,thailand,,,car,,Rental Car,"Job car, Toyota Revo",,th,,Active,
log,2ขน3340,thailand,,,car,,Rental Car,"Job car, Toyota Toyota Vios",,th,,Inactive,
log,3ขท3805,thailand,,,car,,Rental Car,"Job car, Toyota Revo",,th,,Active,
log,3ขท4183,thailand,,,car,,Rental Car,"Job car, Toyota REVO ( D-CAB) Double  Cab 2WD 2.4 MID A/T PRERUNNER  (With  Roof)",,th,,Active,
log,3ขธ9750,thailand,,,car,,Rental Car,"Job car, Toyota REVO ( D-CAB) Double  Cab 2WD 2.4 MID A/T PRERUNNER  (With  Roof)",,th,,Active,
log,3ขน3750,thailand,,,car,,Rental Car,"Job car, Toyota REVO ( D-CAB) Double  Cab 2WD 2.4 MID A/T PRERUNNER  (With  Roof)",,th,,Active,
log,3ขน3752,thailand,,,car,,Rental Car,"Job car, Toyota REVO ( D-CAB) Double  Cab 2WD 2.4 MID A/T PRERUNNER  (With  Roof)",,th,,Active,
log,3ขน3754,thailand,,,car,,Rental Car,"Job car, Toyota REVO ( D-CAB) Double  Cab 2WD 2.4 MID A/T PRERUNNER  (With  Roof)",,th,,Active,
log,3ขน3758,thailand,,,car,,Rental Car,"Job car, Toyota REVO ( D-CAB) Double  Cab 2WD 2.4 MID A/T PRERUNNER  (With  Roof)",,th,,Active,
log,3ขน3760,thailand,,,car,,Rental Car,"Job car, Toyota Revo",,th,,Active,
log,3ขน4062,thailand,,,car,,Rental Car,"Job car, Toyota Revo",,th,,Active,
log,3ขน6401,thailand,,,car,,Rental Car,"Job car, Toyota REVO ( D-CAB) Double  Cab 2WD 2.4 MID A/T PRERUNNER  (With  Roof)",,th,,Active,
log,3ฒฐ4547,thailand,,,car,,Rental Car,"Job car, Toyota Smart cab Prerunner 2x4 2.4E, 2W, MT with Roof",,th,,Active,
log,3ฒส5147,thailand,,,car,,Rental Car,"Job car, Toyota Smart cab Prerunner 2x4 2.4E, 2W, MT with Roof",,th,,Active,
log,3ฒฮ842,thailand,,,car,,Rental Car,"Job car, Toyota Smart cab Prerunner 2x4 2.4E, 2W, MT with Roof",,th,,Active,
log,4ขง4673,thailand,,,car,,Rental Car,"Job car, Toyota REVO ( D-CAB) Double  Cab 2WD 2.4 MID A/T PRERUNNER  (With  Roof)",,th,,Active,
log,4ขห3875,thailand,,,car,,Rental Car,"Operational car, Toyota Revo double Cab 2WD 2.4 MID AT Prerunner Roof G3",,th,,Active,
log,9กฌ538,thailand,,,car,,Rental Car,"Position car, Toyota Camry",,th,,Active,
log,9กภ907,thailand,,,car,,Rental Car,"Job car, Toyota REVO ( D-CAB) Double  Cab 2WD 2.4 MID A/T PRERUNNER  (With  Roof)",,th,,Active,
log,9กฮ410,thailand,,,car,,Rental Car,"Job car, Toyota Fortuner 2.4V 2W A/T",,th,,Active,
log,9กฮ430,thailand,,,car,,Rental Car,"Job car, Toyota Fortuner 2.4V 2W A/T",,th,,Active,
log,2ขจ386,thailand,,,car,,Rental Car,"Job car, Toyota REVO ( D-CAB) Double  Cab 2WD 2.4 MID A/T PRERUNNER  (With  Roof)",,th,,Active,
log,5ขฬ7906,thailand,,,car,,Rental Car,"Job car, Toyota REVO ( D-CAB) Double  Cab 2WD 2.4 MID A/T PRERUNNER  (With  Roof)",,th,,Active,
log,5ขว3544,thailand,,,car,,Rental Car,"Job car, Toyota REVO ( D-CAB) Double  Cab 2WD 2.4 MID A/T PRERUNNER  (With  Roof)",,th,,Active,
log,5ขว3538,thailand,,,car,,Rental Car,"Job car, Toyota REVO ( D-CAB) Double  Cab 2WD 2.4 MID A/T PRERUNNER  (With  Roof)",,th,,Active,
log,1ขฌ2559,thailand,,,car,,Rental Car,"Job car, Toyota REVO ( D-CAB) Double  Cab 2WD 2.4 MID A/T PRERUNNER  (With  Roof)",,th,,Active,
log,1ขฌ2568,thailand,,,car,,Rental Car,"Job car, Toyota REVO ( D-CAB) Double  Cab 2WD 2.4 MID A/T PRERUNNER  (With  Roof)",,th,,Inactive,
log,1ขฌ2586,thailand,,,car,,Rental Car,"Job car, Toyota REVO ( D-CAB) Double  Cab 2WD 2.4 MID A/T PRERUNNER  (With  Roof)",,th,,Active,
log,1ขพ4901,thailand,,,car,,Rental Car,"Job car, Toyota Fortuner",,th,,Active,
log,1ขว2391,thailand,,,car,,Rental Car,"Job car, Toyota REVO ( D-CAB) Double  Cab 2WD 2.4 MID A/T PRERUNNER  (With  Roof)",,th,,Active,
log,2ขฐ670,thailand,,,car,,Rental Car,"Position car, Toyota Camry",,th,,Active,
log,2ขฐ7451,thailand,,,car,,Rental Car,"Job car, Toyota Fortuner",,th,,Active,
log,2ขน3299,thailand,,,car,,Rental Car,"Job car, Toyota Vios",,th,,Active,
log,2ขษ5016,thailand,,,car,,Rental Car,"Job car, Toyota REVO ( D-CAB) Double  Cab 2WD 2.4 MID A/T PRERUNNER  (With  Roof)",,th,,Active,
log,2ฒห9871,thailand,,,car,,Rental Car,"Job car, Toyota Smart cab Prerunner 2x4 2.4E, 2W, MT with Roof",,th,,Active,
log,3ขฌ2503,thailand,,,car,,Rental Car,"Position car, Toyota Camry",,th,,Active,
log,3ขฐ6140,thailand,,,car,,Rental Car,"Position car, Toyota Camry",,th,,Active,
log,3ขถ2394,thailand,,,car,,Rental Car,"Job car, Toyota Fortuner 2.4V 2W A/T",,th,,Active,
log,3ขถ2397,thailand,,,car,,Rental Car,"Position car, Toyota Fortuner 2.4V 2W A/T",,th,,Active,
log,3ขน3763,thailand,,,car,,Rental Car,"Job car, Toyota REVO ( D-CAB) Double  Cab 2WD 2.4 MID A/T PRERUNNER  (With  Roof)",,th,,Active,
log,3ขน6410,thailand,,,car,,Rental Car,"Job car, Toyota REVO ( D-CAB) Double  Cab 2WD 2.4 MID A/T PRERUNNER  (With  Roof)",,th,,Active,
log,3ขน6443,thailand,,,car,,Rental Car,"Job car, Toyota REVO ( D-CAB) Double  Cab 2WD 2.4 MID A/T PRERUNNER  (With  Roof)",,th,,Active,
log,3ขบ4980,thailand,,,car,,Rental Car,"Job car, Toyota REVO ( D-CAB) Double  Cab 2WD 2.4 MID A/T PRERUNNER  (With  Roof)",,th,,Active,
log,3ฒฐ4544,thailand,,,car,,Rental Car,"Job car, Toyota Smart cab Prerunner 2x4 2.4E, 2W, MT with Roof",,th,,Active,
log,3ฒย2292,thailand,,,car,,Rental Car,"Job car, Toyota Smart cab Prerunner 2x4 2.4E, 2W, MT with Roof",,th,,Active,
log,3ฒย2294,thailand,,,car,,Rental Car,"Job car, Toyota Smart cab Prerunner 2x4 2.4E, 2W, MT with Roof",,th,,Active,
log,3ฒย2604,thailand,,,car,,Rental Car,"Job car, Toyota Smart cab Prerunner 2x4 2.4E, 2W, MT with Roof",,th,,Active,
log,3ฒษ3332,thailand,,,car,,Rental Car,"Job car, Toyota Smart cab Prerunner 2x4 2.4E, 2W, MT with Roof",,th,,Active,
log,4ขฐ9630,thailand,,,car,,Rental Car,"Job car, Toyota Revo",,th,,Active,
log,4ขท8804,thailand,,,car,,Rental Car,"Job car, Toyota REVO ( D-CAB) Double  Cab 2WD 2.4 MID A/T PRERUNNER  (With  Roof)",,th,,Active,
log,4ขท8805,thailand,,,car,,Rental Car,"Job car, Toyota REVO ( D-CAB) Double  Cab 2WD 2.4 MID A/T PRERUNNER  (With  Roof)",,th,,Active,
log,4ฒข8451,thailand,,,car,,Rental Car,"Job car, Toyota REVO ( D-CAB) Double  Cab 2WD 2.4 MID A/T PRERUNNER  (With  Roof)",,th,,Active,
log,5ขฬ7901,thailand,,,car,,Rental Car,"Job car, Toyota Revo double cab 2WD 2.4 MID AT Prerunner with Roof G3",,th,,Active,
log,9กภ9211,thailand,,,car,,Rental Car,"Job car, Toyota REVO ( D-CAB) Double  Cab 2WD 2.4 MID A/T PRERUNNER  (With  Roof)",,th,,Active,
log,9กภ931,thailand,,,car,,Rental Car,"Job car, Toyota REVO ( D-CAB) Double  Cab 2WD 2.4 MID A/T PRERUNNER  (With  Roof)",,th,,Active,
log,5ขฬ7910,thailand,,,car,,Rental Car,"Job car, Toyota REVO ( D-CAB) Double  Cab 2WD 2.4 MID A/T PRERUNNER  (With  Roof)",,th,,Active,
log,4ขฆ7581,thailand,,,car,,Rental Car,"Job car, Toyota Fortuner 2.4V 2W A/T",,th,,Active,
log,4ขง4619,thailand,,,car,,Rental Car,"Job car, Toyota REVO ( D-CAB) Double  Cab 2WD 2.4 MID A/T PRERUNNER  (With  Roof)",,th,,Active,
log,1ขฌ2597,thailand,,,car,,Rental Car,"Job car, Toyota Revo",,th,,Active,
log,2ขญ324,thailand,,,car,,Rental Car,"Job car, Toyota REVO ( D-CAB) Double  Cab 2WD 2.4 MID A/T PRERUNNER  (With  Roof)",,th,,Active,
log,2ขฎ3805,thailand,,,car,,Rental Car,"Job car, Toyota REVO ( D-CAB) Double  Cab 2WD 2.4 MID A/T PRERUNNER  (With  Roof)",,th,,Active,
log,2ขฐ631,thailand,,,car,,Rental Car,"Job car, Toyota Fortuner 2.4V 2W A/T",,th,,Active,
log,2ขฐ680,thailand,,,car,,Rental Car,"Position car, Toyota Camry",,th,,Inactive,
log,2ขฐ7477,thailand,,,car,,Rental Car,"Job car, Toyota Fortuner 2.4V 2W A/T",,th,,Active,
log,2ขฒ8576,thailand,,,car,,Rental Car,"Job car, Toyota Toyota Vios",,th,,Active,
log,2ขภ2501,thailand,,,car,,Rental Car,"Position car, Toyota Camry",,th,,Active,
log,2ขศ9566,thailand,,,car,,Rental Car,"Position car, Toyota Camry",,th,,Active,
log,3ขถ2401,thailand,,,car,,Rental Car,"Job car, Toyota Fortuner 2.4V 2W A/T",,th,,Active,
log,3ขท3813,thailand,,,car,,Rental Car,"Job car, Toyota REVO ( D-CAB) Double  Cab 2WD 2.4 MID A/T PRERUNNER  (With  Roof)",,th,,Active,
log,3ขท4180,thailand,,,car,,Rental Car,"Job car, Toyota REVO ( D-CAB) Double  Cab 2WD 2.4 MID A/T PRERUNNER  (With  Roof)",,th,,Active,
log,3ขธ9758,thailand,,,car,,Rental Car,"Job car, Toyota REVO ( D-CAB) Double  Cab 2WD 2.4 MID A/T PRERUNNER  (With  Roof)",,th,,Active,
log,3ขน6400,thailand,,,car,,Rental Car,"Job car, Toyota REVO ( D-CAB) Double  Cab 2WD 2.4 MID A/T PRERUNNER  (With  Roof)",,th,,Active,
log,3ขน6405,thailand,,,car,,Rental Car,"Job car, Toyota REVO ( D-CAB) Double  Cab 2WD 2.4 MID A/T PRERUNNER  (With  Roof)",,th,,Active,
log,3ขน6440,thailand,,,car,,Rental Car,"Job car, Toyota Revo",,th,,Active,
log,3ขผ1766,thailand,,,car,,Rental Car,"Job car, Toyota REVO ( D-CAB) Double  Cab 2WD 2.4 MID A/T PRERUNNER  (With  Roof)",,th,,Active,
log,3ขล2114,thailand,,,car,,Rental Car,"Job car, Toyota REVO ( D-CAB) Double  Cab 2WD 2.4 MID A/T PRERUNNER  (With  Roof)",,th,,Active,
log,3ขล2116,thailand,,,car,,Rental Car,"Job car, Toyota REVO ( D-CAB) Double  Cab 2WD 2.4 MID A/T PRERUNNER  (With  Roof)",,th,,Active,
log,3ขล2118,thailand,,,car,,Rental Car,"Job car, Toyota REVO ( D-CAB) Double  Cab 2WD 2.4 MID A/T PRERUNNER  (With  Roof)",,th,,Active,
log,3ขล2126,thailand,,,car,,Rental Car,"Job car, Toyota REVO ( D-CAB) Double  Cab 2WD 2.4 MID A/T PRERUNNER  (With  Roof)",,th,,Active,
log,3ฒฐ4548,thailand,,,car,,Rental Car,"Job car, Toyota Smart cab Prerunner 2x4 2.4E, 2W, MT with Roof",,th,,Active,
log,3ฒภ6462,thailand,,,car,,Rental Car,"Job car, Toyota Smart cab Prerunner 2x4 2.4E, 2W, MT with Roof",,th,,Active,
log,4ขง4630,thailand,,,car,,Rental Car,"Job car, Toyota REVO ( D-CAB) Double  Cab 2WD 2.4 MID A/T PRERUNNER  (With  Roof)",,th,,Active,
log,4ขฐ9672,thailand,,,car,,Rental Car,"Job car, Toyota REVO ( D-CAB) Double  Cab 2WD 2.4 MID A/T PRERUNNER  (With  Roof)",,th,,Active,
log,4ขผ3126,thailand,,,car,,Rental Car,"Job car, Toyota REVO ( D-CAB) Double  Cab 2WD 2.4 MID A/T PRERUNNER  (With  Roof)",,th,,Active,
log,4ขห3871,thailand,,,car,,Rental Car,"Job car, Toyota REVO ( D-CAB) Double  Cab 2WD 2.4 MID A/T PRERUNNER  (With  Roof)",,th,,Active,
log,9กฌ520,thailand,,,car,,Rental Car,"Position car, Toyota Camry",,th,,Active,
log,9กภ913,thailand,,,car,,Rental Car,"Job car, Toyota REVO ( D-CAB) Double  Cab 2WD 2.4 MID A/T PRERUNNER  (With  Roof)",,th,,Active,
log,9กภ9215,thailand,,,car,,Rental Car,"Job car, Toyota REVO ( D-CAB) Double  Cab 2WD 2.4 MID A/T PRERUNNER  (With  Roof)",,th,,Active,
log,9กม1762,thailand,,,car,,Rental Car,"Job car, Toyota REVO ( D-CAB) Double  Cab 2WD 2.4 MID A/T PRERUNNER  (With  Roof)",,th,,Inactive,
log,9กม1766,thailand,,,car,,Rental Car,"Job car, Toyota REVO ( D-CAB) Double  Cab 2WD 2.4 MID A/T PRERUNNER  (With  Roof)",,th,,Active,
log,9กย8853,thailand,,,car,,Rental Car,"Job car, Toyota REVO ( D-CAB) Double  Cab 2WD 2.4 MID A/T PRERUNNER  (With  Roof)",,th,,Active,
log,9กฮ377,thailand,,,car,,Rental Car,"Job car, Toyota Fortuner 2.4V 2W A/T",,th,,Inactive,
log,2ขฒ7581,thailand,,,car,,Rental Car,"Job car, Toyota Fortuner 2.4V 2W A/T",,th,,Active,
log,2ขญ328,thailand,,,car,,Rental Car,"Job car, Toyota REVO ( D-CAB) Double  Cab 2WD 2.4 MID A/T PRERUNNER  (With  Roof)",,th,,Active,
log,3ขน3759,thailand,,,car,,Rental Car,"Job car, Toyota REVO ( D-CAB) Double  Cab 2WD 2.4 MID A/T PRERUNNER  (With  Roof)",,th,,Active,
log,5ขว3547,thailand,,,car,,Rental Car,"Job car, Toyota REVO ( D-CAB) Double  Cab 2WD 2.4 MID A/T PRERUNNER  (With  Roof)",,th,,Active,
log,นบ71-3222,thailand,,,bulk,,,,,th,,,
log,สฎ70-5431,thailand,,,bag,,,,,th,,,
log,นบ83-6588,thailand,,,bulk,,,,,th,,,
log,สฎ70-5679,thailand,,,bag,,,,,th,,,
log,ชน70-4273,thailand,,,bulk,,,,,th,,,
log,ชน70-4274,thailand,,,bulk,,,,,th,,,
log,ชน70-4277,thailand,,,bulk,,,,,th,,,
log,ชน70-4278,thailand,,,bulk,,,,,th,,,
log,ชน70-4279,thailand,,,bulk,,,,,th,,,
log,ชน70-4281,thailand,,,bulk,,,,,th,,,
log,ชน70-4282,thailand,,,bulk,,,,,th,,,
log,ชน70-4284,thailand,,,bulk,,,,,th,,,
log,ชน70-4275,thailand,,,bulk,,,,,th,,,
log,ชน70-4276,thailand,,,bulk,,,,,th,,,
log,นว71-3298,thailand,,,bag,,,,,th,,,
log,สบ72-9916,thailand,,,bulk,,,,,th,,,
log,นบ70-9191,thailand,,,bulk,,,,,th,,,
log,ชน70-4098,thailand,,,bulk,,,,,th,,,
log,ชน70-4097,thailand,,,bulk,,,,,th,,,
log,สบ72-1314,thailand,,,bulk,,,,,th,,,
