place,department,kind,name,type,site,country,id,email,bu
Admin Huy IT,Electrical Maintenance,Máy tính,,electrical,thiv,thailand,THIV-ADM-01,son.pham@siamcitycement.com,vn
Admin Huy IT,Electrical Maintenance,Dây nguồn socket,,electrical,thiv,thailand,THIV-ADM-02,son.pham@siamcitycement.com,vn
Admin Huy IT,Electrical Maintenance,Máy tính,,electrical,thiv,thailand,THIV-ADM-03,son.pham@siamcitycement.com,vn
Admin Huy IT,Electrical Maintenance,Dây nguồn socket,,electrical,thiv,thailand,THIV-ADM-04,son.pham@siamcitycement.com,vn
Admin Huy IT,Electrical Maintenance,Dây nguồn socket,,electrical,thiv,thailand,THIV-ADM-05,son.pham@siamcitycement.com,vn
Admin P A Thạnh,Electrical Maintenance,Quạt,,electrical,thiv,thailand,THIV-ADM-06,son.pham@siamcitycement.com,vn
Admin P A Thạnh,Electrical Maintenance,Máy tính,,electrical,thiv,thailand,THIV-ADM-07,son.pham@siamcitycement.com,vn
Admin P A Thạnh,Electrical Maintenance,Dây sạc máy tính,,electrical,thiv,thailand,THIV-ADM-08,son.pham@siamcitycement.com,vn
Admin P A Thạnh,Electrical Maintenance,Dây nguồn socket,,electrical,thiv,thailand,THIV-ADM-09,son.pham@siamcitycement.com,vn
Admin,Electrical Maintenance,Dây nguồn socket,,electrical,thiv,thailand,THIV-ADM-10,son.pham@siamcitycement.com,vn
Admin,Electrical Maintenance,Dây nguồn socket,,electrical,thiv,thailand,THIV-ADM-11,son.pham@siamcitycement.com,vn
Admin,Electrical Maintenance,Máy ép nhựa So Good,,electrical,thiv,thailand,THIV-ADM-12,son.pham@siamcitycement.com,vn
Admin,Electrical Maintenance,Máy nươc nóng,,electrical,thiv,thailand,THIV-ADM-13,son.pham@siamcitycement.com,vn
Admin,Electrical Maintenance,Máy in HP,,electrical,thiv,thailand,THIV-ADM-14,son.pham@siamcitycement.com,vn
Admin,Electrical Maintenance,Máy tính,,electrical,thiv,thailand,THIV-ADM-15,son.pham@siamcitycement.com,vn
Admin,Electrical Maintenance,Máy hủy giấy X220,,electrical,thiv,thailand,THIV-ADM-16,son.pham@siamcitycement.com,vn
Admin P trà,Electrical Maintenance,Tủ lạnh LG,,electrical,thiv,thailand,THIV-ADM-17,son.pham@siamcitycement.com,vn
Admin P trà,Electrical Maintenance,Lò vi sóng Electrolux,,electrical,thiv,thailand,THIV-ADM-18,son.pham@siamcitycement.com,vn
Admin P trà,Electrical Maintenance,Ấm đun nước nóng Shunhouse,,electrical,thiv,thailand,THIV-ADM-19,son.pham@siamcitycement.com,vn
Admin WC Nam,Electrical Maintenance,Máy sấy tay,,electrical,thiv,thailand,THIV-ADM-20,son.pham@siamcitycement.com,vn
Admin P A Thạnh,Electrical Maintenance,Dây nguồn socket,,electrical,thiv,thailand,THIV-ADM-21,son.pham@siamcitycement.com,vn
Admin Dự án,Electrical Maintenance,Dây nguồn socket,,electrical,thiv,thailand,THIV-ADM-22,son.pham@siamcitycement.com,vn
Admin Custumer,Electrical Maintenance,Dây nguồn socket,,electrical,thiv,thailand,THIV-ADM-23,son.pham@siamcitycement.com,vn
Admin A Vũ,Electrical Maintenance,Dây nguồn socket,,electrical,thiv,thailand,THIV-ADM-24,son.pham@siamcitycement.com,vn
Admin A Vũ,Electrical Maintenance,Xạc bộ đàm,,electrical,thiv,thailand,THIV-ADM-25,son.pham@siamcitycement.com,vn
Admin A Vũ,Electrical Maintenance,Máy tính,,electrical,thiv,thailand,THIV-ADM-26,son.pham@siamcitycement.com,vn
Admin P GĐ,Electrical Maintenance,Dây nguồn socket,,electrical,thiv,thailand,THIV-ADM-27,son.pham@siamcitycement.com,vn
Admin P GĐ,Electrical Maintenance,Máy tính,,electrical,thiv,thailand,THIV-ADM-28,son.pham@siamcitycement.com,vn
Admin P Chị Thanh,Electrical Maintenance,Dây nguồn socket,,electrical,thiv,thailand,THIV-ADM-29,son.pham@siamcitycement.com,vn
Admin A Vũ,Electrical Maintenance,Máy in Passport,,electrical,thiv,thailand,THIV-ADM-30,son.pham@siamcitycement.com,vn
Admin A Vũ,Electrical Maintenance,Máy tính,,electrical,thiv,thailand,THIV-ADM-31,son.pham@siamcitycement.com,vn
Admin A Vũ,Electrical Maintenance,Xạc bộ đàm,,electrical,thiv,thailand,THIV-ADM-32,son.pham@siamcitycement.com,vn
Admin P.GĐ,Electrical Maintenance,Xạc điện thoại bàn,,electrical,thiv,thailand,THIV-ADM-33,son.pham@siamcitycement.com,vn
Admin P Chị Thanh,Electrical Maintenance,UPS,,electrical,thiv,thailand,THIV-ADM-34,son.pham@siamcitycement.com,vn
Admin P họp,Electrical Maintenance,Máy chiếu phòng họp,,electrical,thiv,thailand,THIV-ADM-35,son.pham@siamcitycement.com,vn
Admin P họp,Electrical Maintenance,TV sony,,electrical,thiv,thailand,THIV-ADM-36,son.pham@siamcitycement.com,vn
Admin,Electrical Maintenance,Máy photo Fujixerox,,electrical,thiv,thailand,THIV-ADM-37,son.pham@siamcitycement.com,vn
Admin TT,Electrical Maintenance,UPS,,electrical,thiv,thailand,THIV-ADM-38,son.pham@siamcitycement.com,vn
Admin TT,Electrical Maintenance,Máy đánh giày,,electrical,thiv,thailand,THIV-ADM-39,son.pham@siamcitycement.com,vn
Admin TT,Electrical Maintenance,Dây nguồn socket,,electrical,thiv,thailand,THIV-ADM-40,son.pham@siamcitycement.com,vn
Admin P IT,Electrical Maintenance,Dây nguồn socket,,electrical,thiv,thailand,THIV-ADM-41,son.pham@siamcitycement.com,vn
Admin P IT,Electrical Maintenance,UPS,,electrical,thiv,thailand,THIV-ADM-42,son.pham@siamcitycement.com,vn
Canteen Insee,Electrical Maintenance,Tủ đông Santaky,,electrical,thiv,thailand,THIV-CANTE-01,son.pham@siamcitycement.com,vn
Canteen Insee,Electrical Maintenance,Máy nươc nóng,,electrical,thiv,thailand,THIV-CANTE-02,son.pham@siamcitycement.com,vn
Canteen Insee,Electrical Maintenance,Nồi cơm điện,,electrical,thiv,thailand,THIV-CANTE-03,son.pham@siamcitycement.com,vn
Canteen Insee,Electrical Maintenance,Nồi cơm điện,,electrical,thiv,thailand,THIV-CANTE-04,son.pham@siamcitycement.com,vn
Canteen Insee,Electrical Maintenance,Máy bắt côn trùng,,electrical,thiv,thailand,THIV-CANTE-05,son.pham@siamcitycement.com,vn
Canteen Insee,Electrical Maintenance,Tủ làm mát Aláska,,electrical,thiv,thailand,THIV-CANTE-06,son.pham@siamcitycement.com,vn
Canteen Insee,Electrical Maintenance,Tủ Lạnh Sanyo,,electrical,thiv,thailand,THIV-CANTE-07,son.pham@siamcitycement.com,vn
Canteen Insee,Electrical Maintenance,Tủ Lạnh Toshiba,,electrical,thiv,thailand,THIV-CANTE-08,son.pham@siamcitycement.com,vn
Canteen Insee,Electrical Maintenance,Tủ đông Santaky,,electrical,thiv,thailand,THIV-CANTE-09,son.pham@siamcitycement.com,vn
Canteen Insee,Electrical Maintenance,TV LG,,electrical,thiv,thailand,THIV-CANTE-10,son.pham@siamcitycement.com,vn
Canteen Insee,Electrical Maintenance,Quạt treo tường,,electrical,thiv,thailand,THIV-CANTE-11,son.pham@siamcitycement.com,vn
Canteen Insee,Electrical Maintenance,Quạt treo tường,,electrical,thiv,thailand,THIV-CANTE-12,son.pham@siamcitycement.com,vn
Canteen Insee,Electrical Maintenance,Quạt treo tường,,electrical,thiv,thailand,THIV-CANTE-13,son.pham@siamcitycement.com,vn
Canteen Insee,Electrical Maintenance,Quạt treo tường,,electrical,thiv,thailand,THIV-CANTE-14,son.pham@siamcitycement.com,vn
Canteen Insee,Electrical Maintenance,Quạt treo tường,,electrical,thiv,thailand,THIV-CANTE-15,son.pham@siamcitycement.com,vn
Canteen Insee,Electrical Maintenance,Quạt treo tường,,electrical,thiv,thailand,THIV-CANTE-16,son.pham@siamcitycement.com,vn
Canteen Insee,Electrical Maintenance,Quạt treo tường,,electrical,thiv,thailand,THIV-CANTE-17,son.pham@siamcitycement.com,vn
Canteen Insee,Electrical Maintenance,Tủ làm mát Darling,,electrical,thiv,thailand,THIV-CANTE-18,son.pham@siamcitycement.com,vn
Phòng Y Tế,Electrical Maintenance,Máy tạo Oxy,,electrical,thiv,thailand,THIV-PYT-01,son.pham@siamcitycement.com,vn
Phòng Y Tế,Electrical Maintenance,Dây nguồn,,electrical,thiv,thailand,THIV-PYT-02,son.pham@siamcitycement.com,vn
Phòng Y Tế,Electrical Maintenance,Máy nước nóng,,electrical,thiv,thailand,THIV-PYT-03,son.pham@siamcitycement.com,vn
Phòng Y Tế,Electrical Maintenance,Máy Tính,,electrical,thiv,thailand,THIV-PYT-04,son.pham@siamcitycement.com,vn
Phòng Y Tế,Electrical Maintenance,Tủ lạnh,,electrical,thiv,thailand,THIV-PYT-05,son.pham@siamcitycement.com,vn
Phòng Y Tế,Electrical Maintenance,UPS,,electrical,thiv,thailand,THIV-PYT-06,son.pham@siamcitycement.com,vn
Phòng Y Tế,Electrical Maintenance,Đèn giải phẩu,,electrical,thiv,thailand,THIV-PYT-07,son.pham@siamcitycement.com,vn
Phòng Y Tế,Electrical Maintenance,Máy hút đờm,,electrical,thiv,thailand,THIV-PYT-08,son.pham@siamcitycement.com,vn
Phòng Y Tế,Electrical Maintenance,Máy in HP,,electrical,thiv,thailand,THIV-PYT-09,son.pham@siamcitycement.com,vn
Phòng Y Tế,Electrical Maintenance,Loa vi tính,,electrical,thiv,thailand,THIV-PYT-10,son.pham@siamcitycement.com,vn
Phòng Y Tế,Electrical Maintenance,Ấm siêu tốc,,electrical,thiv,thailand,THIV-PYT-11,son.pham@siamcitycement.com,vn
Phòng Y Tế,Electrical Maintenance,Máy siêu âm,,electrical,thiv,thailand,THIV-PYT-12,son.pham@siamcitycement.com,vn
Phòng Y Tế,Electrical Maintenance,Máy giặc,,electrical,thiv,thailand,THIV-PYT-13,son.pham@siamcitycement.com,vn
Phòng Y Tế,Electrical Maintenance,Sạc bộ đàm,,electrical,thiv,thailand,THIV-PYT-14,son.pham@siamcitycement.com,vn
Phòng Bảo Vệ cổng chính,Electrical Maintenance,Xạc điên thoại bàn,,electrical,thiv,thailand,THIV-PBV-01,son.pham@siamcitycement.com,vn
Phòng Bảo Vệ cổng chính,Electrical Maintenance,Dây nguồn socket,,electrical,thiv,thailand,THIV-PBV-02,son.pham@siamcitycement.com,vn
Phòng Bảo Vệ cổng chính,Electrical Maintenance,Máy Tính,,electrical,thiv,thailand,THIV-PBV-03,son.pham@siamcitycement.com,vn
Phòng Bảo Vệ cổng chính,Electrical Maintenance,Xạc bộ đàm,,electrical,thiv,thailand,THIV-PBV-04,son.pham@siamcitycement.com,vn
Phòng Bảo Vệ cổng chính,Electrical Maintenance,UPS,,electrical,thiv,thailand,THIV-PBV-05,son.pham@siamcitycement.com,vn
Phòng Bảo Vệ cổng chính,Electrical Maintenance,âm li,,electrical,thiv,thailand,THIV-PBV-06,son.pham@siamcitycement.com,vn
Phòng Bảo Vệ Cổng phụ,Electrical Maintenance,TV Samsung,,electrical,thiv,thailand,THIV-PBV-07,son.pham@siamcitycement.com,vn
Phòng Bảo Vệ Cổng phụ,Electrical Maintenance,Xạc bộ đàm,,electrical,thiv,thailand,THIV-PBV-08,son.pham@siamcitycement.com,vn
Phòng Bảo Vệ Cổng phụ,Electrical Maintenance,Dây nguồn socket,,electrical,thiv,thailand,THIV-PBV-09,son.pham@siamcitycement.com,vn
Phòng Bảo Vệ Cổng phụ,Electrical Maintenance,Máy tính,,electrical,thiv,thailand,THIV-PBV-10,son.pham@siamcitycement.com,vn
Phòng Bảo Vệ Cổng phụ,Electrical Maintenance,Máy tính,,electrical,thiv,thailand,THIV-PBV-11,son.pham@siamcitycement.com,vn
Phòng Bảo Vệ Cổng phụ,Electrical Maintenance,Dây nguồn socket,,electrical,thiv,thailand,THIV-PBV-12,son.pham@siamcitycement.com,vn
Phòng Bảo Vệ Cổng phụ,Electrical Maintenance,TV LG,,electrical,thiv,thailand,THIV-PBV-13,son.pham@siamcitycement.com,vn
Nhà Huấn Luyện,Electrical Maintenance,Máy nước nóng,,electrical,thiv,thailand,THIV-PHL-01,son.pham@siamcitycement.com,vn
Nhà Huấn Luyện,Electrical Maintenance,Máy tính,,electrical,thiv,thailand,THIV-PHL-02,son.pham@siamcitycement.com,vn
Nhà Huấn Luyện,Electrical Maintenance,Máy chiếu,,electrical,thiv,thailand,THIV-PHL-03,son.pham@siamcitycement.com,vn
Nhà Huấn Luyện,Electrical Maintenance,Loa Vi tính,,electrical,thiv,thailand,THIV-PHL-04,son.pham@siamcitycement.com,vn
Canteen tài xế,Electrical Maintenance,Tivi sony,,electrical,thiv,thailand,THIV-CANT-TX-01,son.pham@siamcitycement.com,vn
Canteen tài xế,Electrical Maintenance,Máy nóng lạnh,,electrical,thiv,thailand,THIV-CANT-TX-02,son.pham@siamcitycement.com,vn
Canteen tài xế,Electrical Maintenance,Tủ mát,,electrical,thiv,thailand,THIV-CANT-TX-03,son.pham@siamcitycement.com,vn
Phòng nghỉ tãi xế nhân viên,Electrical Maintenance,Quạt treo tường,,electrical,thiv,thailand,THIV-PNTX-01,son.pham@siamcitycement.com,vn
Phòng nghỉ tãi xế nhân viên,Electrical Maintenance,Quạt treo tường,,electrical,thiv,thailand,THIV-PNTX-02,son.pham@siamcitycement.com,vn
Locker nữ,Electrical Maintenance,Quạt đứng,,electrical,thiv,thailand,THIV-LOC-N-01,son.pham@siamcitycement.com,vn
Phòng Lab,Electrical Maintenance,Quạt hút,,electrical,thiv,thailand,THIV-PL-01,son.pham@siamcitycement.com,vn
Phòng Lab,Electrical Maintenance,Dây nguồn SocKet,,electrical,thiv,thailand,THIV-PL-02,son.pham@siamcitycement.com,vn
Phòng Lab,Electrical Maintenance,Dây nguồn SocKet,,electrical,thiv,thailand,THIV-PL-03,son.pham@siamcitycement.com,vn
Phòng Lab,Electrical Maintenance,Máy hút bụi 71105,,electrical,thiv,thailand,THIV-PL-04,son.pham@siamcitycement.com,vn
Phòng Lab,Electrical Maintenance,Máy hút bụi,,electrical,thiv,thailand,THIV-PL-05,son.pham@siamcitycement.com,vn
Phòng Lab,Electrical Maintenance,Máy hút bụi,,electrical,thiv,thailand,THIV-PL-06,son.pham@siamcitycement.com,vn
Phòng Lab,Electrical Maintenance,Máy in HP,,electrical,thiv,thailand,THIV-PL-07,son.pham@siamcitycement.com,vn
Phòng Lab,Electrical Maintenance,Máy nghiền đĩa,,electrical,thiv,thailand,THIV-PL-08,son.pham@siamcitycement.com,vn
Phòng Lab,Electrical Maintenance,Máy nước nóng,,electrical,thiv,thailand,THIV-PL-09,son.pham@siamcitycement.com,vn
Phòng Lab,Electrical Maintenance,Máy đập hàm,,electrical,thiv,thailand,THIV-PL-10,son.pham@siamcitycement.com,vn
Phòng Lab,Electrical Maintenance,Máy sàng khí,,electrical,thiv,thailand,THIV-PL-11,son.pham@siamcitycement.com,vn
Phòng Lab,Electrical Maintenance,Máy Tính,,electrical,thiv,thailand,THIV-PL-12,son.pham@siamcitycement.com,vn
Phòng Lab,Electrical Maintenance,Máy ép viên,,electrical,thiv,thailand,THIV-PL-13,son.pham@siamcitycement.com,vn
Phòng Lab,Electrical Maintenance,Máy Tính,,electrical,thiv,thailand,THIV-PL-14,son.pham@siamcitycement.com,vn
Phòng Lab,Electrical Maintenance,Máy Tính,,electrical,thiv,thailand,THIV-PL-15,son.pham@siamcitycement.com,vn
Phòng Lab,Electrical Maintenance,Máy Tính,,electrical,thiv,thailand,THIV-PL-16,son.pham@siamcitycement.com,vn
Phòng Lab,Electrical Maintenance,Maáy X Ray,,electrical,thiv,thailand,THIV-PL-17,son.pham@siamcitycement.com,vn
Phòng Lab,Electrical Maintenance,Lò 1000 độ C,,electrical,thiv,thailand,THIV-PL-18,son.pham@siamcitycement.com,vn
Phòng Lab,Electrical Maintenance,UPS,,electrical,thiv,thailand,THIV-PL-19,son.pham@siamcitycement.com,vn
Phòng Lab,Electrical Maintenance,Máy sấy 45 độ C,,electrical,thiv,thailand,THIV-PL-20,son.pham@siamcitycement.com,vn
Phòng Lab,Electrical Maintenance,Cân mẫu,,electrical,thiv,thailand,THIV-PL-21,son.pham@siamcitycement.com,vn
Phòng Lab,Electrical Maintenance,Cân mẫu,,electrical,thiv,thailand,THIV-PL-22,son.pham@siamcitycement.com,vn
Phòng Lab,Electrical Maintenance,Cân mẫu,,electrical,thiv,thailand,THIV-PL-23,son.pham@siamcitycement.com,vn
Phòng Lab,Electrical Maintenance,Cân mẫu,,electrical,thiv,thailand,THIV-PL-24,son.pham@siamcitycement.com,vn
Phòng Lab,Electrical Maintenance,Máy sấy,,electrical,thiv,thailand,THIV-PL-25,son.pham@siamcitycement.com,vn
Phòng Lab,Electrical Maintenance,Máy trộn vữa,,electrical,thiv,thailand,THIV-PL-26,son.pham@siamcitycement.com,vn
Phòng Lab,Electrical Maintenance,Bể ngâm mẫu,,electrical,thiv,thailand,THIV-PL-27,son.pham@siamcitycement.com,vn
Phòng Lab,Electrical Maintenance,Bể ngâm mẫu,,electrical,thiv,thailand,THIV-PL-28,son.pham@siamcitycement.com,vn
Phòng Lab,Electrical Maintenance,Thiết bị điều nhiệt Le Chatelier,,electrical,thiv,thailand,THIV-PL-29,son.pham@siamcitycement.com,vn
Phòng Lab,Electrical Maintenance,UPS p X ray,,electrical,thiv,thailand,THIV-PL-30,son.pham@siamcitycement.com,vn
Phòng Lab,Electrical Maintenance,Maáy tính,,electrical,thiv,thailand,THIV-PL-31,son.pham@siamcitycement.com,vn
Phòng Lab,Electrical Maintenance,UPS,,electrical,thiv,thailand,THIV-PL-32,son.pham@siamcitycement.com,vn
Phòng Lab,Electrical Maintenance,Sạc bộ đàm,,electrical,thiv,thailand,THIV-PL-33,son.pham@siamcitycement.com,vn
Phòng Lab,Electrical Maintenance,Máy siêu âm,,electrical,thiv,thailand,THIV-PL-34,son.pham@siamcitycement.com,vn
Phòng Lab,Electrical Maintenance,Máy Photocopy ( Pnghiệp ),,electrical,thiv,thailand,THIV-PL-35,son.pham@siamcitycement.com,vn
Phòng Lab,Electrical Maintenance,Máy nén cường độ,,electrical,thiv,thailand,THIV-PL-36,son.pham@siamcitycement.com,vn
Phòng Lab,Electrical Maintenance,Bàn dằn,,electrical,thiv,thailand,THIV-PL-37,son.pham@siamcitycement.com,vn
Phòng Lab,Electrical Maintenance,Tủ dưởng mẫu,,electrical,thiv,thailand,THIV-PL-38,son.pham@siamcitycement.com,vn
Phòng Lab,Electrical Maintenance,Máy trộn vữa,,electrical,thiv,thailand,THIV-PL-39,son.pham@siamcitycement.com,vn
Phòng Lab,Electrical Maintenance,Máy cất nước,,electrical,thiv,thailand,THIV-PL-40,son.pham@siamcitycement.com,vn
Phòng Lab,Electrical Maintenance,Cân mẫu,,electrical,thiv,thailand,THIV-PL-41,son.pham@siamcitycement.com,vn
Phòng Lab,Electrical Maintenance,Máy in,,electrical,thiv,thailand,THIV-PL-42,son.pham@siamcitycement.com,vn
Phòng Lab,Electrical Maintenance,Bể ngăm mẫu,,electrical,thiv,thailand,THIV-PL-43,son.pham@siamcitycement.com,vn
Phòng Lab,Electrical Maintenance,Tủ dưỡng mẫu,,electrical,thiv,thailand,THIV-PL-44,son.pham@siamcitycement.com,vn
Phòng Lab,Electrical Maintenance,Máy test bao,,electrical,thiv,thailand,THIV-PL-45,son.pham@siamcitycement.com,vn
Cầu cân,Electrical Maintenance,Sạc bộ đàm motorola,,electrical,thiv,thailand,THIV-CC-01,son.pham@siamcitycement.com,vn
Cầu cân,Electrical Maintenance,Sạc bộ đàm Panasonic,,electrical,thiv,thailand,THIV-CC-02,son.pham@siamcitycement.com,vn
Cầu cân,Electrical Maintenance,Dây nguồn,,electrical,thiv,thailand,THIV-CC-03,son.pham@siamcitycement.com,vn
Cầu cân,Electrical Maintenance,Dây nguồn,,electrical,thiv,thailand,THIV-CC-04,son.pham@siamcitycement.com,vn
Cầu cân,Electrical Maintenance,UPS APC,,electrical,thiv,thailand,THIV-CC-05,son.pham@siamcitycement.com,vn
Cầu cân,Electrical Maintenance,Lò Vi Sóng Electrolux,,electrical,thiv,thailand,THIV-CC-06,son.pham@siamcitycement.com,vn
Cầu cân,Electrical Maintenance,UPS APC,,electrical,thiv,thailand,THIV-CC-07,son.pham@siamcitycement.com,vn
Cầu cân,Electrical Maintenance,Máy in EPSon,,electrical,thiv,thailand,THIV-CC-08,son.pham@siamcitycement.com,vn
Cầu cân,Electrical Maintenance,Máy in,,electrical,thiv,thailand,THIV-CC-09,son.pham@siamcitycement.com,vn
Cầu cân,Electrical Maintenance,Máy nước nóng,,electrical,thiv,thailand,THIV-CC-10,son.pham@siamcitycement.com,vn
Cầu cân,Electrical Maintenance,Máy tính,,electrical,thiv,thailand,THIV-CC-11,son.pham@siamcitycement.com,vn
Cầu cân,Electrical Maintenance,Máy Tính,,electrical,thiv,thailand,THIV-CC-12,son.pham@siamcitycement.com,vn
Cầu cân,Electrical Maintenance,May in Brother,,electrical,thiv,thailand,THIV-CC-13,son.pham@siamcitycement.com,vn
Phòng Barge Loading,Electrical Maintenance,Máy tính,,electrical,thiv,thailand,THIV-BL-01,son.pham@siamcitycement.com,vn
Phòng Barge Loading,Electrical Maintenance,Âmli,,electrical,thiv,thailand,THIV-BL-02,son.pham@siamcitycement.com,vn
Phòng Barge Loading,Electrical Maintenance,Sạc bộ đàm,,electrical,thiv,thailand,THIV-BL-03,son.pham@siamcitycement.com,vn
Phòng Barge Loading,Electrical Maintenance,Máy in Canon,,electrical,thiv,thailand,THIV-BL-04,son.pham@siamcitycement.com,vn
Phòng Barge Loading,Electrical Maintenance,Máy in Epson,,electrical,thiv,thailand,THIV-BL-05,son.pham@siamcitycement.com,vn
Phòng Barge Loading,Electrical Maintenance,Máy nước nóng,,electrical,thiv,thailand,THIV-BL-06,son.pham@siamcitycement.com,vn
Phòng Barge Loading,Electrical Maintenance,Máy tính,,electrical,thiv,thailand,THIV-BL-07,son.pham@siamcitycement.com,vn
Phòng Barge Loading,Electrical Maintenance,UPS APC,,electrical,thiv,thailand,THIV-BL-08,son.pham@siamcitycement.com,vn
Phòng Barge Loading,Electrical Maintenance,UPS,,electrical,thiv,thailand,THIV-BL-09,son.pham@siamcitycement.com,vn
Phòng Barge Loading,Electrical Maintenance,UPS,,electrical,thiv,thailand,THIV-BL-10,son.pham@siamcitycement.com,vn
Phòng Barge Loading,Electrical Maintenance,UPS,,electrical,thiv,thailand,THIV-BL-11,son.pham@siamcitycement.com,vn
Phòng Barge Loading,Electrical Maintenance,Dây nguồn SocKet,,electrical,thiv,thailand,THIV-BL-12,son.pham@siamcitycement.com,vn
Phong bao ve Barge,Electrical Maintenance,Quạt tường,,electrical,thiv,thailand,THIV-BL-13,son.pham@siamcitycement.com,vn
Phong bao ve Barge,Electrical Maintenance,Charge bộ đàm,,electrical,thiv,thailand,THIV-BL-14,son.pham@siamcitycement.com,vn
Phòng chờ Barge,Electrical Maintenance,Máy nước nóng,,electrical,thiv,thailand,THIV-PCB-01,son.pham@siamcitycement.com,vn
Truck loader,Electrical Maintenance,Sạc bộ đàm,,electrical,thiv,thailand,THIV-TRL-01,son.pham@siamcitycement.com,vn
Truck loader,Electrical Maintenance,UPS,,electrical,thiv,thailand,THIV-TRL-02,son.pham@siamcitycement.com,vn
Truck loader,Electrical Maintenance,Máy tính,,electrical,thiv,thailand,THIV-TRL-03,son.pham@siamcitycement.com,vn
Truck loader,Electrical Maintenance,May tinh counter,,electrical,thiv,thailand,THIV-TRL-04,son.pham@siamcitycement.com,vn
Truck loader,Electrical Maintenance,Máy nước nóng,,electrical,thiv,thailand,THIV-TRL-05,son.pham@siamcitycement.com,vn
Truck loader,Electrical Maintenance,Sạc điện thoại cầm tay,,electrical,thiv,thailand,THIV-TRL-06,son.pham@siamcitycement.com,vn
Truck loader,Electrical Maintenance,Dây nguuồn socket,,electrical,thiv,thailand,THIV-TRL-07,son.pham@siamcitycement.com,vn
Truck loader,Electrical Maintenance,Dây nguuồn socket,,electrical,thiv,thailand,THIV-TRL-08,son.pham@siamcitycement.com,vn
Truck loader,Electrical Maintenance,Dây nguuồn socket,,electrical,thiv,thailand,THIV-TRL-09,son.pham@siamcitycement.com,vn
Truck loader,Electrical Maintenance,TV Sony,,electrical,thiv,thailand,THIV-TRL-10,son.pham@siamcitycement.com,vn
Truck loader,Electrical Maintenance,CPU,,electrical,thiv,thailand,THIV-TRL-11,son.pham@siamcitycement.com,vn
Truck loader,Electrical Maintenance,CPU,,electrical,thiv,thailand,THIV-TRL-12,son.pham@siamcitycement.com,vn
Truck loader,Electrical Maintenance,Bộ chia mạng,,electrical,thiv,thailand,THIV-TRL-13,son.pham@siamcitycement.com,vn
Truck loader,Electrical Maintenance,Amli,,electrical,thiv,thailand,THIV-TRL-14,son.pham@siamcitycement.com,vn
Packer,Electrical Maintenance,Sạc cân điện tử,,electrical,thiv,thailand,THIV-PK-01,son.pham@siamcitycement.com,vn
Packer,Electrical Maintenance,Sạc bộ đàm,,electrical,thiv,thailand,THIV-PK-02,son.pham@siamcitycement.com,vn
Packer,Electrical Maintenance,Quạt treo tường,,electrical,thiv,thailand,THIV-PK-03,son.pham@siamcitycement.com,vn
Packer,Electrical Maintenance,Máy tính,,electrical,thiv,thailand,THIV-PK-04,son.pham@siamcitycement.com,vn
Packer,Electrical Maintenance,Máy nước nóng,,electrical,thiv,thailand,THIV-PK-05,son.pham@siamcitycement.com,vn
Phòng chờ Bulk loader,Electrical Maintenance,Socket dây nguồn,,electrical,thiv,thailand,THIV-PCBL-01,son.pham@siamcitycement.com,vn
Phòng chờ Bulk loader,Electrical Maintenance,UPS,,electrical,thiv,thailand,THIV-PCBL-02,son.pham@siamcitycement.com,vn
Phòng chờ Bulk loader,Electrical Maintenance,Sạc bộ đàm,,electrical,thiv,thailand,THIV-PCBL-03,son.pham@siamcitycement.com,vn
Phòng chờ Bulk loader,Electrical Maintenance,Quạt đứng,,electrical,thiv,thailand,THIV-PCBL-04,son.pham@siamcitycement.com,vn
Phòng chờ Bulk loader,Electrical Maintenance,Máy nước nóng,,electrical,thiv,thailand,THIV-PCBL-05,son.pham@siamcitycement.com,vn
P tài xế truck,Electrical Maintenance,Máy nước nóng,,electrical,thiv,thailand,THIV-PCBL-06,son.pham@siamcitycement.com,vn
Phòng Hậu cần,Electrical Maintenance,Máy in brother,,electrical,thiv,thailand,THIV-PHC-01,son.pham@siamcitycement.com,vn
Phòng Hậu cần,Electrical Maintenance,Máy nước nóng,,electrical,thiv,thailand,THIV-PHC-02,son.pham@siamcitycement.com,vn
Phòng Hậu cần,Electrical Maintenance,Máy tính,,electrical,thiv,thailand,THIV-PHC-03,son.pham@siamcitycement.com,vn
Phòng Hậu cần,Electrical Maintenance,Máy tính,,electrical,thiv,thailand,THIV-PHC-04,son.pham@siamcitycement.com,vn
Phòng Hậu cần,Electrical Maintenance,UPS,,electrical,thiv,thailand,THIV-PHC-05,son.pham@siamcitycement.com,vn
Phòng Hậu cần,Electrical Maintenance,Charge bộ đàm,,electrical,thiv,thailand,THIV-PHC-06,son.pham@siamcitycement.com,vn
Phòng Hậu cần,Electrical Maintenance,Charge bộ đàm,,electrical,thiv,thailand,THIV-PHC-07,son.pham@siamcitycement.com,vn
Phòng Hậu cần,Electrical Maintenance,Dây nguồn SocKet,,electrical,thiv,thailand,THIV-PHC-08,son.pham@siamcitycement.com,vn
Phòng Hậu cần,Electrical Maintenance,Máy đánh giá KH,,electrical,thiv,thailand,THIV-PHC-09,son.pham@siamcitycement.com,vn
Phòng Hậu cần,Electrical Maintenance,Quaạt đứng,,electrical,thiv,thailand,THIV-PHC-10,son.pham@siamcitycement.com,vn
Canteen Thạnh Long,Electrical Maintenance,Quạt tường,,electrical,thiv,thailand,THIV-CANT-TL01,son.pham@siamcitycement.com,vn
Canteen Thạnh Long,Electrical Maintenance,Quạt tường,,electrical,thiv,thailand,THIV-CANT-TL02,son.pham@siamcitycement.com,vn
Canteen Thạnh Long,Electrical Maintenance,Quạt đứng,,electrical,thiv,thailand,THIV-CANT-TL03,son.pham@siamcitycement.com,vn
Canteen Thạnh Long,Electrical Maintenance,Quạt đứng,,electrical,thiv,thailand,THIV-CANT-TL04,son.pham@siamcitycement.com,vn
Canteen Thạnh Long,Electrical Maintenance,Máy nước nóng,,electrical,thiv,thailand,THIV-CANT-TL05,son.pham@siamcitycement.com,vn
Canteen Thạnh Long,Electrical Maintenance,Tủ đông,,electrical,thiv,thailand,THIV-CANT-TL06,son.pham@siamcitycement.com,vn
Canteen Thạnh Long,Electrical Maintenance,Charge bộ đàm,,electrical,thiv,thailand,THIV-CANT-TL07,son.pham@siamcitycement.com,vn
Phòng nghỉ tài xế bãi Slag,Electrical Maintenance,Máy nước nóng,,electrical,thiv,thailand,THIV-PNTX-SLAG01,son.pham@siamcitycement.com,vn
Phòng nghỉ tài xế bãi Slag,Electrical Maintenance,Sạc bộ đàm,,electrical,thiv,thailand,THIV-PNTX-SLAG02,son.pham@siamcitycement.com,vn
Phòng nghỉ tài xế bãi Slag,Electrical Maintenance,Quạt MaSaKY,,electrical,thiv,thailand,THIV-PNTX-SLAG03,son.pham@siamcitycement.com,vn
Phòng A Sơn D,Electrical Maintenance,Dây nguồn SocKet,,electrical,thiv,thailand,THIV-SX-01,son.pham@siamcitycement.com,vn
Phong Vy,Electrical Maintenance,Am dun nuoc,,electrical,thiv,thailand,THIV-SX-02,son.pham@siamcitycement.com,vn
Phòng toilet Nam CCR tầng trên,Electrical Maintenance,Hand dryer,,electrical,thiv,thailand,THIV-SX-03,son.pham@siamcitycement.com,vn
Phòng A Sơn D,Electrical Maintenance,Máy pha coffee,,electrical,thiv,thailand,THIV-SX-04,son.pham@siamcitycement.com,vn
Phòng A Sơn D,Electrical Maintenance,Switch Mạng,,electrical,thiv,thailand,THIV-SX-05,son.pham@siamcitycement.com,vn
CCR WS,Electrical Maintenance,Máy tính,,electrical,thiv,thailand,THIV-SX-06,son.pham@siamcitycement.com,vn
CCR WS,Electrical Maintenance,Man hinh camera,,electrical,thiv,thailand,THIV-SX-07,son.pham@siamcitycement.com,vn
CCR WS,Electrical Maintenance,Man hinh camera,,electrical,thiv,thailand,THIV-SX-08,son.pham@siamcitycement.com,vn
CCR WS,Electrical Maintenance,Man hinh camera,,electrical,thiv,thailand,THIV-SX-09,son.pham@siamcitycement.com,vn
CCR WS,Electrical Maintenance,Man hinh camera,,electrical,thiv,thailand,THIV-SX-10,son.pham@siamcitycement.com,vn
CCR WS,Electrical Maintenance,Man hinh camera,,electrical,thiv,thailand,THIV-SX-11,son.pham@siamcitycement.com,vn
CCR WS,Electrical Maintenance,Man hinh camera,,electrical,thiv,thailand,THIV-SX-12,son.pham@siamcitycement.com,vn
CCR WS,Electrical Maintenance,Man hinh camera,,electrical,thiv,thailand,THIV-SX-13,son.pham@siamcitycement.com,vn
CCR WS,Electrical Maintenance,Man hinh camera,,electrical,thiv,thailand,THIV-SX-14,son.pham@siamcitycement.com,vn
CCR WS,Electrical Maintenance,Dây nguồn SocKet,,electrical,thiv,thailand,THIV-SX-15,son.pham@siamcitycement.com,vn
Phòng anh Trung WS,Electrical Maintenance,Máy tính Lememoi,,electrical,thiv,thailand,THIV-SX-16,son.pham@siamcitycement.com,vn
CCR WS,Electrical Maintenance,Máy chiếu,,electrical,thiv,thailand,THIV-SX-17,son.pham@siamcitycement.com,vn
CCR WS,Electrical Maintenance,Máy in Fujixerox,,electrical,thiv,thailand,THIV-SX-18,son.pham@siamcitycement.com,vn
CCR WS,Electrical Maintenance,Máy in Brother,,electrical,thiv,thailand,THIV-SX-19,son.pham@siamcitycement.com,vn
CCR WS,Electrical Maintenance,Màn hình Máy tính,,electrical,thiv,thailand,THIV-SX-20,son.pham@siamcitycement.com,vn
CCR WS,Electrical Maintenance,Màn hình Máy tính,,electrical,thiv,thailand,THIV-SX-21,son.pham@siamcitycement.com,vn
CCR WS,Electrical Maintenance,Màn hình Máy tính,,electrical,thiv,thailand,THIV-SX-22,son.pham@siamcitycement.com,vn
CCR WS,Electrical Maintenance,Màn hình Máy tính,,electrical,thiv,thailand,THIV-SX-23,son.pham@siamcitycement.com,vn
CCR WS,Electrical Maintenance,Màn hình Máy tính,,electrical,thiv,thailand,THIV-SX-24,son.pham@siamcitycement.com,vn
CCR WS,Electrical Maintenance,Màn hình camera,,electrical,thiv,thailand,THIV-SX-25,son.pham@siamcitycement.com,vn
Phòng trà WS,Electrical Maintenance,Tủ lạnh,,electrical,thiv,thailand,THIV-SX-26,son.pham@siamcitycement.com,vn
CCR WS,Electrical Maintenance,Máy nước nóng,,electrical,thiv,thailand,THIV-SX-27,son.pham@siamcitycement.com,vn
CCR WS,Electrical Maintenance,Máy tính,,electrical,thiv,thailand,THIV-SX-28,son.pham@siamcitycement.com,vn
CCR WS,Electrical Maintenance,Máy tính,,electrical,thiv,thailand,THIV-SX-29,son.pham@siamcitycement.com,vn
CCR WS,Electrical Maintenance,Tủ trưng bày,,electrical,thiv,thailand,THIV-SX-30,son.pham@siamcitycement.com,vn
toilet nam CCR tầng dưới,Electrical Maintenance,Máy sấy tay,,electrical,thiv,thailand,THIV-SX-31,son.pham@siamcitycement.com,vn
P Thạch,Electrical Maintenance,Sạc bộ đàm,,electrical,thiv,thailand,THIV-SX-32,son.pham@siamcitycement.com,vn
P A. Sơn D,Electrical Maintenance,Quạt tường,,electrical,thiv,thailand,THIV-SX-33,son.pham@siamcitycement.com,vn
P A. Trung,Electrical Maintenance,Lò vi sóng,,electrical,thiv,thailand,THIV-SX-34,son.pham@siamcitycement.com,vn
P A. Trung,Electrical Maintenance,Dây nguồn SocKet,,electrical,thiv,thailand,THIV-SX-35,son.pham@siamcitycement.com,vn
Phòng A Sơn D,Electrical Maintenance,Dây nguồn SocKet,,electrical,thiv,thailand,THIV-SX-36,son.pham@siamcitycement.com,vn
Phòng A Sơn D,Electrical Maintenance,Dây nguồn SocKet,,electrical,thiv,thailand,THIV-SX-37,son.pham@siamcitycement.com,vn
Phòng A Sơn D,Electrical Maintenance,Máy hút bụi Panasonic,,electrical,thiv,thailand,THIV-SX-38,son.pham@siamcitycement.com,vn
Phòng A Sơn D,Electrical Maintenance,Sạc bộ đàm,,electrical,thiv,thailand,THIV-SX-39,son.pham@siamcitycement.com,vn
Phòng A Sơn D,Electrical Maintenance,Sạc bộ đàm,,electrical,thiv,thailand,THIV-SX-40,son.pham@siamcitycement.com,vn
Phòng A Sơn D,Electrical Maintenance,Quạt treo tường,,electrical,thiv,thailand,THIV-SX-41,son.pham@siamcitycement.com,vn
CCR,Electrical Maintenance,Máy tính camera mới,,electrical,thiv,thailand,THIV-SX-42,son.pham@siamcitycement.com,vn
CCR,Electrical Maintenance,Máy in NFC,,electrical,thiv,thailand,THIV-SX-43,son.pham@siamcitycement.com,vn
CCR,Electrical Maintenance,Máy giặc,,electrical,thiv,thailand,THIV-SX-44,son.pham@siamcitycement.com,vn
Phòng A Sơn,Electrical Maintenance,Máy tính,,electrical,thiv,thailand,THIV-SX-45,son.pham@siamcitycement.com,vn
CCR,Electrical Maintenance,Quạt treo tường,,electrical,thiv,thailand,THIV-SX-46,son.pham@siamcitycement.com,vn
Phòng A Hiếu,Electrical Maintenance,Máy tính,,electrical,thiv,thailand,THIV-PAH-01,son.pham@siamcitycement.com,vn
Phòng A Hiếu,Electrical Maintenance,Máy tính,,electrical,thiv,thailand,THIV-PAH-02,son.pham@siamcitycement.com,vn
Phòng A Hiếu,Electrical Maintenance,Máy tính,,electrical,thiv,thailand,THIV-PAH-03,son.pham@siamcitycement.com,vn
Phòng A Hiếu,Electrical Maintenance,CPU,,electrical,thiv,thailand,THIV-PAH-04,son.pham@siamcitycement.com,vn
Phòng A Hiếu,Electrical Maintenance,CPU,,electrical,thiv,thailand,THIV-PAH-05,son.pham@siamcitycement.com,vn
Phòng A Hiếu,Electrical Maintenance,CPU,,electrical,thiv,thailand,THIV-PAH-06,son.pham@siamcitycement.com,vn
Phòng A Hiếu,Electrical Maintenance,CPU,,electrical,thiv,thailand,THIV-PAH-07,son.pham@siamcitycement.com,vn
Phòng A Hiếu,Electrical Maintenance,CPU,,electrical,thiv,thailand,THIV-PAH-08,son.pham@siamcitycement.com,vn
Phòng A Hiếu,Electrical Maintenance,Charge bộ đàm,,electrical,thiv,thailand,THIV-PAH-09,son.pham@siamcitycement.com,vn
Phòng A Hiếu,Electrical Maintenance,CPU,,electrical,thiv,thailand,THIV-PAH-10,son.pham@siamcitycement.com,vn
Phòng A Hiếu,Electrical Maintenance,CPU,,electrical,thiv,thailand,THIV-PAH-11,son.pham@siamcitycement.com,vn
Phòng A Hiếu,Electrical Maintenance,CPU,,electrical,thiv,thailand,THIV-PAH-12,son.pham@siamcitycement.com,vn
Phòng A Hiếu,Electrical Maintenance,Dây nguồn,,electrical,thiv,thailand,THIV-PAH-13,son.pham@siamcitycement.com,vn
Phòng A Hiếu,Electrical Maintenance,Máy nước nóng,,electrical,thiv,thailand,THIV-PAH-14,son.pham@siamcitycement.com,vn
Phòng A Hiếu,Electrical Maintenance,Dây nguồn,,electrical,thiv,thailand,THIV-PAH-15,son.pham@siamcitycement.com,vn
Phòng Đi ca Workshop,Electrical Maintenance,Máy Tính,,electrical,thiv,thailand,THIV-WORKSH-01,son.pham@siamcitycement.com,vn
Phòng Đi ca Workshop,Electrical Maintenance,Sạc bộ đàm,,electrical,thiv,thailand,THIV-WORKSH-02,son.pham@siamcitycement.com,vn
Phòng Đi ca Workshop,Electrical Maintenance,Sạc pin Masuia,,electrical,thiv,thailand,THIV-WORKSH-03,son.pham@siamcitycement.com,vn
Phòng Đi ca Workshop,Electrical Maintenance,UPS,,electrical,thiv,thailand,THIV-WORKSH-04,son.pham@siamcitycement.com,vn
Phòng Đi ca Workshop,Electrical Maintenance,Quạt treo tường,,electrical,thiv,thailand,THIV-WORKSH-05,son.pham@siamcitycement.com,vn
Phòng Vương WS,Electrical Maintenance,Charge bộ đàm,,electrical,thiv,thailand,THIV-WORKSH-06,son.pham@siamcitycement.com,vn
Kho Vật Tư_Anh Dân,Electrical Maintenance,Máy in HP,,electrical,thiv,thailand,THIV-WORKSH-07,son.pham@siamcitycement.com,vn
Kho Vật Tư_Anh Dân,Electrical Maintenance,Camera,,electrical,thiv,thailand,THIV-WORKSH-08,son.pham@siamcitycement.com,vn
Kho Vật Tư_Anh Dân,Electrical Maintenance,Dây nguồn SocKet,,electrical,thiv,thailand,THIV-WORKSH-09,son.pham@siamcitycement.com,vn
Kho Vật Tư_Anh Dân,Electrical Maintenance,Dây nguồn SocKet,,electrical,thiv,thailand,THIV-WORKSH-10,son.pham@siamcitycement.com,vn
Phòng Đi ca Workshop,Electrical Maintenance,Máy nước nóng,,electrical,thiv,thailand,THIV-WORKSH-11,son.pham@siamcitycement.com,vn
Kho Vật Tư_Anh Dân,Electrical Maintenance,Quạt treo tường,,electrical,thiv,thailand,THIV-WORKSH-12,son.pham@siamcitycement.com,vn
Kho Vật Tư_Anh Dân,Electrical Maintenance,Máy nước nóng,,electrical,thiv,thailand,THIV-WORKSH-13,son.pham@siamcitycement.com,vn
Phòng Vương Workshop,Electrical Maintenance,Máy Tính,,electrical,thiv,thailand,THIV-WORKSH-14,son.pham@siamcitycement.com,vn
Phòng Anh Biên Workshop,Electrical Maintenance,Sạc bộ đàm,,electrical,thiv,thailand,THIV-WORKSH-15,son.pham@siamcitycement.com,vn
Phòng Vương Workshop,Electrical Maintenance,Sạc bộ đàm,,electrical,thiv,thailand,THIV-WORKSH-16,son.pham@siamcitycement.com,vn
Phòng Vương Workshop,Electrical Maintenance,Dây nguồn,,electrical,thiv,thailand,THIV-WORKSH-17,son.pham@siamcitycement.com,vn
Phòng Vương Workshop,Electrical Maintenance,Dây nguồn,,electrical,thiv,thailand,THIV-WORKSH-18,son.pham@siamcitycement.com,vn
Phòng Đi ca Workshop,Electrical Maintenance,Dây nguồn,,electrical,thiv,thailand,THIV-WORKSH-19,son.pham@siamcitycement.com,vn
Phòng Vương Workshop,Electrical Maintenance,UPS,,electrical,thiv,thailand,THIV-WORKSH-20,son.pham@siamcitycement.com,vn
Phòng Đi ca Quí Workshop,Electrical Maintenance,Sạc máy đo khí,,electrical,thiv,thailand,THIV-WORKSH-21,son.pham@siamcitycement.com,vn
Phòng Anh Sơn P,Electrical Maintenance,Máy nước nóng,,electrical,thiv,thailand,THIV-WORKSH-22,son.pham@siamcitycement.com,vn
Phòng Anh Sơn P,Electrical Maintenance,Sạc bộ đàm,,electrical,thiv,thailand,THIV-WORKSH-23,son.pham@siamcitycement.com,vn
Phòng Anh Sơn P,Electrical Maintenance,Máy tính,,electrical,thiv,thailand,THIV-WORKSH-24,son.pham@siamcitycement.com,vn
Phòng Anh Sơn P,Electrical Maintenance,Máy in Brother,,electrical,thiv,thailand,THIV-WORKSH-25,son.pham@siamcitycement.com,vn
Phòng Anh Sơn P,Electrical Maintenance,Máy in Brother 2,,electrical,thiv,thailand,THIV-WORKSH-26,son.pham@siamcitycement.com,vn
Phòng Anh Tuấn WS,Electrical Maintenance,Dây nguồn Socket,,electrical,thiv,thailand,THIV-WORKSH-27,son.pham@siamcitycement.com,vn
Phòng Anh Tuấn WS,Electrical Maintenance,Dây nguồn Socket,,electrical,thiv,thailand,THIV-WORKSH-28,son.pham@siamcitycement.com,vn
Phòng Đi ca Workshop,Electrical Maintenance,Sạc bộ đàm,,electrical,thiv,thailand,THIV-WORKSH-29,son.pham@siamcitycement.com,vn
Phòng Anh Tuấn WS,Electrical Maintenance,Sạc bộ đàm,,electrical,thiv,thailand,THIV-WORKSH-30,son.pham@siamcitycement.com,vn
Phòng Anh Tuấn WS,Electrical Maintenance,Dây nguốn Socket,,electrical,thiv,thailand,THIV-WORKSH-31,son.pham@siamcitycement.com,vn
Phòng Anh Tuấn WS,Electrical Maintenance,Dây nguốn Socket,,electrical,thiv,thailand,THIV-WORKSH-32,son.pham@siamcitycement.com,vn
Phòng Anh Tuấn WS,Electrical Maintenance,Máy in,,electrical,thiv,thailand,THIV-WORKSH-33,son.pham@siamcitycement.com,vn
Phòng Anh Tuấn WS,Electrical Maintenance,Sạc bộ đàm,,electrical,thiv,thailand,THIV-WORKSH-34,son.pham@siamcitycement.com,vn
Phòng Anh Tuấn WS,Electrical Maintenance,Máy tính,,electrical,thiv,thailand,THIV-WORKSH-35,son.pham@siamcitycement.com,vn
Phòng Anh Tuấn WS,Electrical Maintenance,Máy Scan,,electrical,thiv,thailand,THIV-WORKSH-36,son.pham@siamcitycement.com,vn
Phòng Anh Tuấn WS,Electrical Maintenance,Máy nước nóng,,electrical,thiv,thailand,THIV-WORKSH-37,son.pham@siamcitycement.com,vn
Phòng Anh Huấn WS,Electrical Maintenance,Dây nguốn Socket,,electrical,thiv,thailand,THIV-WORKSH-38,son.pham@siamcitycement.com,vn
Toilet nam WS tầng trệt,Electrical Maintenance,Máy sấy tay,,electrical,thiv,thailand,THIV-WORKSH-39,son.pham@siamcitycement.com,vn
Phòng Anh Dân WS,Electrical Maintenance,Sạc pin makita,,electrical,thiv,thailand,THIV-WORKSH-40,son.pham@siamcitycement.com,vn
Phòng Anh Dân WS,Electrical Maintenance,Loa Vi tính,,electrical,thiv,thailand,THIV-WORKSH-41,son.pham@siamcitycement.com,vn
Phòng Quý WS,Electrical Maintenance,Máy tính,,electrical,thiv,thailand,THIV-WORKSH-42,son.pham@siamcitycement.com,vn
Phòng Quý WS,Electrical Maintenance,Dây nguồn,,electrical,thiv,thailand,THIV-WORKSH-43,son.pham@siamcitycement.com,vn
Phòng Quý WS,Electrical Maintenance,UPS,,electrical,thiv,thailand,THIV-WORKSH-44,son.pham@siamcitycement.com,vn
Phòng Đi ca WS,Electrical Maintenance,Quạt tường,,electrical,thiv,thailand,THIV-WORKSH-45,son.pham@siamcitycement.com,vn
Phòng Quý WS,Electrical Maintenance,Sạc bộ đàm,,electrical,thiv,thailand,THIV-WORKSH-46,son.pham@siamcitycement.com,vn
Phòng Đi ca WS,Electrical Maintenance,Máy in HP,,electrical,thiv,thailand,THIV-WORKSH-47,son.pham@siamcitycement.com,vn
Phòng Anh Vương WS,Electrical Maintenance,Quạt treo tường,,electrical,thiv,thailand,THIV-WORKSH-48,son.pham@siamcitycement.com,vn
Phòng Quý WS,Electrical Maintenance,Quạt treo tường,,electrical,thiv,thailand,THIV-WORKSH-49,son.pham@siamcitycement.com,vn
Phòng Anh Huấn WS,Electrical Maintenance,Dây nguồn,,electrical,thiv,thailand,THIV-WORKSH-50,son.pham@siamcitycement.com,vn
Phòng Anh Phước WS,Electrical Maintenance,Máy nước nóng,,electrical,thiv,thailand,THIV-WORKSH-51,son.pham@siamcitycement.com,vn
Phòng họp,Electrical Maintenance,Máy chiếu,,electrical,thiv,thailand,THIV-WORKSH-52,son.pham@siamcitycement.com,vn
Phòng họp,Electrical Maintenance,Amly,,electrical,thiv,thailand,THIV-WORKSH-53,son.pham@siamcitycement.com,vn
Phòng Anh Biên,Electrical Maintenance,Dây Sạc wiching,,electrical,thiv,thailand,THIV-WORKSH-54,son.pham@siamcitycement.com,vn
Phòng Anh Biên,Electrical Maintenance,Dây nguốn Socket,,electrical,thiv,thailand,THIV-WORKSH-55,son.pham@siamcitycement.com,vn
Phòng Anh Biên,Electrical Maintenance,CPU,,electrical,thiv,thailand,THIV-WORKSH-56,son.pham@siamcitycement.com,vn
Phòng Anh Biên,Electrical Maintenance,CPU,,electrical,thiv,thailand,THIV-WORKSH-57,son.pham@siamcitycement.com,vn
Phòng Anh Biên,Electrical Maintenance,Dây nguồn,,electrical,thiv,thailand,THIV-WORKSH-58,son.pham@siamcitycement.com,vn
Phòng Anh Biên,Electrical Maintenance,Máy hàn chì,,electrical,thiv,thailand,THIV-WORKSH-59,son.pham@siamcitycement.com,vn
Phòng Anh Biên,Electrical Maintenance,Dây nguồn,,electrical,thiv,thailand,THIV-WORKSH-60,son.pham@siamcitycement.com,vn
Chân Mill,Electrical Maintenance,Socket center,,socket,thiv,thailand,THIV-MTN-5P1-1N1-F4,son.pham@siamcitycement.com,vn
Cửa Mill,Electrical Maintenance,Socket center,,socket,thiv,thailand,THIV-MTN-561-RM1,son.pham@siamcitycement.com,vn
Bag Filter,Electrical Maintenance,Socket center,,socket,thiv,thailand,THIV-MTN-5P1-1N1-F5,son.pham@siamcitycement.com,vn
Mill Building,Electrical Maintenance,Socket center,,socket,thiv,thailand,THIV-MTN-5P1-1N1-F15,son.pham@siamcitycement.com,vn
Đỉnh Silo Xi Măng,Electrical Maintenance,Socket center,,socket,thiv,thailand,THIV-MTN-5P1-1N1-F6,son.pham@siamcitycement.com,vn
Đỉnh Silo 3,Electrical Maintenance,Socket center,,socket,thiv,thailand,THIV-MTN-5P1-1N1-N21,son.pham@siamcitycement.com,vn
Cầu thang lên Packer,Electrical Maintenance,Socket center,,socket,thiv,thailand,THIV-MTN-6P1-1N1-F4,son.pham@siamcitycement.com,vn
Gần Tủ điện 621-LA1,Electrical Maintenance,Socket center,,socket,thiv,thailand,THIV-MTN-6P1-1N1-F5,son.pham@siamcitycement.com,vn
Gần 621-PG1,Electrical Maintenance,Socket center,,socket,thiv,thailand,THIV-MTN-6P1-1N1-F5-1,son.pham@siamcitycement.com,vn
Gần Lọc bụi 661-BF2,Electrical Maintenance,Socket center,,socket,thiv,thailand,THIV-MTN-6P1-1N1-F6,son.pham@siamcitycement.com,vn
Gần Băng tải 6F1-BC8,Electrical Maintenance,Socket center,,socket,thiv,thailand,THIV-MTN-6P1-1N1-F12,son.pham@siamcitycement.com,vn
Gần tủ điện 621-LA2,Electrical Maintenance,Socket center,,socket,thiv,thailand,THIV-MTN-6P1-1N1-F14,son.pham@siamcitycement.com,vn
Gần tủ điện 621-LA2,Electrical Maintenance,Socket center,,socket,thiv,thailand,THIV-MTN-6P1-1N1-F14-1,son.pham@siamcitycement.com,vn
Jumbo,Electrical Maintenance,Socket center,,socket,thiv,thailand,THIV-MTN-6F1-1N1-N21,son.pham@siamcitycement.com,vn
Barge 1,Electrical Maintenance,Socket center,,socket,thiv,thailand,THIV-MTN-6F1-LM1,son.pham@siamcitycement.com,vn
Barge 2,Electrical Maintenance,Socket center,,socket,thiv,thailand,THIV-MTN-6F1-CA1-U1,son.pham@siamcitycement.com,vn
Truck 1,Electrical Maintenance,Socket center,,socket,thiv,thailand,THIV-MTN-691-LM1,son.pham@siamcitycement.com,vn
Đỉnh Silo Clinker,Electrical Maintenance,Socket center,,socket,thiv,thailand,THIV-MTN-JP1-1N1-F5,son.pham@siamcitycement.com,vn
Weigh Feeder,Electrical Maintenance,Socket center,,socket,thiv,thailand,THIV-MTN-JP1-1N1-F6,son.pham@siamcitycement.com,vn
Đỉnh bin Pozz,Electrical Maintenance,Socket center,,socket,thiv,thailand,THIV-MTN-JP1-1N1-F6-1,son.pham@siamcitycement.com,vn
Đầu 511-BC4,Electrical Maintenance,Socket center,,socket,thiv,thailand,THIV-MTN-JP1-1N1-F6-2,son.pham@siamcitycement.com,vn
Silo Dome,Electrical Maintenance,Socket center,,socket,thiv,thailand,THIV-MTN-511-01,son.pham@siamcitycement.com,vn
lọc bụi silo dome,Electrical Maintenance,Socket center,,socket,thiv,thailand,THIV-MTN-491-BF3,son.pham@siamcitycement.com,vn
Trạm B,Electrical Maintenance,Socket center,,socket,thiv,thailand,THIV-MTN-5P1-1N2-F2,son.pham@siamcitycement.com,vn
Kho Slag,Electrical Maintenance,Socket center,,socket,thiv,thailand,THIV-MTN-X11-3M2-C2,son.pham@siamcitycement.com,vn
Cảng nhỏ,Electrical Maintenance,Socket center,,socket,thiv,thailand,THIV-MTN-JP1-1N2-F1,son.pham@siamcitycement.com,vn
Cảng Lớn,Electrical Maintenance,Socket center,,socket,thiv,thailand,THIV-MTN-JP1-1N2-F2,son.pham@siamcitycement.com,vn
Đuôi Belt K91-BC2,Electrical Maintenance,Socket center,,socket,thiv,thailand,THIV-MTN-JP1-1N2-F3,son.pham@siamcitycement.com,vn
Hopper 1,Electrical Maintenance,Socket center,,socket,thiv,thailand,THIV-MTN-J51-HP1,son.pham@siamcitycement.com,vn
Hopper 2,Electrical Maintenance,Socket center,,socket,thiv,thailand,THIV-MTN-J51-HP2,son.pham@siamcitycement.com,vn
Hopper 3,Electrical Maintenance,Socket center,,socket,thiv,thailand,THIV-MTN-J51-HP3,son.pham@siamcitycement.com,vn
Ổ cắm 1 pha WS Gần máy tiện,Electrical Maintenance,Socket center,,socket,thiv,thailand,THIV-MTN-2-LP3,son.pham@siamcitycement.com,vn
Cửa Phụ WS,Electrical Maintenance,Socket center,,socket,thiv,thailand,THIV-MTN-G11,son.pham@siamcitycement.com,vn
WS xưởng ngoài,Electrical Maintenance,Socket center,,socket,thiv,thailand,THIV-MTN-G11-2,son.pham@siamcitycement.com,vn
Sàn Rung Packer 3,Electrical Maintenance,Socket center,,socket,thiv,thailand,THIV-MTN-661-VS3,son.pham@siamcitycement.com,vn
Packer 3,Electrical Maintenance,Socket center,,socket,thiv,thailand,THIV-MTN-PM3,son.pham@siamcitycement.com,vn
Barge,Electrical Maintenance,Socket center,,socket,thiv,thailand,THIV-MTN-6P1-1N1-F12-01,son.pham@siamcitycement.com,vn
Barge,Electrical Maintenance,Socket center,,socket,thiv,thailand,THIV-MTN-6P1-1N1-F12-02,son.pham@siamcitycement.com,vn
Barge,Electrical Maintenance,Socket center,,socket,thiv,thailand,THIV-MTN-6P1-1N1-F12-03,son.pham@siamcitycement.com,vn
Barge,Electrical Maintenance,Socket center,,socket,thiv,thailand,THIV-MTN-6P1-1N1-F12-04,son.pham@siamcitycement.com,vn
Barge,Electrical Maintenance,Socket center,,socket,thiv,thailand,THIV-MTN-6P1-1N1-F12-05,son.pham@siamcitycement.com,vn
Barge,Electrical Maintenance,Socket center,,socket,thiv,thailand,THIV-MTN-6P1-1N1-F12-06,son.pham@siamcitycement.com,vn
Barge,Electrical Maintenance,Socket center,,socket,thiv,thailand,THIV-MTN-6P1-1N1-F12-07,son.pham@siamcitycement.com,vn
TV.PM3,Electrical Maintenance,Socket center,,socket,thiv,thailand,THIV-MTN-PM3-01,son.pham@siamcitycement.com,vn
TV.BW2,Electrical Maintenance,Socket center,,socket,thiv,thailand,THIV-MTN-BW2-01,son.pham@siamcitycement.com,vn
Gần máy phóng bao PM2,Electrical Maintenance,Socket center,,socket,thiv,thailand,THIV-MTN-PM3-02,son.pham@siamcitycement.com,vn
Gần máy phóng bao PM3,Electrical Maintenance,Socket center,,socket,thiv,thailand,THIV-MTN-PM3-03,son.pham@siamcitycement.com,vn
Gần kho bao packer,Electrical Maintenance,Socket center,,socket,thiv,thailand,THIV-MTN-PM3-04,son.pham@siamcitycement.com,vn
CW3,Electrical Maintenance,Socket center,,socket,thiv,thailand,THIV-MTN-BW3-05,son.pham@siamcitycement.com,vn
CW1,Electrical Maintenance,Socket center,,socket,thiv,thailand,THIV-MTN-BW1-06,son.pham@siamcitycement.com,vn
Đỉnh Xá line 3 cân GGBFS,Electrical Maintenance,Socket center,,socket,thiv,thailand,THIV-MTN-6P1-IN1-GGBFS-F1,son.pham@siamcitycement.com,vn
Silo FA,Electrical Maintenance,Socket center,,socket,thiv,thailand,THIV-MTN-6P1-IN1-FA-F1,son.pham@siamcitycement.com,vn
Đỉnh GGBFS Xá line 3,Electrical Maintenance,Socket center,,socket,thiv,thailand,THIV-MTN-6P1-IN1-GGBFS-F2,son.pham@siamcitycement.com,vn
Autotruck đầu,Electrical Maintenance,Socket center,,socket,thiv,thailand,THIV-MTN-6P1-1N1-F11-01,son.pham@siamcitycement.com,vn
autotruck đuôi,Electrical Maintenance,Socket center,,socket,thiv,thailand,THIV-MTN-6P1-1N1-F11-02,son.pham@siamcitycement.com,vn
Phòng An toàn (phòng 63),,,1 Phase Socket,electrical,honc,vietnam,HONC-ADMIN-0009,hung.thai@siamcitycement.com,vn
Phòng kế toán (phòng 62),,,1 Phase Socket,electrical,honc,vietnam,HONC-ADMIN-0011,hung.thai@siamcitycement.com,vn
Phòng họp số 61,,,1 Phase Socket,electrical,honc,vietnam,HONC-ADMIN-0016,hung.thai@siamcitycement.com,vn
Phòng họp số 61,,,1 Phase Socket,electrical,honc,vietnam,HONC-ADMIN-0017,hung.thai@siamcitycement.com,vn
Phòng nhân sự (phòng 58),,,1 Phase Socket,electrical,honc,vietnam,HONC-ADMIN-0026,hung.thai@siamcitycement.com,vn
Phòng học tiếng anh (Phòng 51),,,1 Phase Socket,electrical,honc,vietnam,HONC-ADMIN-0037,hung.thai@siamcitycement.com,vn
Phòng học tiếng anh (Phòng 51),,,1 Phase Socket,electrical,honc,vietnam,HONC-ADMIN-0039,hung.thai@siamcitycement.com,vn
Phòng kế hoạch (Plan),,,1 Phase Socket,electrical,honc,vietnam,HONC-ADMIN-0084,hung.thai@siamcitycement.com,vn
Phòng kế hoạch (Plan),,,1 Phase Socket,electrical,honc,vietnam,HONC-ADMIN-0087,hung.thai@siamcitycement.com,vn
Phòng Electrical Maintenance.,,,1 Phase Socket,electrical,honc,vietnam,HONC-ADMIN-0090,hung.thai@siamcitycement.com,vn
Phòng Công Nghệ.,,,1 Phase Socket,electrical,honc,vietnam,HONC-ADMIN-0103,hung.thai@siamcitycement.com,vn
Phòng hành chánh (phòng 07),,,1 Phase Socket,electrical,honc,vietnam,HONC-ADMIN-0138,hung.thai@siamcitycement.com,vn
Phòng 71.,,,1 Phase Socket,electrical,honc,vietnam,HONC-ADMIN-0142,hung.thai@siamcitycement.com,vn
Phòng Giám Đốc.,,,1 Phase Socket,electrical,honc,vietnam,HONC-ADMIN-0147,hung.thai@siamcitycement.com,vn
Phòng 66,,,1 Phase Socket,electrical,honc,vietnam,HONC-ADMIN-0155,hung.thai@siamcitycement.com,vn
Socket hành lang ngoài.,,,1 Phase Socket,electrical,honc,vietnam,HONC-ADMIN-0167,hung.thai@siamcitycement.com,vn
Socket hành lang trong.,,,1 Phase Socket,electrical,honc,vietnam,HONC-ADMIN-0171,hung.thai@siamcitycement.com,vn
Phòng ECOcycle ( Phòng 33 ),,,1 Phase Socket,electrical,honc,vietnam,HONC-ADMIN-0184,hung.thai@siamcitycement.com,vn
Nhà tắm,,,1 Phase Socket,electrical,honc,vietnam,HONC-HONC-CMS-0010,hung.thai@siamcitycement.com,vn
Phòng bảo vệ ( cổng chính ),,,1 Phase Socket,electrical,honc,vietnam,HONC-HONC-CMS-0045,hung.thai@siamcitycement.com,vn
Phòng Plan ( X - Ray ),,,1 Phase Socket,electrical,honc,vietnam,HONC-HONC-CCR-LAB-0004,hung.thai@siamcitycement.com,vn
Phòng Mr Tín ( phòng 18 ),,,1 Phase Socket,electrical,honc,vietnam,HONC-HONC-CCR-LAB-0047,hung.thai@siamcitycement.com,vn
Phòng phân tích lý ( phòng 19 ),,,1 Phase Socket,electrical,honc,vietnam,HONC-HONC-CCR-LAB-0056,hung.thai@siamcitycement.com,vn
Phòng QA Manager,,,1 Phase Socket,electrical,honc,vietnam,HONC-HONC-CCR-LAB-0058,hung.thai@siamcitycement.com,vn
Phòng Automation,,,1 Phase Socket,electrical,honc,vietnam,HONC-HONC-CCR-LAB-0072,hung.thai@siamcitycement.com,vn
Miếu cầu an,,,1 Phase Socket,electrical,honc,vietnam,HONC-HONC-CCR-LAB-0099,hung.thai@siamcitycement.com,vn
Kho gạch ( khu hàn căt Workshop ),,,1 Phase Socket,electrical,honc,vietnam,HONC-HONC-CCR-LAB-0101,hung.thai@siamcitycement.com,vn
Container kho gạch,,,1 Phase Socket,electrical,honc,vietnam,HONC-HONC-CCR-LAB-0110,hung.thai@siamcitycement.com,vn
Khu vực máy công cụ,,,1 Phase Socket,electrical,honc,vietnam,HONC-HONC-MAIN-WS-0016,hung.thai@siamcitycement.com,vn
Phòng bôi trơn,,,1 Phase Socket,electrical,honc,vietnam,HONC-HONC-MAIN-WS-0048,hung.thai@siamcitycement.com,vn
Kho nhớt bôi trơn,,,1 Phase Socket,electrical,honc,vietnam,HONC-HONC-MAIN-WS-0050,hung.thai@siamcitycement.com,vn
Phòng nhân viên trực kho,,,1 Phase Socket,electrical,honc,vietnam,HONC-HONC-MAIN-WS-0063,hung.thai@siamcitycement.com,vn
Phòng nhân viên trực kho,,,1 Phase Socket,electrical,honc,vietnam,HONC-HONC-MAIN-WS-0067,hung.thai@siamcitycement.com,vn
Phòng Toalet EVE trên lầu,,,1 Phase Socket,electrical,honc,vietnam,HONC-HONC-MAIN-WS-0084,hung.thai@siamcitycement.com,vn
Phòng thực hành EVE trên lầu,,,1 Phase Socket,electrical,honc,vietnam,HONC-HONC-MAIN-WS-0095,hung.thai@siamcitycement.com,vn
Phòng thợ mộc,,,1 Phase Socket,electrical,honc,vietnam,HONC-HONC-MAIN-WS-0112,hung.thai@siamcitycement.com,vn
Kho thiết bị,,,1 Phase Socket,electrical,honc,vietnam,HONC-HONC-QR-WS-0024,hung.thai@siamcitycement.com,vn
Phòng vá vỏ xe,,,1 Phase Socket,electrical,honc,vietnam,HONC-HONC-QR-WS-0034,hung.thai@siamcitycement.com,vn
Phòng họp nhóm khai thác ( Lầu 1 ),,,1 Phase Socket,electrical,honc,vietnam,HONC-HONC-QR-WS-0047,hung.thai@siamcitycement.com,vn
Phòng học vi tính (Phòng 50),,,1 Phase Socket,electrical,honc,vietnam,HONC-ADMIN-0042,hung.thai@siamcitycement.com,vn
Phòng học vi tính (Phòng 50),,,1 Phase Socket,electrical,honc,vietnam,HONC-ADMIN-0046,hung.thai@siamcitycement.com,vn
Phòng IT,,,1 Phase Socket,electrical,honc,vietnam,HONC-ADMIN-0064,hung.thai@siamcitycement.com,vn
Phòng ECOcycle.,,,1 Phase Socket,electrical,honc,vietnam,HONC-ADMIN-0070,hung.thai@siamcitycement.com,vn
Phòng ECOcycle.,,,1 Phase Socket,electrical,honc,vietnam,HONC-ADMIN-0071,hung.thai@siamcitycement.com,vn
Phòng tiếp tân.,,,1 Phase Socket,electrical,honc,vietnam,HONC-ADMIN-0134,hung.thai@siamcitycement.com,vn
Phòng 66,,,1 Phase Socket,electrical,honc,vietnam,HONC-ADMIN-0152,hung.thai@siamcitycement.com,vn
Socket hành lang ngoài.,,,1 Phase Socket,electrical,honc,vietnam,HONC-ADMIN-0161,hung.thai@siamcitycement.com,vn
Phòng y tế,,,1 Phase Socket,electrical,honc,vietnam,HONC-HONC-CMS-0008,hung.thai@siamcitycement.com,vn
Canteen,,,1 Phase Socket,electrical,honc,vietnam,HONC-HONC-CMS-0016,hung.thai@siamcitycement.com,vn
Phòng X - Ray,,,1 Phase Socket,electrical,honc,vietnam,HONC-HONC-CCR-LAB-0002,hung.thai@siamcitycement.com,vn
Phòng X - Ray,,,1 Phase Socket,electrical,honc,vietnam,HONC-HONC-CCR-LAB-0003,hung.thai@siamcitycement.com,vn
Phòng phân tích hóa,,,1 Phase Socket,electrical,honc,vietnam,HONC-HONC-CCR-LAB-0017,hung.thai@siamcitycement.com,vn
Phòng phân tích hóa,,,1 Phase Socket,electrical,honc,vietnam,HONC-HONC-CCR-LAB-0020,hung.thai@siamcitycement.com,vn
Phòng phân tích than,,,1 Phase Socket,electrical,honc,vietnam,HONC-HONC-CCR-LAB-0029,hung.thai@siamcitycement.com,vn
Phòng uống nước ( phòng 11 ),,,1 Phase Socket,electrical,honc,vietnam,HONC-HONC-CCR-LAB-0031,hung.thai@siamcitycement.com,vn
Phòng uống nước ( phòng 11 ),,,1 Phase Socket,electrical,honc,vietnam,HONC-HONC-CCR-LAB-0032,hung.thai@siamcitycement.com,vn
Phòng phân tích lý ( phòng 19 ),,,1 Phase Socket,electrical,honc,vietnam,HONC-HONC-CCR-LAB-0050,hung.thai@siamcitycement.com,vn
Phòng phân tích lý ( phòng 19 ),,,1 Phase Socket,electrical,honc,vietnam,HONC-HONC-CCR-LAB-0054,hung.thai@siamcitycement.com,vn
Phòng Production Manager,,,1 Phase Socket,electrical,honc,vietnam,HONC-HONC-CCR-LAB-0069,hung.thai@siamcitycement.com,vn
Phòng Automation,,,1 Phase Socket,electrical,honc,vietnam,HONC-HONC-CCR-LAB-0076,hung.thai@siamcitycement.com,vn
Phòng trưởng ca vận hành,,,1 Phase Socket,electrical,honc,vietnam,HONC-HONC-CCR-LAB-0087,hung.thai@siamcitycement.com,vn
Kho gạch ( khu thiết bị sản xuất ),,,1 Phase Socket,electrical,honc,vietnam,HONC-HONC-CCR-LAB-0109,hung.thai@siamcitycement.com,vn
Phòng sửa chữa điện ( Work shop ),,,1 Phase Socket,electrical,honc,vietnam,HONC-HONC-MAIN-WS-0001,hung.thai@siamcitycement.com,vn
Khu vực máy công cụ,,,3 Phase Socket,electrical,honc,vietnam,HONC-HONC-MAIN-WS-0018,hung.thai@siamcitycement.com,vn
Kho nhớt bôi trơn,,,1 Phase Socket,electrical,honc,vietnam,HONC-HONC-MAIN-WS-0051,hung.thai@siamcitycement.com,vn
Phòng Bảo Trì Cơ,,,1 Phase Socket,electrical,honc,vietnam,HONC-HONC-MAIN-WS-0058,hung.thai@siamcitycement.com,vn
Phòng tạp vụ nhả vệ sinh,,,1 Phase Socket,electrical,honc,vietnam,HONC-HONC-MAIN-WS-0061,hung.thai@siamcitycement.com,vn
Phòng nhân viên trực kho,,,1 Phase Socket,electrical,honc,vietnam,HONC-HONC-MAIN-WS-0062,hung.thai@siamcitycement.com,vn
Phóng giáo viên EVE trên lầu,,,1 Phase Socket,electrical,honc,vietnam,HONC-HONC-MAIN-WS-0088,hung.thai@siamcitycement.com,vn
Phòng vá vỏ xe,,,1 Phase Socket,electrical,honc,vietnam,HONC-HONC-QR-WS-0032,hung.thai@siamcitycement.com,vn
Phòng điện thoại (phòng 65),,,1 Phase Socket,electrical,honc,vietnam,HONC-ADMIN-0002,hung.thai@siamcitycement.com,vn
Phòng môi trường (phòng 60),,,1 Phase Socket,electrical,honc,vietnam,HONC-ADMIN-0021,hung.thai@siamcitycement.com,vn
Phòng học tiếng anh (Phòng 51),,,1 Phase Socket,electrical,honc,vietnam,HONC-ADMIN-0038,hung.thai@siamcitycement.com,vn
Phòng dự án.,,,1 Phase Socket,electrical,honc,vietnam,HONC-ADMIN-0054,hung.thai@siamcitycement.com,vn
Phòng dự án.,,,1 Phase Socket,electrical,honc,vietnam,HONC-ADMIN-0057,hung.thai@siamcitycement.com,vn
Phòng IT,,,1 Phase Socket,electrical,honc,vietnam,HONC-ADMIN-0059,hung.thai@siamcitycement.com,vn
Phòng IT,,,1 Phase Socket,electrical,honc,vietnam,HONC-ADMIN-0062,hung.thai@siamcitycement.com,vn
Phòng Maintenance Manager,,,1 Phase Socket,electrical,honc,vietnam,HONC-ADMIN-0081,hung.thai@siamcitycement.com,vn
Phòng Electrical Maintenance.,,,1 Phase Socket,electrical,honc,vietnam,HONC-ADMIN-0092,hung.thai@siamcitycement.com,vn
Phòng số 10,,,1 Phase Socket,electrical,honc,vietnam,HONC-ADMIN-0118,hung.thai@siamcitycement.com,vn
Phòng ECOcycle ( Phòng 33 ),,,1 Phase Socket,electrical,honc,vietnam,HONC-ADMIN-0179,hung.thai@siamcitycement.com,vn
Phòng kho,,,1 Phase Socket,electrical,honc,vietnam,HONC-ADMIN-0186,hung.thai@siamcitycement.com,vn
Phòng y tế,,,1 Phase Socket,electrical,honc,vietnam,HONC-HONC-CMS-0004,hung.thai@siamcitycement.com,vn
Canteen,,,1 Phase Socket,electrical,honc,vietnam,HONC-HONC-CMS-0014,hung.thai@siamcitycement.com,vn
Nhà nấu ăn ( nhà bếp ),,,1 Phase Socket,electrical,honc,vietnam,HONC-HONC-CMS-0039,hung.thai@siamcitycement.com,vn
Phòng ăn VIP,,,1 Phase Socket,electrical,honc,vietnam,HONC-HONC-CMS-0043,hung.thai@siamcitycement.com,vn
Phòng phân tích hóa,,,1 Phase Socket,electrical,honc,vietnam,HONC-HONC-CCR-LAB-0019,hung.thai@siamcitycement.com,vn
Phòng phân tích lý ( phòng 19 ),,,1 Phase Socket,electrical,honc,vietnam,HONC-HONC-CCR-LAB-0053,hung.thai@siamcitycement.com,vn
Phòng Automation,,,1 Phase Socket,electrical,honc,vietnam,HONC-HONC-CCR-LAB-0075,hung.thai@siamcitycement.com,vn
Toalet nam ( Lầu 1 ),,,1 Phase Socket,electrical,honc,vietnam,HONC-HONC-CCR-LAB-0084,hung.thai@siamcitycement.com,vn
Phòng vận hành CCR,,,1 Phase Socket,electrical,honc,vietnam,HONC-HONC-CCR-LAB-0088,hung.thai@siamcitycement.com,vn
Phòng Modul,,,1 Phase Socket,electrical,honc,vietnam,HONC-HONC-CCR-LAB-0093,hung.thai@siamcitycement.com,vn
Kho gạch ( khu hàn căt Workshop ),,,1 Phase Socket,electrical,honc,vietnam,HONC-HONC-CCR-LAB-0102,hung.thai@siamcitycement.com,vn
Khu vực máy công cụ,,,1 Phase Socket,electrical,honc,vietnam,HONC-HONC-MAIN-WS-0026,hung.thai@siamcitycement.com,vn
Phòng cơ sở hạ tầng,,,1 Phase Socket,electrical,honc,vietnam,HONC-HONC-MAIN-WS-0045,hung.thai@siamcitycement.com,vn
Khu vực kho lớn ( Cơ khí ),,,1 Phase Socket,electrical,honc,vietnam,HONC-HONC-MAIN-WS-0075,hung.thai@siamcitycement.com,vn
Phóng giáo viên EVE trên lầu,,,1 Phase Socket,electrical,honc,vietnam,HONC-HONC-MAIN-WS-0085,hung.thai@siamcitycement.com,vn
Phòng học lý thuyết EVE trên lầu,,,1 Phase Socket,electrical,honc,vietnam,HONC-HONC-MAIN-WS-0090,hung.thai@siamcitycement.com,vn
Phòng Bảo Trì Điện,,,1 Phase Socket,electrical,honc,vietnam,HONC-HONC-MAIN-WS-0104,hung.thai@siamcitycement.com,vn
Phòng họp nhóm bảo trì xe,,,1 Phase Socket,electrical,honc,vietnam,HONC-HONC-QR-WS-0001,hung.thai@siamcitycement.com,vn
Work shop sửa xe,,,1 Phase Socket,electrical,honc,vietnam,HONC-HONC-QR-WS-0013,hung.thai@siamcitycement.com,vn
Phòng vá vỏ xe,,,1 Phase Socket,electrical,honc,vietnam,HONC-HONC-QR-WS-0031,hung.thai@siamcitycement.com,vn
Phòng họp nhóm khai thác ( Lầu 1 ),,,1 Phase Socket,electrical,honc,vietnam,HONC-HONC-QR-WS-0048,hung.thai@siamcitycement.com,vn
Phòng An toàn (phòng 63),,,1 Phase Socket,electrical,honc,vietnam,HONC-ADMIN-0004,hung.thai@siamcitycement.com,vn
Phòng kế toán (phòng 62),,,1 Phase Socket,electrical,honc,vietnam,HONC-ADMIN-0012,hung.thai@siamcitycement.com,vn
Phòng đào tạo.,,,1 Phase Socket,electrical,honc,vietnam,HONC-ADMIN-0067,hung.thai@siamcitycement.com,vn
Phòng Maintenance Manager,,,1 Phase Socket,electrical,honc,vietnam,HONC-ADMIN-0080,hung.thai@siamcitycement.com,vn
Phòng số 10,,,1 Phase Socket,electrical,honc,vietnam,HONC-ADMIN-0122,hung.thai@siamcitycement.com,vn
Phòng số 11,,,1 Phase Socket,electrical,honc,vietnam,HONC-ADMIN-0123,hung.thai@siamcitycement.com,vn
Phòng uống nước gần tiếp tân.,,,1 Phase Socket,electrical,honc,vietnam,HONC-ADMIN-0130,hung.thai@siamcitycement.com,vn
Phòng tiếp tân.,,,1 Phase Socket,electrical,honc,vietnam,HONC-ADMIN-0135,hung.thai@siamcitycement.com,vn
Phòng 67.,,,1 Phase Socket,electrical,honc,vietnam,HONC-ADMIN-0160,hung.thai@siamcitycement.com,vn
Socket hành lang ngoài.,,,1 Phase Socket,electrical,honc,vietnam,HONC-ADMIN-0164,hung.thai@siamcitycement.com,vn
Socket hành lang trong.,,,1 Phase Socket,electrical,honc,vietnam,HONC-ADMIN-0172,hung.thai@siamcitycement.com,vn
Phòng tài xế,,,1 Phase Socket,electrical,honc,vietnam,HONC-ADMIN-0175,hung.thai@siamcitycement.com,vn
Phòng tài xế,,,1 Phase Socket,electrical,honc,vietnam,HONC-ADMIN-0176,hung.thai@siamcitycement.com,vn
Phòng ECOcycle ( Phòng 33 ),,,1 Phase Socket,electrical,honc,vietnam,HONC-ADMIN-0180,hung.thai@siamcitycement.com,vn
Phòng kho,,,1 Phase Socket,electrical,honc,vietnam,HONC-ADMIN-0187,hung.thai@siamcitycement.com,vn
Canteen,,,1 Phase Socket,electrical,honc,vietnam,HONC-HONC-CMS-0012,hung.thai@siamcitycement.com,vn
Nhà nấu ăn ( nhà bếp ),,,1 Phase Socket,electrical,honc,vietnam,HONC-HONC-CMS-0033,hung.thai@siamcitycement.com,vn
Nhà nấu ăn ( nhà bếp ),,,1 Phase Socket,electrical,honc,vietnam,HONC-HONC-CMS-0034,hung.thai@siamcitycement.com,vn
Phòng phân tích hóa,,,1 Phase Socket,electrical,honc,vietnam,HONC-HONC-CCR-LAB-0016,hung.thai@siamcitycement.com,vn
Phòng toalet nữ ( phòng 12 ),,,1 Phase Socket,electrical,honc,vietnam,HONC-HONC-CCR-LAB-0040,hung.thai@siamcitycement.com,vn
Kho gạch ( khu hàn căt Workshop ),,,1 Phase Socket,electrical,honc,vietnam,HONC-HONC-CCR-LAB-0103,hung.thai@siamcitycement.com,vn
Khu vực máy công cụ,,,1 Phase Socket,electrical,honc,vietnam,HONC-HONC-MAIN-WS-0024,hung.thai@siamcitycement.com,vn
Phòng Bảo Trì Cơ,,,1 Phase Socket,electrical,honc,vietnam,HONC-HONC-MAIN-WS-0040,hung.thai@siamcitycement.com,vn
Phòng ( Kho manager ),,,1 Phase Socket,electrical,honc,vietnam,HONC-HONC-MAIN-WS-0071,hung.thai@siamcitycement.com,vn
Phóng giáo viên EVE trên lầu,,,1 Phase Socket,electrical,honc,vietnam,HONC-HONC-MAIN-WS-0087,hung.thai@siamcitycement.com,vn
Phòng thực hành EVE trên lầu,,,1 Phase Socket,electrical,honc,vietnam,HONC-HONC-MAIN-WS-0094,hung.thai@siamcitycement.com,vn
Phòng Bảo Trì Điện,,,1 Phase Socket,electrical,honc,vietnam,HONC-HONC-MAIN-WS-0102,hung.thai@siamcitycement.com,vn
Phòng thợ mộc,,,1 Phase Socket,electrical,honc,vietnam,HONC-HONC-MAIN-WS-0111,hung.thai@siamcitycement.com,vn
Phòng WS Superintendent,,,1 Phase Socket,electrical,honc,vietnam,HONC-HONC-QR-WS-0019,hung.thai@siamcitycement.com,vn
Kho thiết bị,,,1 Phase Socket,electrical,honc,vietnam,HONC-HONC-QR-WS-0023,hung.thai@siamcitycement.com,vn
Phòng họp bảo trỉ cối,,,1 Phase Socket,electrical,honc,vietnam,HONC-HONC-QR-WS-0027,hung.thai@siamcitycement.com,vn
Phòng dụng cụ sửa chữa,,,1 Phase Socket,electrical,honc,vietnam,HONC-HONC-QR-WS-0045,hung.thai@siamcitycement.com,vn
Phòng kế toán (phòng 62),,,1 Phase Socket,electrical,honc,vietnam,HONC-ADMIN-0013,hung.thai@siamcitycement.com,vn
Socket trước cửa phòng dự án,,,1 Phase Socket,electrical,honc,vietnam,HONC-ADMIN-0065,hung.thai@siamcitycement.com,vn
Phòng số 22,,,1 Phase Socket,electrical,honc,vietnam,HONC-ADMIN-0094,hung.thai@siamcitycement.com,vn
Phòng Công Nghệ.,,,1 Phase Socket,electrical,honc,vietnam,HONC-ADMIN-0101,hung.thai@siamcitycement.com,vn
Phòng Cung Ứng.,,,1 Phase Socket,electrical,honc,vietnam,HONC-ADMIN-0112,hung.thai@siamcitycement.com,vn
Phòng số 10,,,1 Phase Socket,electrical,honc,vietnam,HONC-ADMIN-0116,hung.thai@siamcitycement.com,vn
Phòng số 11,,,1 Phase Socket,electrical,honc,vietnam,HONC-ADMIN-0126,hung.thai@siamcitycement.com,vn
Phòng 71.,,,1 Phase Socket,electrical,honc,vietnam,HONC-ADMIN-0140,hung.thai@siamcitycement.com,vn
Phòng 71.,,,1 Phase Socket,electrical,honc,vietnam,HONC-ADMIN-0141,hung.thai@siamcitycement.com,vn
Socket hành lang trong.,,,1 Phase Socket,electrical,honc,vietnam,HONC-ADMIN-0170,hung.thai@siamcitycement.com,vn
Canteen,,,1 Phase Socket,electrical,honc,vietnam,HONC-HONC-CMS-0015,hung.thai@siamcitycement.com,vn
Canteen,,,1 Phase Socket,electrical,honc,vietnam,HONC-HONC-CMS-0025,hung.thai@siamcitycement.com,vn
Phòng bảo vệ ( cổng chính ),,,1 Phase Socket,electrical,honc,vietnam,HONC-HONC-CMS-0046,hung.thai@siamcitycement.com,vn
Phòng chuẩn bị mẩu,,,1 Phase Socket,electrical,honc,vietnam,HONC-HONC-CCR-LAB-0011,hung.thai@siamcitycement.com,vn
Hành lang phòng thí nghiệm,,,1 Phase Socket,electrical,honc,vietnam,HONC-HONC-CCR-LAB-0035,hung.thai@siamcitycement.com,vn
Phòng Mr Hải ( phòng 17 ),,,1 Phase Socket,electrical,honc,vietnam,HONC-HONC-CCR-LAB-0042,hung.thai@siamcitycement.com,vn
Phòng Mr Tín ( phòng 18 ),,,1 Phase Socket,electrical,honc,vietnam,HONC-HONC-CCR-LAB-0045,hung.thai@siamcitycement.com,vn
Phòng phân tích lý ( phòng 19 ),,,1 Phase Socket,electrical,honc,vietnam,HONC-HONC-CCR-LAB-0049,hung.thai@siamcitycement.com,vn
Kho đựng mẩu ( phòng 20 ),,,1 Phase Socket,electrical,honc,vietnam,HONC-HONC-CCR-LAB-0057,hung.thai@siamcitycement.com,vn
Phòng công nghệ,,,1 Phase Socket,electrical,honc,vietnam,HONC-HONC-CCR-LAB-0062,hung.thai@siamcitycement.com,vn
Phòng Automation,,,1 Phase Socket,electrical,honc,vietnam,HONC-HONC-CCR-LAB-0073,hung.thai@siamcitycement.com,vn
Hành lang trên lầu,,,1 Phase Socket,electrical,honc,vietnam,HONC-HONC-CCR-LAB-0097,hung.thai@siamcitycement.com,vn
Kho gạch ( khu thiết bị sản xuất ),,,1 Phase Socket,electrical,honc,vietnam,HONC-HONC-CCR-LAB-0106,hung.thai@siamcitycement.com,vn
Container giao ca sản xuất,,,1 Phase Socket,electrical,honc,vietnam,HONC-HONC-CCR-LAB-0112,hung.thai@siamcitycement.com,vn
Toilet nam khu sản xuất,,,1 Phase Socket,electrical,honc,vietnam,HONC-HONC-CCR-LAB-0117,hung.thai@siamcitycement.com,vn
Khu vực máy công cụ,,,1 Phase Socket,electrical,honc,vietnam,HONC-HONC-MAIN-WS-0012,hung.thai@siamcitycement.com,vn
Phòng tạp vụ nhả vệ sinh,,,1 Phase Socket,electrical,honc,vietnam,HONC-HONC-MAIN-WS-0060,hung.thai@siamcitycement.com,vn
Khu vực kho lớn ( Cơ khí ),,,1 Phase Socket,electrical,honc,vietnam,HONC-HONC-MAIN-WS-0079,hung.thai@siamcitycement.com,vn
Phòng thực hành EVE trên lầu,,,1 Phase Socket,electrical,honc,vietnam,HONC-HONC-MAIN-WS-0096,hung.thai@siamcitycement.com,vn
Phòng Bảo Trì Điện,,,1 Phase Socket,electrical,honc,vietnam,HONC-HONC-MAIN-WS-0101,hung.thai@siamcitycement.com,vn
Phòng Bảo Trì Điện,,,1 Phase Socket,electrical,honc,vietnam,HONC-HONC-MAIN-WS-0103,hung.thai@siamcitycement.com,vn
Phòng nhân viên trực kho,,,1 Phase Socket,electrical,honc,vietnam,HONC-HONC-MAIN-WS-0116,hung.thai@siamcitycement.com,vn
Phòng vá vỏ xe,,,1 Phase Socket,electrical,honc,vietnam,HONC-HONC-QR-WS-0033,hung.thai@siamcitycement.com,vn
Kho chứa nhiên liệu,,,1 Phase Socket,electrical,honc,vietnam,HONC-HONC-QR-WS-0040,hung.thai@siamcitycement.com,vn
Phòng dụng cụ sửa chữa,,,1 Phase Socket,electrical,honc,vietnam,HONC-HONC-QR-WS-0042,hung.thai@siamcitycement.com,vn
Phòng dụng cụ sửa chữa,,,1 Phase Socket,electrical,honc,vietnam,HONC-HONC-QR-WS-0043,hung.thai@siamcitycement.com,vn
Phòng An toàn (phòng 63),,,1 Phase Socket,electrical,honc,vietnam,HONC-ADMIN-0007,hung.thai@siamcitycement.com,vn
Phòng Maintenance Manager,,,1 Phase Socket,electrical,honc,vietnam,HONC-ADMIN-0082,hung.thai@siamcitycement.com,vn
Phòng số 10,,,1 Phase Socket,electrical,honc,vietnam,HONC-ADMIN-0119,hung.thai@siamcitycement.com,vn
Phòng ECOcycle ( Phòng 33 ),,,1 Phase Socket,electrical,honc,vietnam,HONC-ADMIN-0182,hung.thai@siamcitycement.com,vn
Phòng ECOcycle ( Phòng 33 ),,,1 Phase Socket,electrical,honc,vietnam,HONC-ADMIN-0183,hung.thai@siamcitycement.com,vn
Phòng y tế,,,1 Phase Socket,electrical,honc,vietnam,HONC-HONC-CMS-0005,hung.thai@siamcitycement.com,vn
Phòng X - Ray,,,1 Phase Socket,electrical,honc,vietnam,HONC-HONC-CCR-LAB-0001,hung.thai@siamcitycement.com,vn
Phòng phân tích than,,,1 Phase Socket,electrical,honc,vietnam,HONC-HONC-CCR-LAB-0023,hung.thai@siamcitycement.com,vn
Phòng Mr Hải ( phòng 17 ),,,1 Phase Socket,electrical,honc,vietnam,HONC-HONC-CCR-LAB-0043,hung.thai@siamcitycement.com,vn
Phòng Mr Tín ( phòng 18 ),,,1 Phase Socket,electrical,honc,vietnam,HONC-HONC-CCR-LAB-0048,hung.thai@siamcitycement.com,vn
Phòng phân tích lý ( phòng 19 ),,,1 Phase Socket,electrical,honc,vietnam,HONC-HONC-CCR-LAB-0055,hung.thai@siamcitycement.com,vn
Phòng công nghệ,,,1 Phase Socket,electrical,honc,vietnam,HONC-HONC-CCR-LAB-0061,hung.thai@siamcitycement.com,vn
Toilet nữ khu sản xuất,,,1 Phase Socket,electrical,honc,vietnam,HONC-HONC-CCR-LAB-0116,hung.thai@siamcitycement.com,vn
Phòng sửa chữa điện ( Work shop ),,,1 Phase Socket,electrical,honc,vietnam,HONC-HONC-MAIN-WS-0004,hung.thai@siamcitycement.com,vn
Khu vực máy công cụ,,,1 Phase Socket,electrical,honc,vietnam,HONC-HONC-MAIN-WS-0014,hung.thai@siamcitycement.com,vn
Phòng cơ sở hạ tầng,,,1 Phase Socket,electrical,honc,vietnam,HONC-HONC-MAIN-WS-0044,hung.thai@siamcitycement.com,vn
Khu vực kho lớn ( Cơ khí ),,,1 Phase Socket,electrical,honc,vietnam,HONC-HONC-MAIN-WS-0074,hung.thai@siamcitycement.com,vn
Phòng Bảo Trì Điện,,,1 Phase Socket,electrical,honc,vietnam,HONC-HONC-MAIN-WS-0100,hung.thai@siamcitycement.com,vn
Phòng Bảo Trì Điện,,,1 Phase Socket,electrical,honc,vietnam,HONC-HONC-MAIN-WS-0107,hung.thai@siamcitycement.com,vn
Phòng nhân viên trực kho,,,1 Phase Socket,electrical,honc,vietnam,HONC-HONC-MAIN-WS-0115,hung.thai@siamcitycement.com,vn
Phòng họp nhóm bảo trì xe,,,1 Phase Socket,electrical,honc,vietnam,HONC-HONC-QR-WS-0002,hung.thai@siamcitycement.com,vn
Phòng họp nhóm khai thác ( Lầu 1 ),,,1 Phase Socket,electrical,honc,vietnam,HONC-HONC-QR-WS-0046,hung.thai@siamcitycement.com,vn
Phòng An toàn (phòng 63),,,1 Phase Socket,electrical,honc,vietnam,HONC-ADMIN-0005,hung.thai@siamcitycement.com,vn
Phòng môi trường (phòng 60),,,1 Phase Socket,electrical,honc,vietnam,HONC-ADMIN-0022,hung.thai@siamcitycement.com,vn
Phòng học tiếng anh (Phòng 51),,,1 Phase Socket,electrical,honc,vietnam,HONC-ADMIN-0040,hung.thai@siamcitycement.com,vn
Phòng dự án.,,,1 Phase Socket,electrical,honc,vietnam,HONC-ADMIN-0055,hung.thai@siamcitycement.com,vn
Phòng IT,,,1 Phase Socket,electrical,honc,vietnam,HONC-ADMIN-0058,hung.thai@siamcitycement.com,vn
Phòng kế hoạch (Plan),,,1 Phase Socket,electrical,honc,vietnam,HONC-ADMIN-0089,hung.thai@siamcitycement.com,vn
Phòng Công Nghệ.,,,1 Phase Socket,electrical,honc,vietnam,HONC-ADMIN-0102,hung.thai@siamcitycement.com,vn
Phòng Công Nghệ.,,,1 Phase Socket,electrical,honc,vietnam,HONC-ADMIN-0105,hung.thai@siamcitycement.com,vn
Phòng 71.,,,1 Phase Socket,electrical,honc,vietnam,HONC-ADMIN-0139,hung.thai@siamcitycement.com,vn
Socket hành lang ngoài.,,,1 Phase Socket,electrical,honc,vietnam,HONC-ADMIN-0169,hung.thai@siamcitycement.com,vn
Socket hành lang trong.,,,1 Phase Socket,electrical,honc,vietnam,HONC-ADMIN-0173,hung.thai@siamcitycement.com,vn
Nhà tắm,,,1 Phase Socket,electrical,honc,vietnam,HONC-HONC-CMS-0011,hung.thai@siamcitycement.com,vn
Phòng Automation,,,1 Phase Socket,electrical,honc,vietnam,HONC-HONC-CCR-LAB-0071,hung.thai@siamcitycement.com,vn
Phòng sửa chữa điện ( Work shop ),,,1 Phase Socket,electrical,honc,vietnam,HONC-HONC-MAIN-WS-0003,hung.thai@siamcitycement.com,vn
Phòng thực hành EVE trên lầu,,,1 Phase Socket,electrical,honc,vietnam,HONC-HONC-MAIN-WS-0092,hung.thai@siamcitycement.com,vn
Khu vực máy công cụ,,,1 Phase Socket,electrical,honc,vietnam,HONC-HONC-MAIN-WS-0118,hung.thai@siamcitycement.com,vn
Work shop sửa xe,,,1 Phase Socket,electrical,honc,vietnam,HONC-HONC-QR-WS-0015,hung.thai@siamcitycement.com,vn
Phòng vá vỏ xe,,,1 Phase Socket,electrical,honc,vietnam,HONC-HONC-QR-WS-0036,hung.thai@siamcitycement.com,vn
Phòng An toàn (phòng 63),,,1 Phase Socket,electrical,honc,vietnam,HONC-ADMIN-0006,hung.thai@siamcitycement.com,vn
Phòng An toàn (phòng 63),,,1 Phase Socket,electrical,honc,vietnam,HONC-ADMIN-0010,hung.thai@siamcitycement.com,vn
Phòng kế toán (phòng 62),,,1 Phase Socket,electrical,honc,vietnam,HONC-ADMIN-0015,hung.thai@siamcitycement.com,vn
Phòng dự án.,,,1 Phase Socket,electrical,honc,vietnam,HONC-ADMIN-0048,hung.thai@siamcitycement.com,vn
Phòng ECOcycle.,,,1 Phase Socket,electrical,honc,vietnam,HONC-ADMIN-0073,hung.thai@siamcitycement.com,vn
Phòng CBM,,,1 Phase Socket,electrical,honc,vietnam,HONC-ADMIN-0076,hung.thai@siamcitycement.com,vn
Phòng số 22,,,1 Phase Socket,electrical,honc,vietnam,HONC-ADMIN-0098,hung.thai@siamcitycement.com,vn
Phòng số 10,,,1 Phase Socket,electrical,honc,vietnam,HONC-ADMIN-0117,hung.thai@siamcitycement.com,vn
Phòng số 12,,,1 Phase Socket,electrical,honc,vietnam,HONC-ADMIN-0127,hung.thai@siamcitycement.com,vn
Socket hành lang ngoài.,,,1 Phase Socket,electrical,honc,vietnam,HONC-ADMIN-0165,hung.thai@siamcitycement.com,vn
Phòng y tế,,,1 Phase Socket,electrical,honc,vietnam,HONC-HONC-CMS-0002,hung.thai@siamcitycement.com,vn
Phòng y tế,,,1 Phase Socket,electrical,honc,vietnam,HONC-HONC-CMS-0003,hung.thai@siamcitycement.com,vn
Phòng y tế,,,1 Phase Socket,electrical,honc,vietnam,HONC-HONC-CMS-0006,hung.thai@siamcitycement.com,vn
Canteen,,,1 Phase Socket,electrical,honc,vietnam,HONC-HONC-CMS-0017,hung.thai@siamcitycement.com,vn
Canteen,,,1 Phase Socket,electrical,honc,vietnam,HONC-HONC-CMS-0020,hung.thai@siamcitycement.com,vn
Canteen,,,1 Phase Socket,electrical,honc,vietnam,HONC-HONC-CMS-0024,hung.thai@siamcitycement.com,vn
Nhà nấu ăn ( nhà bếp ),,,1 Phase Socket,electrical,honc,vietnam,HONC-HONC-CMS-0029,hung.thai@siamcitycement.com,vn
Nhà nấu ăn ( nhà bếp ),,,1 Phase Socket,electrical,honc,vietnam,HONC-HONC-CMS-0037,hung.thai@siamcitycement.com,vn
Nhà nấu ăn ( nhà bếp ),,,1 Phase Socket,electrical,honc,vietnam,HONC-HONC-CMS-0038,hung.thai@siamcitycement.com,vn
Phòng phân tích hóa,,,1 Phase Socket,electrical,honc,vietnam,HONC-HONC-CCR-LAB-0018,hung.thai@siamcitycement.com,vn
Phòng Production Manager,,,1 Phase Socket,electrical,honc,vietnam,HONC-HONC-CCR-LAB-0068,hung.thai@siamcitycement.com,vn
Phòng Production Manager,,,1 Phase Socket,electrical,honc,vietnam,HONC-HONC-CCR-LAB-0070,hung.thai@siamcitycement.com,vn
Phòng thống kê,,,1 Phase Socket,electrical,honc,vietnam,HONC-HONC-CCR-LAB-0079,hung.thai@siamcitycement.com,vn
Khu vực máy công cụ,,,3 Phase Socket,electrical,honc,vietnam,HONC-HONC-MAIN-WS-0015,hung.thai@siamcitycement.com,vn
Phòng Bảo Trì Cơ,,,1 Phase Socket,electrical,honc,vietnam,HONC-HONC-MAIN-WS-0056,hung.thai@siamcitycement.com,vn
Phòng nhân viên trực kho,,,1 Phase Socket,electrical,honc,vietnam,HONC-HONC-MAIN-WS-0064,hung.thai@siamcitycement.com,vn
Khu vực kho lớn ( Cơ khí ),,,1 Phase Socket,electrical,honc,vietnam,HONC-HONC-MAIN-WS-0073,hung.thai@siamcitycement.com,vn
Phòng thực hành EVE trên lầu,,,1 Phase Socket,electrical,honc,vietnam,HONC-HONC-MAIN-WS-0093,hung.thai@siamcitycement.com,vn
Nhà xe chữa cháy cũ,,,1 Phase Socket,electrical,honc,vietnam,HONC-HONC-MAIN-WS-0113,hung.thai@siamcitycement.com,vn
Phòng nhân viên trực kho,,,1 Phase Socket,electrical,honc,vietnam,HONC-HONC-MAIN-WS-0114,hung.thai@siamcitycement.com,vn
Work shop sửa xe,,,1 Phase Socket,electrical,honc,vietnam,HONC-HONC-QR-WS-0009,hung.thai@siamcitycement.com,vn
Phòng vá vỏ xe,,,1 Phase Socket,electrical,honc,vietnam,HONC-HONC-QR-WS-0037,hung.thai@siamcitycement.com,vn
Kho chứa nhiên liệu,,,1 Phase Socket,electrical,honc,vietnam,HONC-HONC-QR-WS-0039,hung.thai@siamcitycement.com,vn
Phòng nhân sự (phòng 58),,,1 Phase Socket,electrical,honc,vietnam,HONC-ADMIN-0027,hung.thai@siamcitycement.com,vn
Phòng dự án.,,,1 Phase Socket,electrical,honc,vietnam,HONC-ADMIN-0050,hung.thai@siamcitycement.com,vn
Phòng IT,,,1 Phase Socket,electrical,honc,vietnam,HONC-ADMIN-0063,hung.thai@siamcitycement.com,vn
Phòng đào tạo.,,,1 Phase Socket,electrical,honc,vietnam,HONC-ADMIN-0069,hung.thai@siamcitycement.com,vn
Phòng CBM,,,1 Phase Socket,electrical,honc,vietnam,HONC-ADMIN-0077,hung.thai@siamcitycement.com,vn
Phòng CBM,,,1 Phase Socket,electrical,honc,vietnam,HONC-ADMIN-0079,hung.thai@siamcitycement.com,vn
Phòng số 22,,,1 Phase Socket,electrical,honc,vietnam,HONC-ADMIN-0095,hung.thai@siamcitycement.com,vn
Phòng số 9,,,1 Phase Socket,electrical,honc,vietnam,HONC-ADMIN-0114,hung.thai@siamcitycement.com,vn
Phòng số 10,,,1 Phase Socket,electrical,honc,vietnam,HONC-ADMIN-0120,hung.thai@siamcitycement.com,vn
Phòng số 11,,,1 Phase Socket,electrical,honc,vietnam,HONC-ADMIN-0124,hung.thai@siamcitycement.com,vn
Phòng 66,,,1 Phase Socket,electrical,honc,vietnam,HONC-ADMIN-0151,hung.thai@siamcitycement.com,vn
Socket hành lang ngoài.,,,1 Phase Socket,electrical,honc,vietnam,HONC-ADMIN-0162,hung.thai@siamcitycement.com,vn
Socket hành lang ngoài.,,,1 Phase Socket,electrical,honc,vietnam,HONC-ADMIN-0166,hung.thai@siamcitycement.com,vn
Nhà tắm,,,1 Phase Socket,electrical,honc,vietnam,HONC-HONC-CMS-0009,hung.thai@siamcitycement.com,vn
Canteen,,,1 Phase Socket,electrical,honc,vietnam,HONC-HONC-CMS-0018,hung.thai@siamcitycement.com,vn
Canteen,,,1 Phase Socket,electrical,honc,vietnam,HONC-HONC-CMS-0023,hung.thai@siamcitycement.com,vn
Nhà nấu ăn ( nhà bếp ),,,1 Phase Socket,electrical,honc,vietnam,HONC-HONC-CMS-0026,hung.thai@siamcitycement.com,vn
Nhà nấu ăn ( nhà bếp ),,,1 Phase Socket,electrical,honc,vietnam,HONC-HONC-CMS-0030,hung.thai@siamcitycement.com,vn
Nhà nấu ăn ( nhà bếp ),,,1 Phase Socket,electrical,honc,vietnam,HONC-HONC-CMS-0035,hung.thai@siamcitycement.com,vn
Nhà nấu ăn ( nhà bếp ),,,1 Phase Socket,electrical,honc,vietnam,HONC-HONC-CMS-0036,hung.thai@siamcitycement.com,vn
Phòng chuẩn bị mẩu,,,1 Phase Socket,electrical,honc,vietnam,HONC-HONC-CCR-LAB-0010,hung.thai@siamcitycement.com,vn
Phòng phân tích than,,,1 Phase Socket,electrical,honc,vietnam,HONC-HONC-CCR-LAB-0024,hung.thai@siamcitycement.com,vn
Phòng công nghệ,,,1 Phase Socket,electrical,honc,vietnam,HONC-HONC-CCR-LAB-0063,hung.thai@siamcitycement.com,vn
Kho gạch ( khu hàn căt Workshop ),,,1 Phase Socket,electrical,honc,vietnam,HONC-HONC-CCR-LAB-0104,hung.thai@siamcitycement.com,vn
Container giao ca sản xuất,,,1 Phase Socket,electrical,honc,vietnam,HONC-HONC-CCR-LAB-0111,hung.thai@siamcitycement.com,vn
Khu vực máy công cụ,,,1 Phase Socket,electrical,honc,vietnam,HONC-HONC-MAIN-WS-0023,hung.thai@siamcitycement.com,vn
Khu vực máy công cụ,,,3 Phase Socket,electrical,honc,vietnam,HONC-HONC-MAIN-WS-0029,hung.thai@siamcitycement.com,vn
Phòng dụng cụ điện,,,1 Phase Socket,electrical,honc,vietnam,HONC-HONC-MAIN-WS-0042,hung.thai@siamcitycement.com,vn
Phòng Bảo Trì Cơ,,,1 Phase Socket,electrical,honc,vietnam,HONC-HONC-MAIN-WS-0054,hung.thai@siamcitycement.com,vn
Phòng Bảo Trì Cơ,,,1 Phase Socket,electrical,honc,vietnam,HONC-HONC-MAIN-WS-0057,hung.thai@siamcitycement.com,vn
Phóng giáo viên EVE trên lầu,,,1 Phase Socket,electrical,honc,vietnam,HONC-HONC-MAIN-WS-0086,hung.thai@siamcitycement.com,vn
Phòng Bảo Trì Điện,,,1 Phase Socket,electrical,honc,vietnam,HONC-HONC-MAIN-WS-0105,hung.thai@siamcitycement.com,vn
Work shop sửa xe,,,1 Phase Socket,electrical,honc,vietnam,HONC-HONC-QR-WS-0006,hung.thai@siamcitycement.com,vn
Work shop sửa xe,,,1 Phase Socket,electrical,honc,vietnam,HONC-HONC-QR-WS-0008,hung.thai@siamcitycement.com,vn
Work shop sửa xe,,,1 Phase Socket,electrical,honc,vietnam,HONC-HONC-QR-WS-0010,hung.thai@siamcitycement.com,vn
Phòng WS Superintendent,,,1 Phase Socket,electrical,honc,vietnam,HONC-HONC-QR-WS-0018,hung.thai@siamcitycement.com,vn
Phòng vá vỏ xe,,,1 Phase Socket,electrical,honc,vietnam,HONC-HONC-QR-WS-0030,hung.thai@siamcitycement.com,vn
Phòng họp số 61,,,1 Phase Socket,electrical,honc,vietnam,HONC-ADMIN-0018,hung.thai@siamcitycement.com,vn
Phòng kế Toilet,,,1 Phase Socket,electrical,honc,vietnam,HONC-ADMIN-0034,hung.thai@siamcitycement.com,vn
Phòng học tiếng anh (Phòng 51),,,1 Phase Socket,electrical,honc,vietnam,HONC-ADMIN-0041,hung.thai@siamcitycement.com,vn
Phòng học vi tính (Phòng 50),,,1 Phase Socket,electrical,honc,vietnam,HONC-ADMIN-0045,hung.thai@siamcitycement.com,vn
Phòng kế hoạch (Plan),,,1 Phase Socket,electrical,honc,vietnam,HONC-ADMIN-0088,hung.thai@siamcitycement.com,vn
Phòng số 22,,,1 Phase Socket,electrical,honc,vietnam,HONC-ADMIN-0096,hung.thai@siamcitycement.com,vn
Phòng số 22,,,1 Phase Socket,electrical,honc,vietnam,HONC-ADMIN-0097,hung.thai@siamcitycement.com,vn
Phòng Preventive Maintenance,,,1 Phase Socket,electrical,honc,vietnam,HONC-ADMIN-0099,hung.thai@siamcitycement.com,vn
Phòng số 10,,,1 Phase Socket,electrical,honc,vietnam,HONC-ADMIN-0115,hung.thai@siamcitycement.com,vn
Phòng tiếp tân.,,,1 Phase Socket,electrical,honc,vietnam,HONC-ADMIN-0132,hung.thai@siamcitycement.com,vn
Phòng Giám Đốc.,,,1 Phase Socket,electrical,honc,vietnam,HONC-ADMIN-0144,hung.thai@siamcitycement.com,vn
Phòng Giám Đốc.,,,1 Phase Socket,electrical,honc,vietnam,HONC-ADMIN-0148,hung.thai@siamcitycement.com,vn
Phòng Giám Đốc.,,,1 Phase Socket,electrical,honc,vietnam,HONC-ADMIN-0149,hung.thai@siamcitycement.com,vn
Phòng 66,,,1 Phase Socket,electrical,honc,vietnam,HONC-ADMIN-0153,hung.thai@siamcitycement.com,vn
Phòng 67.,,,1 Phase Socket,electrical,honc,vietnam,HONC-ADMIN-0159,hung.thai@siamcitycement.com,vn
Phòng y tế,,,1 Phase Socket,electrical,honc,vietnam,HONC-HONC-CMS-0001,hung.thai@siamcitycement.com,vn
Canteen,,,1 Phase Socket,electrical,honc,vietnam,HONC-HONC-CMS-0021,hung.thai@siamcitycement.com,vn
Nhà nấu ăn ( nhà bếp ),,,1 Phase Socket,electrical,honc,vietnam,HONC-HONC-CMS-0028,hung.thai@siamcitycement.com,vn
Phòng chuẩn bị mẩu,,,1 Phase Socket,electrical,honc,vietnam,HONC-HONC-CCR-LAB-0008,hung.thai@siamcitycement.com,vn
Phòng phân tích than,,,1 Phase Socket,electrical,honc,vietnam,HONC-HONC-CCR-LAB-0030,hung.thai@siamcitycement.com,vn
Hành lang phòng thí nghiệm,,,1 Phase Socket,electrical,honc,vietnam,HONC-HONC-CCR-LAB-0034,hung.thai@siamcitycement.com,vn
Hành lang phòng thí nghiệm,,,1 Phase Socket,electrical,honc,vietnam,HONC-HONC-CCR-LAB-0036,hung.thai@siamcitycement.com,vn
Phòng phân tích lý ( phòng 19 ),,,1 Phase Socket,electrical,honc,vietnam,HONC-HONC-CCR-LAB-0052,hung.thai@siamcitycement.com,vn
Phòng thống kê,,,1 Phase Socket,electrical,honc,vietnam,HONC-HONC-CCR-LAB-0078,hung.thai@siamcitycement.com,vn
Phòng uống nước ( Lầu 1 ),,,1 Phase Socket,electrical,honc,vietnam,HONC-HONC-CCR-LAB-0082,hung.thai@siamcitycement.com,vn
Phòng trưởng ca vận hành,,,1 Phase Socket,electrical,honc,vietnam,HONC-HONC-CCR-LAB-0086,hung.thai@siamcitycement.com,vn
Khu vực máy công cụ,,,1 Phase Socket,electrical,honc,vietnam,HONC-HONC-MAIN-WS-0013,hung.thai@siamcitycement.com,vn
Phòng dụng cụ cơ khí,,,1 Phase Socket,electrical,honc,vietnam,HONC-HONC-MAIN-WS-0041,hung.thai@siamcitycement.com,vn
Phòng bôi trơn,,,1 Phase Socket,electrical,honc,vietnam,HONC-HONC-MAIN-WS-0047,hung.thai@siamcitycement.com,vn
Phòng Bảo Trì Cơ,,,1 Phase Socket,electrical,honc,vietnam,HONC-HONC-MAIN-WS-0053,hung.thai@siamcitycement.com,vn
Phòng Bảo Trì Cơ,,,1 Phase Socket,electrical,honc,vietnam,HONC-HONC-MAIN-WS-0059,hung.thai@siamcitycement.com,vn
Phòng ( Kho manager ),,,1 Phase Socket,electrical,honc,vietnam,HONC-HONC-MAIN-WS-0070,hung.thai@siamcitycement.com,vn
Khu vực kho lớn ( Cơ khí ),,,1 Phase Socket,electrical,honc,vietnam,HONC-HONC-MAIN-WS-0080,hung.thai@siamcitycement.com,vn
Khu vực máy công cụ,,,1 Phase Socket,electrical,honc,vietnam,HONC-HONC-MAIN-WS-0119,hung.thai@siamcitycement.com,vn
Phòng họp nhóm bảo trì xe,,,1 Phase Socket,electrical,honc,vietnam,HONC-HONC-QR-WS-0003,hung.thai@siamcitycement.com,vn
Work shop sửa xe,,,1 Phase Socket,electrical,honc,vietnam,HONC-HONC-QR-WS-0011,hung.thai@siamcitycement.com,vn
Phòng vá vỏ xe,,,1 Phase Socket,electrical,honc,vietnam,HONC-HONC-QR-WS-0035,hung.thai@siamcitycement.com,vn
Phòng An toàn (phòng 63),,,1 Phase Socket,electrical,honc,vietnam,HONC-ADMIN-0008,hung.thai@siamcitycement.com,vn
Phòng JET (Phòng 59),,,1 Phase Socket,electrical,honc,vietnam,HONC-ADMIN-0031,hung.thai@siamcitycement.com,vn
Phòng JET (Phòng 59),,,1 Phase Socket,electrical,honc,vietnam,HONC-ADMIN-0032,hung.thai@siamcitycement.com,vn
Phòng học vi tính (Phòng 50),,,1 Phase Socket,electrical,honc,vietnam,HONC-ADMIN-0043,hung.thai@siamcitycement.com,vn
Phòng học vi tính (Phòng 50),,,1 Phase Socket,electrical,honc,vietnam,HONC-ADMIN-0047,hung.thai@siamcitycement.com,vn
Phòng ECOcycle.,,,1 Phase Socket,electrical,honc,vietnam,HONC-ADMIN-0072,hung.thai@siamcitycement.com,vn
Phòng uống nước,,,1 Phase Socket,electrical,honc,vietnam,HONC-ADMIN-0074,hung.thai@siamcitycement.com,vn
Phòng Maintenance Manager,,,1 Phase Socket,electrical,honc,vietnam,HONC-ADMIN-0083,hung.thai@siamcitycement.com,vn
Phòng Electrical Maintenance.,,,1 Phase Socket,electrical,honc,vietnam,HONC-ADMIN-0093,hung.thai@siamcitycement.com,vn
Phòng số 11,,,1 Phase Socket,electrical,honc,vietnam,HONC-ADMIN-0125,hung.thai@siamcitycement.com,vn
Phòng tiếp tân.,,,1 Phase Socket,electrical,honc,vietnam,HONC-ADMIN-0136,hung.thai@siamcitycement.com,vn
Phòng hành chánh (phòng 07),,,1 Phase Socket,electrical,honc,vietnam,HONC-ADMIN-0137,hung.thai@siamcitycement.com,vn
Phòng Giám Đốc.,,,1 Phase Socket,electrical,honc,vietnam,HONC-ADMIN-0145,hung.thai@siamcitycement.com,vn
Socket hành lang trong.,,,1 Phase Socket,electrical,honc,vietnam,HONC-ADMIN-0174,hung.thai@siamcitycement.com,vn
Nhà nấu ăn ( nhà bếp ),,,1 Phase Socket,electrical,honc,vietnam,HONC-HONC-CMS-0027,hung.thai@siamcitycement.com,vn
Phòng Plan ( X - Ray ),,,1 Phase Socket,electrical,honc,vietnam,HONC-HONC-CCR-LAB-0006,hung.thai@siamcitycement.com,vn
Phòng chuẩn bị mẩu,,,1 Phase Socket,electrical,honc,vietnam,HONC-HONC-CCR-LAB-0013,hung.thai@siamcitycement.com,vn
Phòng Mr Tín ( phòng 18 ),,,1 Phase Socket,electrical,honc,vietnam,HONC-HONC-CCR-LAB-0046,hung.thai@siamcitycement.com,vn
Phòng kho ( Lầu 1 ),,,1 Phase Socket,electrical,honc,vietnam,HONC-HONC-CCR-LAB-0085,hung.thai@siamcitycement.com,vn
Phòng vận hành CCR,,,1 Phase Socket,electrical,honc,vietnam,HONC-HONC-CCR-LAB-0089,hung.thai@siamcitycement.com,vn
Miếu cầu an,,,1 Phase Socket,electrical,honc,vietnam,HONC-HONC-CCR-LAB-0098,hung.thai@siamcitycement.com,vn
Khu vực máy công cụ,,,3 Phase Socket,electrical,honc,vietnam,HONC-HONC-MAIN-WS-0017,hung.thai@siamcitycement.com,vn
Khu vực máy công cụ,,,3 Phase Socket,electrical,honc,vietnam,HONC-HONC-MAIN-WS-0028,hung.thai@siamcitycement.com,vn
Xưởng EVE,,,1 Phase Socket,electrical,honc,vietnam,HONC-HONC-MAIN-WS-0033,hung.thai@siamcitycement.com,vn
Phòng Bảo Trì Cơ,,,1 Phase Socket,electrical,honc,vietnam,HONC-HONC-MAIN-WS-0052,hung.thai@siamcitycement.com,vn
Phòng nhân viên trực kho,,,1 Phase Socket,electrical,honc,vietnam,HONC-HONC-MAIN-WS-0066,hung.thai@siamcitycement.com,vn
Phòng ( Kho manager ),,,1 Phase Socket,electrical,honc,vietnam,HONC-HONC-MAIN-WS-0072,hung.thai@siamcitycement.com,vn
Khu vực kho lớn ( Cơ khí ),,,1 Phase Socket,electrical,honc,vietnam,HONC-HONC-MAIN-WS-0082,hung.thai@siamcitycement.com,vn
Phòng nhân viên trực kho,,,1 Phase Socket,electrical,honc,vietnam,HONC-HONC-MAIN-WS-0117,hung.thai@siamcitycement.com,vn
Work shop sửa xe,,,1 Phase Socket,electrical,honc,vietnam,HONC-HONC-QR-WS-0005,hung.thai@siamcitycement.com,vn
Phòng WS Superintendent,,,1 Phase Socket,electrical,honc,vietnam,HONC-HONC-QR-WS-0017,hung.thai@siamcitycement.com,vn
Kho thiết bị,,,1 Phase Socket,electrical,honc,vietnam,HONC-HONC-QR-WS-0022,hung.thai@siamcitycement.com,vn
Phòng kế toán (phòng 62),,,1 Phase Socket,electrical,honc,vietnam,HONC-ADMIN-0014,hung.thai@siamcitycement.com,vn
Phòng dự án.,,,1 Phase Socket,electrical,honc,vietnam,HONC-ADMIN-0049,hung.thai@siamcitycement.com,vn
Phòng kế hoạch (Plan),,,1 Phase Socket,electrical,honc,vietnam,HONC-ADMIN-0086,hung.thai@siamcitycement.com,vn
Phòng Electrical Maintenance.,,,1 Phase Socket,electrical,honc,vietnam,HONC-ADMIN-0091,hung.thai@siamcitycement.com,vn
Phòng Cung Ứng.,,,1 Phase Socket,electrical,honc,vietnam,HONC-ADMIN-0111,hung.thai@siamcitycement.com,vn
Phòng số 12,,,1 Phase Socket,electrical,honc,vietnam,HONC-ADMIN-0128,hung.thai@siamcitycement.com,vn
Phòng 67.,,,1 Phase Socket,electrical,honc,vietnam,HONC-ADMIN-0158,hung.thai@siamcitycement.com,vn
Socket hành lang ngoài.,,,1 Phase Socket,electrical,honc,vietnam,HONC-ADMIN-0163,hung.thai@siamcitycement.com,vn
Socket hành lang ngoài.,,,1 Phase Socket,electrical,honc,vietnam,HONC-ADMIN-0168,hung.thai@siamcitycement.com,vn
Phòng ECOcycle ( Phòng 33 ),,,1 Phase Socket,electrical,honc,vietnam,HONC-ADMIN-0178,hung.thai@siamcitycement.com,vn
Canteen,,,1 Phase Socket,electrical,honc,vietnam,HONC-HONC-CMS-0022,hung.thai@siamcitycement.com,vn
Phòng ăn VIP,,,1 Phase Socket,electrical,honc,vietnam,HONC-HONC-CMS-0040,hung.thai@siamcitycement.com,vn
Phòng ăn VIP,,,1 Phase Socket,electrical,honc,vietnam,HONC-HONC-CMS-0041,hung.thai@siamcitycement.com,vn
Phòng bảo vệ ( cổng chính ),,,1 Phase Socket,electrical,honc,vietnam,HONC-HONC-CMS-0044,hung.thai@siamcitycement.com,vn
Phòng Plan ( X - Ray ),,,1 Phase Socket,electrical,honc,vietnam,HONC-HONC-CCR-LAB-0007,hung.thai@siamcitycement.com,vn
Phòng phân tích than,,,1 Phase Socket,electrical,honc,vietnam,HONC-HONC-CCR-LAB-0027,hung.thai@siamcitycement.com,vn
Hành lang phòng thí nghiệm,,,1 Phase Socket,electrical,honc,vietnam,HONC-HONC-CCR-LAB-0037,hung.thai@siamcitycement.com,vn
Phòng Production Manager,,,1 Phase Socket,electrical,honc,vietnam,HONC-HONC-CCR-LAB-0065,hung.thai@siamcitycement.com,vn
Phòng thống kê,,,1 Phase Socket,electrical,honc,vietnam,HONC-HONC-CCR-LAB-0080,hung.thai@siamcitycement.com,vn
Phòng Modul,,,1 Phase Socket,electrical,honc,vietnam,HONC-HONC-CCR-LAB-0094,hung.thai@siamcitycement.com,vn
Hành lang trên lầu,,,1 Phase Socket,electrical,honc,vietnam,HONC-HONC-CCR-LAB-0095,hung.thai@siamcitycement.com,vn
Miếu cầu an,,,1 Phase Socket,electrical,honc,vietnam,HONC-HONC-CCR-LAB-0100,hung.thai@siamcitycement.com,vn
Kho gạch ( khu hàn căt Workshop ),,,1 Phase Socket,electrical,honc,vietnam,HONC-HONC-CCR-LAB-0105,hung.thai@siamcitycement.com,vn
Container giao ca sản xuất,,,1 Phase Socket,electrical,honc,vietnam,HONC-HONC-CCR-LAB-0114,hung.thai@siamcitycement.com,vn
Phòng sửa chữa điện ( Work shop ),,,1 Phase Socket,electrical,honc,vietnam,HONC-HONC-MAIN-WS-0002,hung.thai@siamcitycement.com,vn
Khu vực máy công cụ,,,1 Phase Socket,electrical,honc,vietnam,HONC-HONC-MAIN-WS-0025,hung.thai@siamcitycement.com,vn
Phòng Bảo Trì Cơ,,,1 Phase Socket,electrical,honc,vietnam,HONC-HONC-MAIN-WS-0037,hung.thai@siamcitycement.com,vn
Phòng Bảo Trì Cơ,,,1 Phase Socket,electrical,honc,vietnam,HONC-HONC-MAIN-WS-0039,hung.thai@siamcitycement.com,vn
Phòng bôi trơn,,,1 Phase Socket,electrical,honc,vietnam,HONC-HONC-MAIN-WS-0049,hung.thai@siamcitycement.com,vn
Phòng nhân viên trực kho,,,1 Phase Socket,electrical,honc,vietnam,HONC-HONC-MAIN-WS-0065,hung.thai@siamcitycement.com,vn
Phòng Bảo Trì Điện,,,1 Phase Socket,electrical,honc,vietnam,HONC-HONC-MAIN-WS-0108,hung.thai@siamcitycement.com,vn
Phòng họp nhóm bảo trì xe,,,1 Phase Socket,electrical,honc,vietnam,HONC-HONC-QR-WS-0004,hung.thai@siamcitycement.com,vn
Work shop sửa xe,,,1 Phase Socket,electrical,honc,vietnam,HONC-HONC-QR-WS-0007,hung.thai@siamcitycement.com,vn
Work shop sửa xe,,,1 Phase Socket,electrical,honc,vietnam,HONC-HONC-QR-WS-0014,hung.thai@siamcitycement.com,vn
Kho thiết bị,,,1 Phase Socket,electrical,honc,vietnam,HONC-HONC-QR-WS-0021,hung.thai@siamcitycement.com,vn
Phòng họp bảo trỉ cối,,,1 Phase Socket,electrical,honc,vietnam,HONC-HONC-QR-WS-0029,hung.thai@siamcitycement.com,vn
Phòng dụng cụ sửa chữa,,,1 Phase Socket,electrical,honc,vietnam,HONC-HONC-QR-WS-0041,hung.thai@siamcitycement.com,vn
Phòng dụng cụ sửa chữa,,,1 Phase Socket,electrical,honc,vietnam,HONC-HONC-QR-WS-0044,hung.thai@siamcitycement.com,vn
Phòng An toàn (phòng 63),,,1 Phase Socket,electrical,honc,vietnam,HONC-ADMIN-0003,hung.thai@siamcitycement.com,vn
Phòng môi trường (phòng 60),,,1 Phase Socket,electrical,honc,vietnam,HONC-ADMIN-0019,hung.thai@siamcitycement.com,vn
Phòng AT dự án,,,1 Phase Socket,electrical,honc,vietnam,HONC-ADMIN-0030,hung.thai@siamcitycement.com,vn
Phòng học tiếng anh (Phòng 51),,,1 Phase Socket,electrical,honc,vietnam,HONC-ADMIN-0036,hung.thai@siamcitycement.com,vn
Phòng học vi tính (Phòng 50),,,1 Phase Socket,electrical,honc,vietnam,HONC-ADMIN-0044,hung.thai@siamcitycement.com,vn
Phòng 67.,,,1 Phase Socket,electrical,honc,vietnam,HONC-ADMIN-0157,hung.thai@siamcitycement.com,vn
Phòng ECOcycle ( Phòng 33 ),,,1 Phase Socket,electrical,honc,vietnam,HONC-ADMIN-0181,hung.thai@siamcitycement.com,vn
Canteen,,,1 Phase Socket,electrical,honc,vietnam,HONC-HONC-CMS-0013,hung.thai@siamcitycement.com,vn
Phòng ăn VIP,,,1 Phase Socket,electrical,honc,vietnam,HONC-HONC-CMS-0042,hung.thai@siamcitycement.com,vn
Phòng phân tích than,,,1 Phase Socket,electrical,honc,vietnam,HONC-HONC-CCR-LAB-0028,hung.thai@siamcitycement.com,vn
Phòng uống nước ( phòng 11 ),,,1 Phase Socket,electrical,honc,vietnam,HONC-HONC-CCR-LAB-0033,hung.thai@siamcitycement.com,vn
Phòng phân tích lý ( phòng 19 ),,,1 Phase Socket,electrical,honc,vietnam,HONC-HONC-CCR-LAB-0051,hung.thai@siamcitycement.com,vn
Phòng Production Manager,,,1 Phase Socket,electrical,honc,vietnam,HONC-HONC-CCR-LAB-0064,hung.thai@siamcitycement.com,vn
Phòng vận hành CCR,,,1 Phase Socket,electrical,honc,vietnam,HONC-HONC-CCR-LAB-0091,hung.thai@siamcitycement.com,vn
Kho gạch ( khu thiết bị sản xuất ),,,1 Phase Socket,electrical,honc,vietnam,HONC-HONC-CCR-LAB-0108,hung.thai@siamcitycement.com,vn
Khu vực máy công cụ,,,3 Phase Socket,electrical,honc,vietnam,HONC-HONC-MAIN-WS-0007,hung.thai@siamcitycement.com,vn
Khu vực máy công cụ,,,3 Phase Socket,electrical,honc,vietnam,HONC-HONC-MAIN-WS-0021,hung.thai@siamcitycement.com,vn
Khu vực máy công cụ,,,3 Phase Socket,electrical,honc,vietnam,HONC-HONC-MAIN-WS-0027,hung.thai@siamcitycement.com,vn
Phòng Bảo Trì Cơ,,,1 Phase Socket,electrical,honc,vietnam,HONC-HONC-MAIN-WS-0055,hung.thai@siamcitycement.com,vn
Phòng ( Kho manager ),,,1 Phase Socket,electrical,honc,vietnam,HONC-HONC-MAIN-WS-0069,hung.thai@siamcitycement.com,vn
Phòng học lý thuyết EVE trên lầu,,,1 Phase Socket,electrical,honc,vietnam,HONC-HONC-MAIN-WS-0089,hung.thai@siamcitycement.com,vn
Hành lang trên lầu,,,1 Phase Socket,electrical,honc,vietnam,HONC-HONC-MAIN-WS-0097,hung.thai@siamcitycement.com,vn
Phòng Bảo Trì Điện,,,1 Phase Socket,electrical,honc,vietnam,HONC-HONC-MAIN-WS-0106,hung.thai@siamcitycement.com,vn
Work shop sửa xe,,,1 Phase Socket,electrical,honc,vietnam,HONC-HONC-QR-WS-0016,hung.thai@siamcitycement.com,vn
Kho dung cụ,,,1 Phase Socket,electrical,honc,vietnam,HONC-HONC-QR-WS-0020,hung.thai@siamcitycement.com,vn
Kho chứa nhiên liệu,,,1 Phase Socket,electrical,honc,vietnam,HONC-HONC-QR-WS-0038,hung.thai@siamcitycement.com,vn
Phòng điện thoại (phòng 65),,,1 Phase Socket,electrical,honc,vietnam,HONC-ADMIN-0001,hung.thai@siamcitycement.com,vn
Phòng IT,,,1 Phase Socket,electrical,honc,vietnam,HONC-ADMIN-0061,hung.thai@siamcitycement.com,vn
Phòng đào tạo.,,,1 Phase Socket,electrical,honc,vietnam,HONC-ADMIN-0066,hung.thai@siamcitycement.com,vn
Phòng CBM,,,1 Phase Socket,electrical,honc,vietnam,HONC-ADMIN-0078,hung.thai@siamcitycement.com,vn
Phòng 71.,,,1 Phase Socket,electrical,honc,vietnam,HONC-ADMIN-0143,hung.thai@siamcitycement.com,vn
Phòng Giám Đốc.,,,1 Phase Socket,electrical,honc,vietnam,HONC-ADMIN-0146,hung.thai@siamcitycement.com,vn
Phòng 67.,,,1 Phase Socket,electrical,honc,vietnam,HONC-ADMIN-0156,hung.thai@siamcitycement.com,vn
Phòng phân tích hóa,,,1 Phase Socket,electrical,honc,vietnam,HONC-HONC-CCR-LAB-0022,hung.thai@siamcitycement.com,vn
Phòng phân tích than,,,1 Phase Socket,electrical,honc,vietnam,HONC-HONC-CCR-LAB-0026,hung.thai@siamcitycement.com,vn
Phòng máy lạnh thiết bị điện,,,1 Phase Socket,electrical,honc,vietnam,HONC-HONC-CCR-LAB-0044,hung.thai@siamcitycement.com,vn
Phòng Production Manager,,,1 Phase Socket,electrical,honc,vietnam,HONC-HONC-CCR-LAB-0066,hung.thai@siamcitycement.com,vn
Khu vực máy công cụ,,,3 Phase Socket,electrical,honc,vietnam,HONC-HONC-MAIN-WS-0005,hung.thai@siamcitycement.com,vn
Xưởng EVE,,,1 Phase Socket,electrical,honc,vietnam,HONC-HONC-MAIN-WS-0035,hung.thai@siamcitycement.com,vn
Phòng Bảo Trì Cơ,,,1 Phase Socket,electrical,honc,vietnam,HONC-HONC-MAIN-WS-0038,hung.thai@siamcitycement.com,vn
Khu vực kho lớn ( Cơ khí ),,,1 Phase Socket,electrical,honc,vietnam,HONC-HONC-MAIN-WS-0077,hung.thai@siamcitycement.com,vn
Khu vực kho lớn ( Cơ khí ),,,1 Phase Socket,electrical,honc,vietnam,HONC-HONC-MAIN-WS-0081,hung.thai@siamcitycement.com,vn
Phòng Toalet EVE trên lầu,,,1 Phase Socket,electrical,honc,vietnam,HONC-HONC-MAIN-WS-0083,hung.thai@siamcitycement.com,vn
Hành lang trên lầu,,,1 Phase Socket,electrical,honc,vietnam,HONC-HONC-MAIN-WS-0098,hung.thai@siamcitycement.com,vn
Hành lang trên lầu,,,1 Phase Socket,electrical,honc,vietnam,HONC-HONC-MAIN-WS-0099,hung.thai@siamcitycement.com,vn
Phòng thợ mộc,,,1 Phase Socket,electrical,honc,vietnam,HONC-HONC-MAIN-WS-0109,hung.thai@siamcitycement.com,vn
Phòng môi trường (phòng 60),,,1 Phase Socket,electrical,honc,vietnam,HONC-ADMIN-0020,hung.thai@siamcitycement.com,vn
Phòng HRBP (phòng 59),,,1 Phase Socket,electrical,honc,vietnam,HONC-ADMIN-0024,hung.thai@siamcitycement.com,vn
Phòng nhân sự (phòng 58),,,1 Phase Socket,electrical,honc,vietnam,HONC-ADMIN-0028,hung.thai@siamcitycement.com,vn
Phòng kế Toilet,,,1 Phase Socket,electrical,honc,vietnam,HONC-ADMIN-0035,hung.thai@siamcitycement.com,vn
Phòng dự án.,,,1 Phase Socket,electrical,honc,vietnam,HONC-ADMIN-0051,hung.thai@siamcitycement.com,vn
Phòng kế hoạch (Plan),,,1 Phase Socket,electrical,honc,vietnam,HONC-ADMIN-0085,hung.thai@siamcitycement.com,vn
Phòng Preventive Maintenance,,,1 Phase Socket,electrical,honc,vietnam,HONC-ADMIN-0100,hung.thai@siamcitycement.com,vn
Phòng Công Nghệ.,,,1 Phase Socket,electrical,honc,vietnam,HONC-ADMIN-0104,hung.thai@siamcitycement.com,vn
Phòng số 10,,,1 Phase Socket,electrical,honc,vietnam,HONC-ADMIN-0121,hung.thai@siamcitycement.com,vn
Phòng tiếp tân.,,,1 Phase Socket,electrical,honc,vietnam,HONC-ADMIN-0131,hung.thai@siamcitycement.com,vn
Phòng tiếp tân.,,,1 Phase Socket,electrical,honc,vietnam,HONC-ADMIN-0133,hung.thai@siamcitycement.com,vn
Phòng y tế,,,1 Phase Socket,electrical,honc,vietnam,HONC-HONC-CMS-0007,hung.thai@siamcitycement.com,vn
Canteen,,,1 Phase Socket,electrical,honc,vietnam,HONC-HONC-CMS-0019,hung.thai@siamcitycement.com,vn
Nhà nấu ăn ( nhà bếp ),,,1 Phase Socket,electrical,honc,vietnam,HONC-HONC-CMS-0032,hung.thai@siamcitycement.com,vn
Phòng Plan ( X - Ray ),,,1 Phase Socket,electrical,honc,vietnam,HONC-HONC-CCR-LAB-0005,hung.thai@siamcitycement.com,vn
Phòng chuẩn bị mẩu,,,1 Phase Socket,electrical,honc,vietnam,HONC-HONC-CCR-LAB-0014,hung.thai@siamcitycement.com,vn
Phòng toalet nữ ( phòng 12 ),,,1 Phase Socket,electrical,honc,vietnam,HONC-HONC-CCR-LAB-0039,hung.thai@siamcitycement.com,vn
Phòng Automation,,,1 Phase Socket,electrical,honc,vietnam,HONC-HONC-CCR-LAB-0074,hung.thai@siamcitycement.com,vn
Phòng vận hành CCR,,,1 Phase Socket,electrical,honc,vietnam,HONC-HONC-CCR-LAB-0090,hung.thai@siamcitycement.com,vn
Container giao ca sản xuất,,,1 Phase Socket,electrical,honc,vietnam,HONC-HONC-CCR-LAB-0113,hung.thai@siamcitycement.com,vn
Container giao ca sản xuất,,,1 Phase Socket,electrical,honc,vietnam,HONC-HONC-CCR-LAB-0115,hung.thai@siamcitycement.com,vn
Khu vực máy công cụ,,,1 Phase Socket,electrical,honc,vietnam,HONC-HONC-MAIN-WS-0011,hung.thai@siamcitycement.com,vn
Phòng nhân viên trực kho,,,1 Phase Socket,electrical,honc,vietnam,HONC-HONC-MAIN-WS-0068,hung.thai@siamcitycement.com,vn
Khu vực kho lớn ( Cơ khí ),,,1 Phase Socket,electrical,honc,vietnam,HONC-HONC-MAIN-WS-0076,hung.thai@siamcitycement.com,vn
Phòng học lý thuyết EVE trên lầu,,,1 Phase Socket,electrical,honc,vietnam,HONC-HONC-MAIN-WS-0091,hung.thai@siamcitycement.com,vn
Work shop sửa xe,,,1 Phase Socket,electrical,honc,vietnam,HONC-HONC-QR-WS-0012,hung.thai@siamcitycement.com,vn
Kho thiết bị,,,1 Phase Socket,electrical,honc,vietnam,HONC-HONC-QR-WS-0026,hung.thai@siamcitycement.com,vn
Phòng họp bảo trỉ cối,,,1 Phase Socket,electrical,honc,vietnam,HONC-HONC-QR-WS-0028,hung.thai@siamcitycement.com,vn
Phòng HRBP (phòng 59),,,1 Phase Socket,electrical,honc,vietnam,HONC-ADMIN-0023,hung.thai@siamcitycement.com,vn
Phòng nhân sự (phòng 58),,,1 Phase Socket,electrical,honc,vietnam,HONC-ADMIN-0025,hung.thai@siamcitycement.com,vn
Phòng AT dự án,,,1 Phase Socket,electrical,honc,vietnam,HONC-ADMIN-0029,hung.thai@siamcitycement.com,vn
Phòng JET (Phòng 59),,,1 Phase Socket,electrical,honc,vietnam,HONC-ADMIN-0033,hung.thai@siamcitycement.com,vn
Phòng dự án.,,,1 Phase Socket,electrical,honc,vietnam,HONC-ADMIN-0052,hung.thai@siamcitycement.com,vn
Phòng dự án.,,,1 Phase Socket,electrical,honc,vietnam,HONC-ADMIN-0053,hung.thai@siamcitycement.com,vn
Phòng dự án.,,,1 Phase Socket,electrical,honc,vietnam,HONC-ADMIN-0056,hung.thai@siamcitycement.com,vn
Phòng IT,,,1 Phase Socket,electrical,honc,vietnam,HONC-ADMIN-0060,hung.thai@siamcitycement.com,vn
Phòng uống nước,,,1 Phase Socket,electrical,honc,vietnam,HONC-ADMIN-0075,hung.thai@siamcitycement.com,vn
Phòng số 9,,,1 Phase Socket,electrical,honc,vietnam,HONC-ADMIN-0113,hung.thai@siamcitycement.com,vn
Phòng số 12,,,1 Phase Socket,electrical,honc,vietnam,HONC-ADMIN-0129,hung.thai@siamcitycement.com,vn
Phòng 66,,,1 Phase Socket,electrical,honc,vietnam,HONC-ADMIN-0154,hung.thai@siamcitycement.com,vn
Phòng tài xế,,,1 Phase Socket,electrical,honc,vietnam,HONC-ADMIN-0177,hung.thai@siamcitycement.com,vn
Nhà nấu ăn ( nhà bếp ),,,1 Phase Socket,electrical,honc,vietnam,HONC-HONC-CMS-0031,hung.thai@siamcitycement.com,vn
Phòng chuẩn bị mẩu,,,1 Phase Socket,electrical,honc,vietnam,HONC-HONC-CCR-LAB-0009,hung.thai@siamcitycement.com,vn
Phòng chuẩn bị mẩu,,,1 Phase Socket,electrical,honc,vietnam,HONC-HONC-CCR-LAB-0012,hung.thai@siamcitycement.com,vn
Phòng chuẩn bị mẩu,,,1 Phase Socket,electrical,honc,vietnam,HONC-HONC-CCR-LAB-0015,hung.thai@siamcitycement.com,vn
Phòng phân tích hóa,,,1 Phase Socket,electrical,honc,vietnam,HONC-HONC-CCR-LAB-0021,hung.thai@siamcitycement.com,vn
Phòng phân tích than,,,1 Phase Socket,electrical,honc,vietnam,HONC-HONC-CCR-LAB-0025,hung.thai@siamcitycement.com,vn
Hành lang phòng thí nghiệm,,,1 Phase Socket,electrical,honc,vietnam,HONC-HONC-CCR-LAB-0038,hung.thai@siamcitycement.com,vn
Phòng toalet nam ( phòng 13 ),,,1 Phase Socket,electrical,honc,vietnam,HONC-HONC-CCR-LAB-0041,hung.thai@siamcitycement.com,vn
Phòng QA Manager,,,1 Phase Socket,electrical,honc,vietnam,HONC-HONC-CCR-LAB-0059,hung.thai@siamcitycement.com,vn
Phòng QA Manager,,,1 Phase Socket,electrical,honc,vietnam,HONC-HONC-CCR-LAB-0060,hung.thai@siamcitycement.com,vn
Phòng Production Manager,,,1 Phase Socket,electrical,honc,vietnam,HONC-HONC-CCR-LAB-0067,hung.thai@siamcitycement.com,vn
Phòng thống kê,,,1 Phase Socket,electrical,honc,vietnam,HONC-HONC-CCR-LAB-0077,hung.thai@siamcitycement.com,vn
Phòng uống nước ( Lầu 1 ),,,1 Phase Socket,electrical,honc,vietnam,HONC-HONC-CCR-LAB-0081,hung.thai@siamcitycement.com,vn
Toalet nữ ( Lầu 1 ),,,1 Phase Socket,electrical,honc,vietnam,HONC-HONC-CCR-LAB-0083,hung.thai@siamcitycement.com,vn
Phòng Modul,,,1 Phase Socket,electrical,honc,vietnam,HONC-HONC-CCR-LAB-0092,hung.thai@siamcitycement.com,vn
Hành lang trên lầu,,,1 Phase Socket,electrical,honc,vietnam,HONC-HONC-CCR-LAB-0096,hung.thai@siamcitycement.com,vn
Khu vực máy công cụ,,,1 Phase Socket,electrical,honc,vietnam,HONC-HONC-MAIN-WS-0008,hung.thai@siamcitycement.com,vn
Khu vực máy công cụ,,,1 Phase Socket,electrical,honc,vietnam,HONC-HONC-MAIN-WS-0022,hung.thai@siamcitycement.com,vn
Xưởng EVE,,,1 Phase Socket,electrical,honc,vietnam,HONC-HONC-MAIN-WS-0031,hung.thai@siamcitycement.com,vn
Xưởng EVE,,,1 Phase Socket,electrical,honc,vietnam,HONC-HONC-MAIN-WS-0032,hung.thai@siamcitycement.com,vn
Xưởng EVE,,,1 Phase Socket,electrical,honc,vietnam,HONC-HONC-MAIN-WS-0034,hung.thai@siamcitycement.com,vn
Phòng Bảo Trì Cơ,,,1 Phase Socket,electrical,honc,vietnam,HONC-HONC-MAIN-WS-0036,hung.thai@siamcitycement.com,vn
Khu vực kho lớn ( Cơ khí ),,,1 Phase Socket,electrical,honc,vietnam,HONC-HONC-MAIN-WS-0078,hung.thai@siamcitycement.com,vn
Phòng thợ mộc,,,1 Phase Socket,electrical,honc,vietnam,HONC-HONC-MAIN-WS-0110,hung.thai@siamcitycement.com,vn
Kho thiết bị,,,1 Phase Socket,electrical,honc,vietnam,HONC-HONC-QR-WS-0025,hung.thai@siamcitycement.com,vn
Phòng nhân viên bán hàng,,,1 Phase Socket,electrical,honc,vietnam,HONC-HONC-SCN-PACK-0011,hung.thai@siamcitycement.com,vn
Phòng ăn,,,1 Phase Socket,electrical,honc,vietnam,HONC-HONC-SCN-PACK-0017,hung.thai@siamcitycement.com,vn
Socket cảng,,,1 Phase Socket,electrical,honc,vietnam,HONC-HONC-SEA-JETTY-0003,hung.thai@siamcitycement.com,vn
Phòng vận hành cảng,,,1 Phase Socket,electrical,honc,vietnam,HONC-HONC-SEA-JETTY-0006,hung.thai@siamcitycement.com,vn
Phòng thí nghiệm,,,1 Phase Socket,electrical,honc,vietnam,HONC-HONC-ECOCYCLE-0001,hung.thai@siamcitycement.com,vn
Phòng thí nghiệm,,,1 Phase Socket,electrical,honc,vietnam,HONC-HONC-ECOCYCLE-0002,hung.thai@siamcitycement.com,vn
Phòng thí nghiệm,,,1 Phase Socket,electrical,honc,vietnam,HONC-HONC-ECOCYCLE-0004,hung.thai@siamcitycement.com,vn
Phòng thí nghiệm,,,1 Phase Socket,electrical,honc,vietnam,HONC-HONC-ECOCYCLE-0012,hung.thai@siamcitycement.com,vn
Phòng thí nghiệm,,,1 Phase Socket,electrical,honc,vietnam,HONC-HONC-ECOCYCLE-0019,hung.thai@siamcitycement.com,vn
Phòng lưu mẩu,,,1 Phase Socket,electrical,honc,vietnam,HONC-HONC-ECOCYCLE-0021,hung.thai@siamcitycement.com,vn
Phòng điều hành,,,1 Phase Socket,electrical,honc,vietnam,HONC-HONC-ECOCYCLE-0044,hung.thai@siamcitycement.com,vn
Container máy cắt cao su,,,1 Phase Socket,electrical,honc,vietnam,HONC-HONC-ECOCYCLE-0055,hung.thai@siamcitycement.com,vn
Phòng Supervisor,,,1 Phase Socket,electrical,honc,vietnam,HONC-HONC-QR-WS-0054,hung.thai@siamcitycement.com,vn
Phòng quản đốc mỏ,,,1 Phase Socket,electrical,honc,vietnam,HONC-HONC-QR-WS-0059,hung.thai@siamcitycement.com,vn
Phòng đốc công,,,1 Phase Socket,electrical,honc,vietnam,HONC-HONC-QR-WS-0067,hung.thai@siamcitycement.com,vn
Socket hành lang,,,1 Phase Socket,electrical,honc,vietnam,HONC-HONC-SCN-PACK-0016,hung.thai@siamcitycement.com,vn
Phòng bảo vệ ( container),,,1 Phase Socket,electrical,honc,vietnam,HONC-HONC-SCN-PACK-0022,hung.thai@siamcitycement.com,vn
Phòng nghỉ trưa ship unloader,,,1 Phase Socket,electrical,honc,vietnam,HONC-HONC-SEA-JETTY-0005,hung.thai@siamcitycement.com,vn
Phòng thí nghiệm,,,1 Phase Socket,electrical,honc,vietnam,HONC-HONC-ECOCYCLE-0017,hung.thai@siamcitycement.com,vn
Phòng thí nghiệm,,,1 Phase Socket,electrical,honc,vietnam,HONC-HONC-ECOCYCLE-0020,hung.thai@siamcitycement.com,vn
Phòng ( container ),,,1 Phase Socket,electrical,honc,vietnam,HONC-HONC-ECOCYCLE-0025,hung.thai@siamcitycement.com,vn
Canteen ( container ),,,1 Phase Socket,electrical,honc,vietnam,HONC-HONC-ECOCYCLE-0030,hung.thai@siamcitycement.com,vn
Canteen ( container ),,,1 Phase Socket,electrical,honc,vietnam,HONC-HONC-ECOCYCLE-0033,hung.thai@siamcitycement.com,vn
Meeting Room 66,,,1 Phase Socket,electrical,honc,vietnam,HONC-HONC-ADMIN-0198,hung.thai@siamcitycement.com,vn
Meeting Room 10,,,1 Phase Socket,electrical,honc,vietnam,HONC-HONC-ADMIN-0212,hung.thai@siamcitycement.com,vn
Phòng thống kê,,,1 Phase Socket,electrical,honc,vietnam,HONC-HONC-QR-WS-0065,hung.thai@siamcitycement.com,vn
Phòng điều khiển cối đá,,,1 Phase Socket,electrical,honc,vietnam,HONC-HONC-QR-WS-0081,hung.thai@siamcitycement.com,vn
Phòng điều hành,,,1 Phase Socket,electrical,honc,vietnam,HONC-HONC-ECOCYCLE-0046,hung.thai@siamcitycement.com,vn
Phòng nghỉ nhân viên,,,1 Phase Socket,electrical,honc,vietnam,HONC-HONC-ECOCYCLE-0050,hung.thai@siamcitycement.com,vn
Hành Lang Trong,,,1 Phase Socket,electrical,honc,vietnam,HONC-HONC-ADMIN-0191,hung.thai@siamcitycement.com,vn
Phòng đốc công,,,1 Phase Socket,electrical,honc,vietnam,HONC-HONC-QR-WS-0066,hung.thai@siamcitycement.com,vn
Phòng điều khiển cối đá,,,1 Phase Socket,electrical,honc,vietnam,HONC-HONC-QR-WS-0080,hung.thai@siamcitycement.com,vn
Phòng nhân viên bán hàng,,,1 Phase Socket,electrical,honc,vietnam,HONC-HONC-SCN-PACK-0015,hung.thai@siamcitycement.com,vn
Phòng CA đường thủy (Container ),,,1 Phase Socket,electrical,honc,vietnam,HONC-HONC-SCN-PACK-0021,hung.thai@siamcitycement.com,vn
Phòng vận hành cảng,,,1 Phase Socket,electrical,honc,vietnam,HONC-HONC-SEA-JETTY-0007,hung.thai@siamcitycement.com,vn
Phòng thí nghiệm,,,1 Phase Socket,electrical,honc,vietnam,HONC-HONC-ECOCYCLE-0003,hung.thai@siamcitycement.com,vn
Container máy cắt cao su,,,1 Phase Socket,electrical,honc,vietnam,HONC-HONC-ECOCYCLE-0054,hung.thai@siamcitycement.com,vn
Hành Lang Trong,,,1 Phase Socket,electrical,honc,vietnam,HONC-HONC-ADMIN-0193,hung.thai@siamcitycement.com,vn
Hành Lang Trong,,,1 Phase Socket,electrical,honc,vietnam,HONC-HONC-ADMIN-0194,hung.thai@siamcitycement.com,vn
Hành Lang Trong,,,1 Phase Socket,electrical,honc,vietnam,HONC-HONC-ADMIN-0195,hung.thai@siamcitycement.com,vn
Meeting Room 66,,,1 Phase Socket,electrical,honc,vietnam,HONC-HONC-ADMIN-0207,hung.thai@siamcitycement.com,vn
Meeting Room 10,,,1 Phase Socket,electrical,honc,vietnam,HONC-HONC-ADMIN-0210,hung.thai@siamcitycement.com,vn
Phòng bán hàng (Sup- OLA),,,1 Phase Socket,electrical,honc,vietnam,HONC-HONC-SCN-PACK-0003,hung.thai@siamcitycement.com,vn
Phòng đăng tài,,,1 Phase Socket,electrical,honc,vietnam,HONC-HONC-SCN-PACK-0024,hung.thai@siamcitycement.com,vn
Phòng điều hành,,,1 Phase Socket,electrical,honc,vietnam,HONC-HONC-ECOCYCLE-0045,hung.thai@siamcitycement.com,vn
Xưởng sửa chữa,,,1 Phase Socket,electrical,honc,vietnam,HONC-HONC-ECOCYCLE-0047,hung.thai@siamcitycement.com,vn
Phòng nghỉ nhân viên,,,1 Phase Socket,electrical,honc,vietnam,HONC-HONC-ECOCYCLE-0049,hung.thai@siamcitycement.com,vn
Phòng nghỉ nhân viên,,,1 Phase Socket,electrical,honc,vietnam,HONC-HONC-ECOCYCLE-0052,hung.thai@siamcitycement.com,vn
Phòng Supervisor,,,1 Phase Socket,electrical,honc,vietnam,HONC-HONC-QR-WS-0050,hung.thai@siamcitycement.com,vn
Phòng Supervisor,,,1 Phase Socket,electrical,honc,vietnam,HONC-HONC-QR-WS-0051,hung.thai@siamcitycement.com,vn
Phòng Supervisor,,,1 Phase Socket,electrical,honc,vietnam,HONC-HONC-QR-WS-0053,hung.thai@siamcitycement.com,vn
Phòng thống kê,,,1 Phase Socket,electrical,honc,vietnam,HONC-HONC-QR-WS-0063,hung.thai@siamcitycement.com,vn
Phòng thống kê,,,1 Phase Socket,electrical,honc,vietnam,HONC-HONC-QR-WS-0064,hung.thai@siamcitycement.com,vn
Nhà để xe,,,1 Phase Socket,electrical,honc,vietnam,HONC-HONC-QR-WS-0075,hung.thai@siamcitycement.com,vn
Packing Office,,,1 Phase Socket,electrical,honc,vietnam,HONC-HONC-SCN-PACK-0002,hung.thai@siamcitycement.com,vn
Phòng nhân viên bán hàng,,,1 Phase Socket,electrical,honc,vietnam,HONC-HONC-SCN-PACK-0013,hung.thai@siamcitycement.com,vn
Meeting Room 66,,,1 Phase Socket,electrical,honc,vietnam,HONC-HONC-ADMIN-0206,hung.thai@siamcitycement.com,vn
Phòng Supervisor,,,1 Phase Socket,electrical,honc,vietnam,HONC-HONC-QR-WS-0055,hung.thai@siamcitycement.com,vn
Phòng đốc công,,,1 Phase Socket,electrical,honc,vietnam,HONC-HONC-QR-WS-0068,hung.thai@siamcitycement.com,vn
Phòng đốc công,,,1 Phase Socket,electrical,honc,vietnam,HONC-HONC-QR-WS-0072,hung.thai@siamcitycement.com,vn
Bãi rửa xe,,,1 Phase Socket,electrical,honc,vietnam,HONC-HONC-QR-WS-0074,hung.thai@siamcitycement.com,vn
Phòng điều khiển cối đá,,,1 Phase Socket,electrical,honc,vietnam,HONC-HONC-QR-WS-0082,hung.thai@siamcitycement.com,vn
Phòng vận hành trạm 110 KV,,,1 Phase Socket,electrical,honc,vietnam,HONC-HONC-PoP-SUB-0002,hung.thai@siamcitycement.com,vn
kho trạm 110 KV,,,1 Phase Socket,electrical,honc,vietnam,HONC-HONC-PoP-SUB-0006,hung.thai@siamcitycement.com,vn
Phòng nhân viên bán hàng,,,1 Phase Socket,electrical,honc,vietnam,HONC-HONC-SCN-PACK-0014,hung.thai@siamcitycement.com,vn
Phòng ăn,,,1 Phase Socket,electrical,honc,vietnam,HONC-HONC-SCN-PACK-0018,hung.thai@siamcitycement.com,vn
cầu cân,,,1 Phase Socket,electrical,honc,vietnam,HONC-HONC-SCN-PACK-0029,hung.thai@siamcitycement.com,vn
Socket cầu cân,,,1 Phase Socket,electrical,honc,vietnam,HONC-HONC-SCN-PACK-0031,hung.thai@siamcitycement.com,vn
Phòng vận hành cảng,,,1 Phase Socket,electrical,honc,vietnam,HONC-HONC-SEA-JETTY-0008,hung.thai@siamcitycement.com,vn
Phòng ( container ),,,1 Phase Socket,electrical,honc,vietnam,HONC-HONC-ECOCYCLE-0026,hung.thai@siamcitycement.com,vn
Canteen ( container ),,,1 Phase Socket,electrical,honc,vietnam,HONC-HONC-ECOCYCLE-0029,hung.thai@siamcitycement.com,vn
Canteen ( container ),,,1 Phase Socket,electrical,honc,vietnam,HONC-HONC-ECOCYCLE-0035,hung.thai@siamcitycement.com,vn
Phòng điều hành,,,1 Phase Socket,electrical,honc,vietnam,HONC-HONC-ECOCYCLE-0039,hung.thai@siamcitycement.com,vn
Hành lang trên lầu 1,,,1 Phase Socket,electrical,honc,vietnam,HONC-HONC-QR-WS-0057,hung.thai@siamcitycement.com,vn
Phòng máy cắt trạm 110 kV,,,1 Phase Socket,electrical,honc,vietnam,HONC-HONC-PoP-SUB-0007,hung.thai@siamcitycement.com,vn
Miếu OLA,,,1 Phase Socket,electrical,honc,vietnam,HONC-HONC-SCN-PACK-0020,hung.thai@siamcitycement.com,vn
Ship unloader,,,1 Phase Socket,electrical,honc,vietnam,HONC-HONC-SEA-JETTY-0004,hung.thai@siamcitycement.com,vn
Phòng thí nghiệm,,,1 Phase Socket,electrical,honc,vietnam,HONC-HONC-ECOCYCLE-0008,hung.thai@siamcitycement.com,vn
Phòng ( container ),,,1 Phase Socket,electrical,honc,vietnam,HONC-HONC-ECOCYCLE-0024,hung.thai@siamcitycement.com,vn
Canteen ( container ),,,1 Phase Socket,electrical,honc,vietnam,HONC-HONC-ECOCYCLE-0034,hung.thai@siamcitycement.com,vn
Phòng máy nén khi khu vực ATS,,,1 Phase Socket,electrical,honc,vietnam,HONC-HONC-ECOCYCLE-0037,hung.thai@siamcitycement.com,vn
Hành Lang Trong,,,1 Phase Socket,electrical,honc,vietnam,HONC-HONC-ADMIN-0192,hung.thai@siamcitycement.com,vn
Phòng nhân viên bán hàng,,,1 Phase Socket,electrical,honc,vietnam,HONC-HONC-SCN-PACK-0010,hung.thai@siamcitycement.com,vn
cầu cân,,,1 Phase Socket,electrical,honc,vietnam,HONC-HONC-SCN-PACK-0030,hung.thai@siamcitycement.com,vn
Phòng thí nghiệm,,,1 Phase Socket,electrical,honc,vietnam,HONC-HONC-ECOCYCLE-0005,hung.thai@siamcitycement.com,vn
Phòng thí nghiệm,,,1 Phase Socket,electrical,honc,vietnam,HONC-HONC-ECOCYCLE-0009,hung.thai@siamcitycement.com,vn
Phòng thí nghiệm,,,1 Phase Socket,electrical,honc,vietnam,HONC-HONC-ECOCYCLE-0014,hung.thai@siamcitycement.com,vn
Phòng thí nghiệm,,,1 Phase Socket,electrical,honc,vietnam,HONC-HONC-ECOCYCLE-0016,hung.thai@siamcitycement.com,vn
Phòng lưu mẩu,,,1 Phase Socket,electrical,honc,vietnam,HONC-HONC-ECOCYCLE-0022,hung.thai@siamcitycement.com,vn
Meeting Room 66,,,1 Phase Socket,electrical,honc,vietnam,HONC-HONC-ADMIN-0208,hung.thai@siamcitycement.com,vn
Phòng đốc công,,,1 Phase Socket,electrical,honc,vietnam,HONC-HONC-QR-WS-0073,hung.thai@siamcitycement.com,vn
Phòng điều khiển cối đá,,,1 Phase Socket,electrical,honc,vietnam,HONC-HONC-QR-WS-0078,hung.thai@siamcitycement.com,vn
Phòng điều khiển cối đá,,,1 Phase Socket,electrical,honc,vietnam,HONC-HONC-QR-WS-0083,hung.thai@siamcitycement.com,vn
Phòng thí nghiệm,,,1 Phase Socket,electrical,honc,vietnam,HONC-HONC-ECOCYCLE-0010,hung.thai@siamcitycement.com,vn
Phòng thí nghiệm,,,1 Phase Socket,electrical,honc,vietnam,HONC-HONC-ECOCYCLE-0013,hung.thai@siamcitycement.com,vn
Canteen ( container ),,,1 Phase Socket,electrical,honc,vietnam,HONC-HONC-ECOCYCLE-0027,hung.thai@siamcitycement.com,vn
Canteen ( container ),,,1 Phase Socket,electrical,honc,vietnam,HONC-HONC-ECOCYCLE-0031,hung.thai@siamcitycement.com,vn
Xưởng sửa chữa,,,1 Phase Socket,electrical,honc,vietnam,HONC-HONC-ECOCYCLE-0048,hung.thai@siamcitycement.com,vn
Meeting Room 66,,,1 Phase Socket,electrical,honc,vietnam,HONC-HONC-ADMIN-0199,hung.thai@siamcitycement.com,vn
Meeting Room 10,,,1 Phase Socket,electrical,honc,vietnam,HONC-HONC-ADMIN-0209,hung.thai@siamcitycement.com,vn
Meeting Room 10,,,1 Phase Socket,electrical,honc,vietnam,HONC-HONC-ADMIN-0211,hung.thai@siamcitycement.com,vn
Phòng Supervisor,,,1 Phase Socket,electrical,honc,vietnam,HONC-HONC-QR-WS-0052,hung.thai@siamcitycement.com,vn
Phòng vận hành trạm 110 KV,,,1 Phase Socket,electrical,honc,vietnam,HONC-HONC-PoP-SUB-0004,hung.thai@siamcitycement.com,vn
Phòng nhân viên bán hàng,,,1 Phase Socket,electrical,honc,vietnam,HONC-HONC-SCN-PACK-0009,hung.thai@siamcitycement.com,vn
cầu cân,,,1 Phase Socket,electrical,honc,vietnam,HONC-HONC-SCN-PACK-0025,hung.thai@siamcitycement.com,vn
Phòng thí nghiệm,,,1 Phase Socket,electrical,honc,vietnam,HONC-HONC-ECOCYCLE-0015,hung.thai@siamcitycement.com,vn
Phòng thí nghiệm,,,1 Phase Socket,electrical,honc,vietnam,HONC-HONC-ECOCYCLE-0018,hung.thai@siamcitycement.com,vn
Meeting Room 26,,,1 Phase Socket,electrical,honc,vietnam,HONC-HONC-ADMIN-0213,hung.thai@siamcitycement.com,vn
Phòng họp nhóm khai thác ( Lầu 1 ),,,1 Phase Socket,electrical,honc,vietnam,HONC-HONC-QR-WS-0049,hung.thai@siamcitycement.com,vn
Phòng đốc công,,,1 Phase Socket,electrical,honc,vietnam,HONC-HONC-QR-WS-0071,hung.thai@siamcitycement.com,vn
Phòng điều khiển cối đá,,,1 Phase Socket,electrical,honc,vietnam,HONC-HONC-QR-WS-0077,hung.thai@siamcitycement.com,vn
Phòng vận hành trạm 110 KV,,,1 Phase Socket,electrical,honc,vietnam,HONC-HONC-PoP-SUB-0001,hung.thai@siamcitycement.com,vn
Phòng vận hành trạm 110 KV,,,1 Phase Socket,electrical,honc,vietnam,HONC-HONC-PoP-SUB-0003,hung.thai@siamcitycement.com,vn
phòng máy nén khí,,,1 Phase Socket,electrical,honc,vietnam,HONC-HONC-SEA-JETTY-0002,hung.thai@siamcitycement.com,vn
Phòng thí nghiệm,,,1 Phase Socket,electrical,honc,vietnam,HONC-HONC-ECOCYCLE-0007,hung.thai@siamcitycement.com,vn
Phòng thí nghiệm,,,1 Phase Socket,electrical,honc,vietnam,HONC-HONC-ECOCYCLE-0011,hung.thai@siamcitycement.com,vn
Phòng điều hành,,,1 Phase Socket,electrical,honc,vietnam,HONC-HONC-ECOCYCLE-0040,hung.thai@siamcitycement.com,vn
Hành Lang Trong,,,1 Phase Socket,electrical,honc,vietnam,HONC-HONC-ADMIN-0188,hung.thai@siamcitycement.com,vn
Hành Lang Trong,,,1 Phase Socket,electrical,honc,vietnam,HONC-HONC-ADMIN-0189,hung.thai@siamcitycement.com,vn
Meeting Room 66,,,1 Phase Socket,electrical,honc,vietnam,HONC-HONC-ADMIN-0205,hung.thai@siamcitycement.com,vn
Hành lang trên lầu 1,,,1 Phase Socket,electrical,honc,vietnam,HONC-HONC-QR-WS-0056,hung.thai@siamcitycement.com,vn
Phòng quản đốc mỏ,,,1 Phase Socket,electrical,honc,vietnam,HONC-HONC-QR-WS-0060,hung.thai@siamcitycement.com,vn
Phòng quản đốc mỏ,,,1 Phase Socket,electrical,honc,vietnam,HONC-HONC-QR-WS-0061,hung.thai@siamcitycement.com,vn
Phòng bán hàng (Sup- OLA),,,1 Phase Socket,electrical,honc,vietnam,HONC-HONC-SCN-PACK-0004,hung.thai@siamcitycement.com,vn
Phòng đăng tài,,,1 Phase Socket,electrical,honc,vietnam,HONC-HONC-SCN-PACK-0023,hung.thai@siamcitycement.com,vn
cầu cân,,,1 Phase Socket,electrical,honc,vietnam,HONC-HONC-SCN-PACK-0026,hung.thai@siamcitycement.com,vn
Phòng bảo vệ cổng cảng,,,1 Phase Socket,electrical,honc,vietnam,HONC-HONC-SEA-JETTY-0001,hung.thai@siamcitycement.com,vn
Phòng điều hành,,,1 Phase Socket,electrical,honc,vietnam,HONC-HONC-ECOCYCLE-0038,hung.thai@siamcitycement.com,vn
Phòng điều hành,,,1 Phase Socket,electrical,honc,vietnam,HONC-HONC-ECOCYCLE-0041,hung.thai@siamcitycement.com,vn
Phòng điều hành,,,1 Phase Socket,electrical,honc,vietnam,HONC-HONC-ECOCYCLE-0042,hung.thai@siamcitycement.com,vn
Phòng nghỉ nhân viên,,,1 Phase Socket,electrical,honc,vietnam,HONC-HONC-ECOCYCLE-0051,hung.thai@siamcitycement.com,vn
Meeting Room 66,,,1 Phase Socket,electrical,honc,vietnam,HONC-HONC-ADMIN-0204,hung.thai@siamcitycement.com,vn
Phòng ăn khu vực cối,,,1 Phase Socket,electrical,honc,vietnam,HONC-HONC-QR-WS-0076,hung.thai@siamcitycement.com,vn
kho trạm 110 KV,,,1 Phase Socket,electrical,honc,vietnam,HONC-HONC-PoP-SUB-0005,hung.thai@siamcitycement.com,vn
Phòng bán hàng (Sup- OLA),,,1 Phase Socket,electrical,honc,vietnam,HONC-HONC-SCN-PACK-0005,hung.thai@siamcitycement.com,vn
Phòng tiếp khách OLA,,,1 Phase Socket,electrical,honc,vietnam,HONC-HONC-SCN-PACK-0007,hung.thai@siamcitycement.com,vn
Phòng nhân viên bán hàng,,,1 Phase Socket,electrical,honc,vietnam,HONC-HONC-SCN-PACK-0008,hung.thai@siamcitycement.com,vn
Phòng điều hành,,,1 Phase Socket,electrical,honc,vietnam,HONC-HONC-ECOCYCLE-0043,hung.thai@siamcitycement.com,vn
Meeting Room 66,,,1 Phase Socket,electrical,honc,vietnam,HONC-HONC-ADMIN-0200,hung.thai@siamcitycement.com,vn
Phòng quản đốc mỏ,,,1 Phase Socket,electrical,honc,vietnam,HONC-HONC-QR-WS-0062,hung.thai@siamcitycement.com,vn
Phòng tiếp khách OLA,,,1 Phase Socket,electrical,honc,vietnam,HONC-HONC-SCN-PACK-0006,hung.thai@siamcitycement.com,vn
Phòng nhân viên bán hàng,,,1 Phase Socket,electrical,honc,vietnam,HONC-HONC-SCN-PACK-0012,hung.thai@siamcitycement.com,vn
cầu cân,,,1 Phase Socket,electrical,honc,vietnam,HONC-HONC-SCN-PACK-0027,hung.thai@siamcitycement.com,vn
Phòng uống nước khu vực ATS,,,1 Phase Socket,electrical,honc,vietnam,HONC-HONC-ECOCYCLE-0036,hung.thai@siamcitycement.com,vn
Container máy cắt cao su,,,1 Phase Socket,electrical,honc,vietnam,HONC-HONC-ECOCYCLE-0053,hung.thai@siamcitycement.com,vn
Meeting Room 66,,,1 Phase Socket,electrical,honc,vietnam,HONC-HONC-ADMIN-0202,hung.thai@siamcitycement.com,vn
Meeting Room 66,,,1 Phase Socket,electrical,honc,vietnam,HONC-HONC-ADMIN-0203,hung.thai@siamcitycement.com,vn
Toilet lầu 1,,,1 Phase Socket,electrical,honc,vietnam,HONC-HONC-QR-WS-0058,hung.thai@siamcitycement.com,vn
Phòng đốc công,,,1 Phase Socket,electrical,honc,vietnam,HONC-HONC-QR-WS-0069,hung.thai@siamcitycement.com,vn
Phòng đốc công,,,1 Phase Socket,electrical,honc,vietnam,HONC-HONC-QR-WS-0070,hung.thai@siamcitycement.com,vn
Phòng điều khiển cối đá,,,1 Phase Socket,electrical,honc,vietnam,HONC-HONC-QR-WS-0079,hung.thai@siamcitycement.com,vn
Packing Office,,,1 Phase Socket,electrical,honc,vietnam,HONC-HONC-SCN-PACK-0001,hung.thai@siamcitycement.com,vn
Miếu OLA,,,1 Phase Socket,electrical,honc,vietnam,HONC-HONC-SCN-PACK-0019,hung.thai@siamcitycement.com,vn
cầu cân,,,1 Phase Socket,electrical,honc,vietnam,HONC-HONC-SCN-PACK-0028,hung.thai@siamcitycement.com,vn
Phòng thí nghiệm,,,1 Phase Socket,electrical,honc,vietnam,HONC-HONC-ECOCYCLE-0006,hung.thai@siamcitycement.com,vn
Phòng ( container ),,,1 Phase Socket,electrical,honc,vietnam,HONC-HONC-ECOCYCLE-0023,hung.thai@siamcitycement.com,vn
Canteen ( container ),,,1 Phase Socket,electrical,honc,vietnam,HONC-HONC-ECOCYCLE-0028,hung.thai@siamcitycement.com,vn
Canteen ( container ),,,1 Phase Socket,electrical,honc,vietnam,HONC-HONC-ECOCYCLE-0032,hung.thai@siamcitycement.com,vn
Hành Lang Trong,,,1 Phase Socket,electrical,honc,vietnam,HONC-HONC-ADMIN-0190,hung.thai@siamcitycement.com,vn
Hành Lang Trong,,,1 Phase Socket,electrical,honc,vietnam,HONC-HONC-ADMIN-0196,hung.thai@siamcitycement.com,vn
Meeting Room 66,,,1 Phase Socket,electrical,honc,vietnam,HONC-HONC-ADMIN-0201,hung.thai@siamcitycement.com,vn
Văn phòng,MNF,Socket & Plug,Ổ cắm,electrical,catl,vietname,CATL-AD_13,vinh.truong@siamcitycement.com,vn
Văn phòng,MNF,Socket & Plug,Ổ cắm,electrical,catl,vietname,CATL-AD_17,vinh.truong@siamcitycement.com,vn
Văn phòng,MNF,Socket & Plug,Ổ cắm,electrical,catl,vietname,CATL-AD_02,vinh.truong@siamcitycement.com,vn
Văn phòng,MNF,Socket & Plug,Ổ cắm,electrical,catl,vietname,CATL-AD_10,vinh.truong@siamcitycement.com,vn
Văn phòng,MNF,Socket & Plug,Ổ cắm,electrical,catl,vietname,CATL-AD_11,vinh.truong@siamcitycement.com,vn
Văn phòng,MNF,Socket & Plug,Ổ cắm,electrical,catl,vietname,CATL-AD_12,vinh.truong@siamcitycement.com,vn
Văn phòng,MNF,Socket & Plug,Ổ cắm,electrical,catl,vietname,CATL-AD_01,vinh.truong@siamcitycement.com,vn
Văn phòng,MNF,Socket & Plug,Ổ cắm,electrical,catl,vietname,CATL-AD_03,vinh.truong@siamcitycement.com,vn
Văn phòng,MNF,Socket & Plug,Ổ cắm,electrical,catl,vietname,CATL-AD_04,vinh.truong@siamcitycement.com,vn
Văn phòng,MNF,Socket & Plug,Ổ cắm,electrical,catl,vietname,CATL-AD_06,vinh.truong@siamcitycement.com,vn
Văn phòng,MNF,Socket & Plug,Ổ cắm,electrical,catl,vietname,CATL-AD_07,vinh.truong@siamcitycement.com,vn
Văn phòng,MNF,Socket & Plug,Ổ cắm,electrical,catl,vietname,CATL-AD_08,vinh.truong@siamcitycement.com,vn
Văn phòng,MNF,Socket & Plug,Ổ cắm,electrical,catl,vietname,CATL-AD_14,vinh.truong@siamcitycement.com,vn
Văn phòng,MNF,Socket & Plug,Ổ cắm,electrical,catl,vietname,CATL-AD_15,vinh.truong@siamcitycement.com,vn
Văn phòng,MNF,Socket & Plug,Ổ cắm,electrical,catl,vietname,CATL-AD_19,vinh.truong@siamcitycement.com,vn
Văn phòng,MNF,Socket & Plug,Ổ cắm,electrical,catl,vietname,CATL-AD_05,vinh.truong@siamcitycement.com,vn
Văn phòng,MNF,Socket & Plug,Ổ cắm,electrical,catl,vietname,CATL-AD_09,vinh.truong@siamcitycement.com,vn
Văn phòng,MNF,Socket & Plug,Ổ cắm,electrical,catl,vietname,CATL-AD_16,vinh.truong@siamcitycement.com,vn
Văn phòng,MNF,Socket & Plug,Ổ cắm,electrical,catl,vietname,CATL-AD_18,vinh.truong@siamcitycement.com,vn
khu máy nghiền xi măng,PRODUCTION,Tủ Socket,,socket,honc,vietnam,HONC-5P1-1N1-01,hung.thai@siamcitycement.com,vn
khu máy nghiền xi măng,PRODUCTION,Tủ Socket,,socket,honc,vietnam,HONC-5P1-1N1-03,hung.thai@siamcitycement.com,vn
khu máy nghiền xi măng,PRODUCTION,Tủ Socket,,socket,honc,vietnam,HONC-5P1-1N1-04,hung.thai@siamcitycement.com,vn
khu máy nghiền xi măng,PRODUCTION,Tủ Socket,,socket,honc,vietnam,HONC-5P1-1N1-09,hung.thai@siamcitycement.com,vn
khu máy nghiền xi măng,PRODUCTION,Tủ Socket,,socket,honc,vietnam,HONC-5P1-1N1-10,hung.thai@siamcitycement.com,vn
khu máy nghiền xi măng,PRODUCTION,Tủ Socket,,socket,honc,vietnam,HONC-5P1-1N1-11,hung.thai@siamcitycement.com,vn
khu silo xi măng,PRODUCTION,Tủ Socket,,socket,honc,vietnam,HONC-5P1-1N1-13,hung.thai@siamcitycement.com,vn
khu kho thạch cao,PRODUCTION,Tủ Socket,,socket,honc,vietnam,HONC-5P1-1N1-16,hung.thai@siamcitycement.com,vn
khu nhà trung chuyển,PRODUCTION,Tủ Socket,,socket,honc,vietnam,HONC-5P1-1N1-19,hung.thai@siamcitycement.com,vn
Tòa nhà turbin,PRODUCTION,Tủ socket,,socket,honc,vietnam,HONC-WHR-06,hung.thai@siamcitycement.com,vn
Tòa nhà turbin,PRODUCTION,Tủ socket,,socket,honc,vietnam,HONC-WHR-07,hung.thai@siamcitycement.com,vn
Tòa nhà turbin,PRODUCTION,Tủ socket,,socket,honc,vietnam,HONC-WHR-08,hung.thai@siamcitycement.com,vn
Tòa nhà turbin,PRODUCTION,Tủ socket,,socket,honc,vietnam,HONC-WHR-15,hung.thai@siamcitycement.com,vn
Tòa nhà turbin,PRODUCTION,Tủ socket,,socket,honc,vietnam,HONC-WHR-16,hung.thai@siamcitycement.com,vn
khu vực SP boiler,PRODUCTION,Tủ socket,,socket,honc,vietnam,HONC-WHR-20,hung.thai@siamcitycement.com,vn
Main workshop,Electrical,Tủ socket,,socket,honc,vietnam,HONC-Main-workshop-02,hung.thai@siamcitycement.com,vn
Main workshop,Electrical,Tủ socket,,socket,honc,vietnam,HONC-Main-workshop-05,hung.thai@siamcitycement.com,vn
Khu vực SP boiler,Electrical,Tủ socket,,socket,honc,vietnam,HONC-SP-Boiler-01,hung.thai@siamcitycement.com,vn
khu máy nghiền than,Elctrical,Tủ socket,,socket,honc,vietnam,HONC-HONC-LP1-1N1-037,hung.thai@siamcitycement.com,vn
khu máy nghiền than,Elctrical,Tủ socket,,socket,honc,vietnam,HONC-HONC-LP1-1N1-041,hung.thai@siamcitycement.com,vn
Sockets Kế máy nghiền RM,Elctrical,Tủ socket,,socket,honc,vietnam,HONC-HONC-3P1-1N1-051,hung.thai@siamcitycement.com,vn
Sockets center in cyclon,Elctrical,Tủ socket,,socket,honc,vietnam,HONC-HONC-3P1-1N1-042-1,hung.thai@siamcitycement.com,vn
Sockets center in cyclon,Elctrical,Tủ socket,,socket,honc,vietnam,HONC-HONC-3P1-1N1-042-2,hung.thai@siamcitycement.com,vn
Socket 3P - Tầng 4 - Preheater,Elctrical,Tủ socket,,socket,honc,vietnam,HONC-HONC-4P1-1N1-048-7,hung.thai@siamcitycement.com,vn
Socket 1P bệ 2,Elctrical,Tủ socket,,socket,honc,vietnam,HONC-HONC-4P1-1N2-042-SO-W21,hung.thai@siamcitycement.com,vn
Socket 3P - Cooler hướng Ba Hòn,Elctrical,Tủ socket,,socket,honc,vietnam,HONC-HONC-4P1-1N2-049,hung.thai@siamcitycement.com,vn
Socket 1P máy phát điện lò,Elctrical,Tủ socket,,socket,honc,vietnam,HONC-HONC-4P1-1N2-SO-013-W21,hung.thai@siamcitycement.com,vn
Socket 3P - Sàn Cooler,Elctrical,Tủ socket,,socket,honc,vietnam,HONC-HONC-4P1-1N2-083,hung.thai@siamcitycement.com,vn
Socket 3P - Sàn Cooler,Elctrical,Tủ socket,,socket,honc,vietnam,HONC-HONC-4P1-1N2-086-1,hung.thai@siamcitycement.com,vn
Socket 1P - Gần búa Cooler,Elctrical,Tủ socket,,socket,honc,vietnam,HONC-HONC-4P1-1N2-084-5,hung.thai@siamcitycement.com,vn
Socket 1P - Phòng máy nén khí Cooler,Elctrical,Tủ socket,,socket,honc,vietnam,HONC-HONC-4P1-1N2-046,hung.thai@siamcitycement.com,vn
Socket 3P - Đỉnh Unburn bin,Elctrical,Tủ socket,,socket,honc,vietnam,HONC-HONC-4P1-1N2-049-1,hung.thai@siamcitycement.com,vn
Socket 3P - Gần động cơ phụ Lò,Elctrical,Tủ socket,,socket,honc,vietnam,HONC-HONC-4P1-1N2-048,hung.thai@siamcitycement.com,vn
Socket 1P - Bánh răng lò hướng Ba Hòn,Elctrical,Tủ socket,,socket,honc,vietnam,HONC-HONC-4P1-1N2-048-1,hung.thai@siamcitycement.com,vn
Tầng 2 PGNA,Elctrical,Tủ socket,,socket,honc,vietnam,HONC-HONC-PGNA-2,hung.thai@siamcitycement.com,vn
Trên cẩu ATS,Elctrical,Tủ socket,,socket,honc,vietnam,HONC-HONC-ATS-CRANE,hung.thai@siamcitycement.com,vn
Palletizer 1,Elctrical,Tủ socket,,socket,honc,vietnam,HONC-HONC-PALLETIZE1-1,hung.thai@siamcitycement.com,vn
Palletizer 1 (Buộc Sling),Elctrical,Tủ socket,,socket,honc,vietnam,HONC-HONC-PALLETIZE1-4,hung.thai@siamcitycement.com,vn
Cẩu bờ,Elctrical,Tủ socket,,socket,honc,vietnam,HONC-HONC-SCN-TN,hung.thai@siamcitycement.com,vn
Sau container J52,Elctrical,Tủ socket,,socket,honc,vietnam,HONC-HONC-SCN-J52-2,hung.thai@siamcitycement.com,vn
Trên Silo 3,Elctrical,Tủ socket,,socket,honc,vietnam,HONC-HONC-SILO-3,hung.thai@siamcitycement.com,vn
Kiln Shutdown,PRDUCTION,Tủ nguồn 3 pha (380V),,socket,honc,vietnam,HONC-PRD-TN3P-01,hung.thai@siamcitycement.com,vn
khu máy nghiền xi măng,PRODUCTION,Tủ Socket,,socket,honc,vietnam,HONC-5P1-1N1-05,hung.thai@siamcitycement.com,vn
khu máy nghiền xi măng,PRODUCTION,Tủ Socket,,socket,honc,vietnam,HONC-5P1-1N1-06,hung.thai@siamcitycement.com,vn
khu máy nghiền xi măng,PRODUCTION,Tủ Socket,,socket,honc,vietnam,HONC-5P1-1N1-08,hung.thai@siamcitycement.com,vn
khu silo xi măng,PRODUCTION,Tủ Socket,,socket,honc,vietnam,HONC-5P1-1N1-14,hung.thai@siamcitycement.com,vn
Cooling tower,PRODUCTION,Tủ socket,,socket,honc,vietnam,HONC-WHR-03,hung.thai@siamcitycement.com,vn
Cooling tower,PRODUCTION,Tủ socket,,socket,honc,vietnam,HONC-WHR-04,hung.thai@siamcitycement.com,vn
Tòa nhà turbin,PRODUCTION,Tủ socket,,socket,honc,vietnam,HONC-WHR-13,hung.thai@siamcitycement.com,vn
trạm điện 110kv,Electrical,Tủ socket,,socket,honc,vietnam,HONC-110kv-01,hung.thai@siamcitycement.com,vn
Main workshop,Electrical,Tủ socket,,socket,honc,vietnam,HONC-Main-workshop-01,hung.thai@siamcitycement.com,vn
Main workshop,Electrical,Tủ socket,,socket,honc,vietnam,HONC-Main-workshop-03,hung.thai@siamcitycement.com,vn
Main workshop,Electrical,Tủ socket,,socket,honc,vietnam,HONC-Main-workshop-04,hung.thai@siamcitycement.com,vn
Khu tháp tiên nung tầng 1,Elctrical,Tủ socket,,socket,honc,vietnam,HONC-HONC-4P1-1N1-053,hung.thai@siamcitycement.com,vn
Sockets center in cyclon/hot air generator,Elctrical,Tủ socket,,socket,honc,vietnam,HONC-HONC-3P1-1N1-047-1,hung.thai@siamcitycement.com,vn
Sockets center in cyclon,Elctrical,Tủ socket,,socket,honc,vietnam,HONC-HONC-3P1-1N1-042-3,hung.thai@siamcitycement.com,vn
Sockets center in cyclon,Elctrical,Tủ socket,,socket,honc,vietnam,HONC-HONC-3P1-1N1-042-4,hung.thai@siamcitycement.com,vn
Socket 3P - Tầng 7 - Preheater,Elctrical,Tủ socket,,socket,honc,vietnam,HONC-HONC-4P1-1N1-057,hung.thai@siamcitycement.com,vn
Socket 3P - Tầng 5 - Preheater,Elctrical,Tủ socket,,socket,honc,vietnam,HONC-HONC-4P1-1N1-048-2,hung.thai@siamcitycement.com,vn
Socket 3P - Tầng 5 - Preheater,Elctrical,Tủ socket,,socket,honc,vietnam,HONC-HONC-4P1-1N1-048-3,hung.thai@siamcitycement.com,vn
Socket 3P - Tầng 4 - Preheater,Elctrical,Tủ socket,,socket,honc,vietnam,HONC-HONC-4P1-1N1-048-5,hung.thai@siamcitycement.com,vn
Socket 3P - Tầng 3 - Preheater,Elctrical,Tủ socket,,socket,honc,vietnam,HONC-HONC-4P1-1N1-048-8,hung.thai@siamcitycement.com,vn
Socket 3P - Cooler hướng Bình An,Elctrical,Tủ socket,,socket,honc,vietnam,HONC-HONC-4P1-1N2-049-1,hung.thai@siamcitycement.com,vn
Socket 1P máy phát điện lò,Elctrical,Tủ socket,,socket,honc,vietnam,HONC-HONC-4P1-1N2-043-SO-W21,hung.thai@siamcitycement.com,vn
Socket 3P - Đỉnh 421-BF1,Elctrical,Tủ socket,,socket,honc,vietnam,HONC-HONC-4P1-1N1-059-2,hung.thai@siamcitycement.com,vn
Socket 3P - Sàn Cooler,Elctrical,Tủ socket,,socket,honc,vietnam,HONC-HONC-4P1-1N2-085,hung.thai@siamcitycement.com,vn
Socket 3P - Sàn Cooler,Elctrical,Tủ socket,,socket,honc,vietnam,HONC-HONC-4P1-1N2-049-2,hung.thai@siamcitycement.com,vn
Socket 3P - Gần búa Cooler,Elctrical,Tủ socket,,socket,honc,vietnam,HONC-HONC-4P1-1N2-084-3,hung.thai@siamcitycement.com,vn
Socket 1P - Bệ lò số 3,Elctrical,Tủ socket,,socket,honc,vietnam,HONC-HONC-4P1-1N2-048-6,hung.thai@siamcitycement.com,vn
Socket 1P - Bệ lò số 3,Elctrical,Tủ socket,,socket,honc,vietnam,HONC-HONC-4P1-1N2-048-7,hung.thai@siamcitycement.com,vn
Trên Reclaimer đá vôi,Elctrical,Tủ socket,,socket,honc,vietnam,HONC-HONC-PREBED-RECLAIMER,hung.thai@siamcitycement.com,vn
Palletizer 1 (Vách kho ),Elctrical,Tủ socket,,socket,honc,vietnam,HONC-HONC-PALLETIZE1-5,hung.thai@siamcitycement.com,vn
Palletizer 2 (Buộc Sling),Elctrical,Tủ socket,,socket,honc,vietnam,HONC-HONC-PALLETIZE2-2,hung.thai@siamcitycement.com,vn
Tầng 4 Packing plant,Elctrical,Tủ socket,,socket,honc,vietnam,HONC-HONC-PK-4F-1,hung.thai@siamcitycement.com,vn
Tầng 3 Packing plant,Elctrical,Tủ socket,,socket,honc,vietnam,HONC-HONC-PK-3F,hung.thai@siamcitycement.com,vn
Gần Packer 1,Elctrical,Tủ socket,,socket,honc,vietnam,HONC-HONC-PACKER-1-1,hung.thai@siamcitycement.com,vn
Kiln Shutdown,PRDUCTION,Tủ nguồn 3 pha (380V),,socket,honc,vietnam,HONC-PRD-TN3P-04,hung.thai@siamcitycement.com,vn
khu máy nghiền xi măng,PRODUCTION,Tủ Socket,,socket,honc,vietnam,HONC-5P1-1N1-02,hung.thai@siamcitycement.com,vn
khu máy nghiền xi măng,PRODUCTION,Tủ Socket,,socket,honc,vietnam,HONC-5P1-1N1-07,hung.thai@siamcitycement.com,vn
khu silo xi măng,PRODUCTION,Tủ Socket,,socket,honc,vietnam,HONC-5P1-1N1-15,hung.thai@siamcitycement.com,vn
khu phểu thạch cao,PRODUCTION,Tủ Socket,,socket,honc,vietnam,HONC-5P1-1N1-17,hung.thai@siamcitycement.com,vn
khu nhà trung chuyển,PRODUCTION,Tủ Socket,,socket,honc,vietnam,HONC-5P1-1N1-18,hung.thai@siamcitycement.com,vn
Cooling tower,PRODUCTION,Tủ socket,,socket,honc,vietnam,HONC-WHR-01,hung.thai@siamcitycement.com,vn
Tòa nhà turbin,PRODUCTION,Tủ socket,,socket,honc,vietnam,HONC-WHR-09,hung.thai@siamcitycement.com,vn
khu vực AQC,PRODUCTION,Tủ socket,,socket,honc,vietnam,HONC-WHR-18,hung.thai@siamcitycement.com,vn
khu vực SP boiler,PRODUCTION,Tủ socket,,socket,honc,vietnam,HONC-WHR-19,hung.thai@siamcitycement.com,vn
khu máy nghiền than,Elctrical,Tủ socket,,socket,honc,vietnam,HONC-HONC-LP1-1N1-037-1,hung.thai@siamcitycement.com,vn
Sockets center in cyclon/hot air generator,Elctrical,Tủ socket,,socket,honc,vietnam,HONC-HONC-3P1-1N1-047,hung.thai@siamcitycement.com,vn
Sockets center in Mill feed building and RM,Elctrical,Tủ socket,,socket,honc,vietnam,HONC-HONC-3P1-1N1-046,hung.thai@siamcitycement.com,vn
khu nhà trung chuyển,Elctrical,Tủ socket,,socket,honc,vietnam,HONC-HONC-5P1-1N1-18,hung.thai@siamcitycement.com,vn
khu nhà trung chuyển,Elctrical,Tủ socket,,socket,honc,vietnam,HONC-HONC-5P1-1N1-19,hung.thai@siamcitycement.com,vn
Socket 3P - Tầng 8 - Preheater,Elctrical,Tủ socket,,socket,honc,vietnam,HONC-HONC-4P1-1N1-058,hung.thai@siamcitycement.com,vn
Socket 3P - Tầng 6 - Preheater,Elctrical,Tủ socket,,socket,honc,vietnam,HONC-HONC-4P1-1N1-055-1,hung.thai@siamcitycement.com,vn
Socket 3P - Tầng 5 - Preheater,Elctrical,Tủ socket,,socket,honc,vietnam,HONC-HONC-4P1-1N1-048-4,hung.thai@siamcitycement.com,vn
Socket 3P - Tầng 3 - Preheater,Elctrical,Tủ socket,,socket,honc,vietnam,HONC-HONC-4P1-1N1-052,hung.thai@siamcitycement.com,vn
Socket 3P - Tầng 2 - Preheater,Elctrical,Tủ socket,,socket,honc,vietnam,HONC-HONC-4P1-1N1-049,hung.thai@siamcitycement.com,vn
Socket 3P - Tầng 2 - Preheater,Elctrical,Tủ socket,,socket,honc,vietnam,HONC-HONC-4P1-1N1-052,hung.thai@siamcitycement.com,vn
Socket 3P - Đáy silo bột sống,Elctrical,Tủ socket,,socket,honc,vietnam,HONC-HONC-4P1-1N1-049,hung.thai@siamcitycement.com,vn
Socket 1P bệ 1,Elctrical,Tủ socket,,socket,honc,vietnam,HONC-HONC-4P1-1N2-012-LI-W21,hung.thai@siamcitycement.com,vn
Socket 3P - Chân quạt 441-FN1,Elctrical,Tủ socket,,socket,honc,vietnam,HONC-HONC-4P1-1N1-059-1,hung.thai@siamcitycement.com,vn
Socket 3P - Gần béc đốt chính,Elctrical,Tủ socket,,socket,honc,vietnam,HONC-HONC-4P-1N2-050,hung.thai@siamcitycement.com,vn
Socket 3P - Sàn Cooler,Elctrical,Tủ socket,,socket,honc,vietnam,HONC-HONC-4P1-1N2-082,hung.thai@siamcitycement.com,vn
Socket 3P - Sàn Cooler,Elctrical,Tủ socket,,socket,honc,vietnam,HONC-HONC-4P1-1N2-086,hung.thai@siamcitycement.com,vn
Socket 3P - Gần 481-BF1,Elctrical,Tủ socket,,socket,honc,vietnam,HONC-HONC-4P1-1N2-049-3,hung.thai@siamcitycement.com,vn
Socket 1P - Bánh răng lò hướng Bình An,Elctrical,Tủ socket,,socket,honc,vietnam,HONC-HONC-4P1-1N2-049-7,hung.thai@siamcitycement.com,vn
Socket 1P - Bệ lò số 3,Elctrical,Tủ socket,,socket,honc,vietnam,HONC-HONC-4P1-1N2-048-3,hung.thai@siamcitycement.com,vn
Tầng 1 PGNA,Elctrical,Tủ socket,,socket,honc,vietnam,HONC-HONC-PGNA-1,hung.thai@siamcitycement.com,vn
Palletizer 1,Elctrical,Tủ socket,,socket,honc,vietnam,HONC-HONC-PALLETIZE1-2,hung.thai@siamcitycement.com,vn
Palletizer 1,Elctrical,Tủ socket,,socket,honc,vietnam,HONC-HONC-PALLETIZE1-3,hung.thai@siamcitycement.com,vn
Dưới hopper J52,Elctrical,Tủ socket,,socket,honc,vietnam,HONC-HONC-SCN-J52-1,hung.thai@siamcitycement.com,vn
Gần Packer 3,Elctrical,Tủ socket,,socket,honc,vietnam,HONC-HONC-PACKER-3,hung.thai@siamcitycement.com,vn
Trệt Packing plant,Elctrical,Tủ socket,,socket,honc,vietnam,HONC-HONC-PK-GROUND-1,hung.thai@siamcitycement.com,vn
Trệt Packing plant,Elctrical,Tủ socket,,socket,honc,vietnam,HONC-HONC-PK-GROUND-2,hung.thai@siamcitycement.com,vn
Cầu thang trên Packer 1,Elctrical,Tủ socket,,socket,honc,vietnam,HONC-HONC-PACKER-1-3,hung.thai@siamcitycement.com,vn
Kiln Shutdown,PRDUCTION,Tủ nguồn 3 pha (380V),,socket,honc,vietnam,HONC-PRD-TN3P-02,hung.thai@siamcitycement.com,vn
Đáy silo clinker,PRODUCTION,Tủ Socket,,socket,honc,vietnam,HONC-5P1-1N1-12,hung.thai@siamcitycement.com,vn
Cooling tower,PRODUCTION,Tủ socket,,socket,honc,vietnam,HONC-WHR-02,hung.thai@siamcitycement.com,vn
Cooling tower,PRODUCTION,Tủ socket,,socket,honc,vietnam,HONC-WHR-05,hung.thai@siamcitycement.com,vn
Tòa nhà turbin,PRODUCTION,Tủ socket,,socket,honc,vietnam,HONC-WHR-10,hung.thai@siamcitycement.com,vn
Tòa nhà turbin,PRODUCTION,Tủ socket,,socket,honc,vietnam,HONC-WHR-11,hung.thai@siamcitycement.com,vn
Tòa nhà turbin,PRODUCTION,Tủ socket,,socket,honc,vietnam,HONC-WHR-12,hung.thai@siamcitycement.com,vn
Tòa nhà turbin,PRODUCTION,Tủ socket,,socket,honc,vietnam,HONC-WHR-14,hung.thai@siamcitycement.com,vn
Tòa nhà turbin,PRODUCTION,Tủ socket,,socket,honc,vietnam,HONC-WHR-17,hung.thai@siamcitycement.com,vn
khu vực SP boiler,PRODUCTION,Tủ socket,,socket,honc,vietnam,HONC-WHR-21,hung.thai@siamcitycement.com,vn
khu vực SP boiler,PRODUCTION,Tủ socket,,socket,honc,vietnam,HONC-WHR-22,hung.thai@siamcitycement.com,vn
khu máy nghiền than ( gần 481-WF1),Elctrical,Tủ socket,,socket,honc,vietnam,HONC-HONC-LP1-1N1-038,hung.thai@siamcitycement.com,vn
Sockets center in Mill feed building and RM,Elctrical,Tủ socket,,socket,honc,vietnam,HONC-HONC-3P1-1N1-046,hung.thai@siamcitycement.com,vn
Power sockets in SS 3.1,Elctrical,Tủ socket,,socket,honc,vietnam,HONC-HONC-3P1-1N1-013,hung.thai@siamcitycement.com,vn
Power sockets đỉnh building RM,Elctrical,Tủ socket,,socket,honc,vietnam,HONC-HONC-3P1-1N2-019,hung.thai@siamcitycement.com,vn
Socket 3P - Tầng 6 - Preheater,Elctrical,Tủ socket,,socket,honc,vietnam,HONC-HONC-4P1-1N1-055,hung.thai@siamcitycement.com,vn
Socket 3P - Tầng 3 - Preheater,Elctrical,Tủ socket,,socket,honc,vietnam,HONC-HONC-4P1-1N1-054,hung.thai@siamcitycement.com,vn
Socket 1P phòng máy nén khí Preheater,Elctrical,Tủ socket,,socket,honc,vietnam,HONC-HONC-4P1-1N1-042-SO-W21,hung.thai@siamcitycement.com,vn
Socket 3P - Chân quạt 421-FN1,Elctrical,Tủ socket,,socket,honc,vietnam,HONC-HONC-421-1N1-059,hung.thai@siamcitycement.com,vn
Socket 3P - Sàn Cooler,Elctrical,Tủ socket,,socket,honc,vietnam,HONC-HONC-4P1-1N2-085-1,hung.thai@siamcitycement.com,vn
Socket 1P - Sàn Cooler,Elctrical,Tủ socket,,socket,honc,vietnam,HONC-HONC-4P1-1N2-085-2,hung.thai@siamcitycement.com,vn
Socket 1P - Gần búa Cooler,Elctrical,Tủ socket,,socket,honc,vietnam,HONC-HONC-4P1-1N2-084-4,hung.thai@siamcitycement.com,vn
Socket 3P - Chân quạt 471-FN1,Elctrical,Tủ socket,,socket,honc,vietnam,HONC-HONC-4P1-1N2-047,hung.thai@siamcitycement.com,vn
Socket 3P - Nóc 471-EP1,Elctrical,Tủ socket,,socket,honc,vietnam,HONC-HONC-4P1-1N2-049-4,hung.thai@siamcitycement.com,vn
Socket 3P - Gần đỉnh Silo clinker,Elctrical,Tủ socket,,socket,honc,vietnam,HONC-HONC-4P1-1N2-049-5,hung.thai@siamcitycement.com,vn
Socket 1P - Gần 461-LQ1,Elctrical,Tủ socket,,socket,honc,vietnam,HONC-HONC-4P1-1N2-049-6,hung.thai@siamcitycement.com,vn
Socket 1P - Bệ lò số 3,Elctrical,Tủ socket,,socket,honc,vietnam,HONC-HONC-4P1-1N2-048-2,hung.thai@siamcitycement.com,vn
Socket 1P - Bệ lò số 3,Elctrical,Tủ socket,,socket,honc,vietnam,HONC-HONC-4P1-1N2-048-4,hung.thai@siamcitycement.com,vn
Socket 1P - Bệ lò số 3,Elctrical,Tủ socket,,socket,honc,vietnam,HONC-HONC-4P1-1N2-048-5,hung.thai@siamcitycement.com,vn
Trong cối,Elctrical,Tủ socket,,socket,honc,vietnam,HONC-HONC-CRUSHER,hung.thai@siamcitycement.com,vn
Giữa kho đá vôi phía Stacker,Elctrical,Tủ socket,,socket,honc,vietnam,HONC-HONC-PREBED-STACKER,hung.thai@siamcitycement.com,vn
Dưới Apron ATS,Elctrical,Tủ socket,,socket,honc,vietnam,HONC-HONC-ATS-APRON,hung.thai@siamcitycement.com,vn
Palletizer 2,Elctrical,Tủ socket,,socket,honc,vietnam,HONC-HONC-PALLETIZE2-1,hung.thai@siamcitycement.com,vn
Trên Silo 4,Elctrical,Tủ socket,,socket,honc,vietnam,HONC-HONC-SILO-4,hung.thai@siamcitycement.com,vn
Tầng 5 Packing plant,Elctrical,Tủ socket,,socket,honc,vietnam,HONC-HONC-PK-5F,hung.thai@siamcitycement.com,vn
Tầng 4 Packing plant,Elctrical,Tủ socket,,socket,honc,vietnam,HONC-HONC-PK-4F-2,hung.thai@siamcitycement.com,vn
Gần Packer 1,Elctrical,Tủ socket,,socket,honc,vietnam,HONC-HONC-PACKER-1-2,hung.thai@siamcitycement.com,vn
Kiln Shutdown,PRDUCTION,Tủ nguồn 3 pha (380V),,socket,honc,vietnam,HONC-PRD-TN3P-03,hung.thai@siamcitycement.com,vn
Main workshop,Electrical,Tủ socket,,socket,honc,vietnam,HONC-HONC-Main-workshop-06,hung.thai@siamcitycement.com,vn
Socket 3p Coal storage,Elctrical,Tủ socket,,socket,honc,vietnam,HONC-HONC-3P2-1N2-020,hung.thai@siamcitycement.com,vn
,,,,electrical,catl,vietname,CATL-AD_20,,vn
,,,,electrical,catl,vietname,CATL-AD_21,,vn
,,,,electrical,catl,vietname,CATL-AD_22,,vn
,,,,electrical,catl,vietname,CATL-AD_23,,vn
,,,,electrical,catl,vietname,CATL-AD_24,,vn
,,,,electrical,catl,vietname,CATL-AD_25,,vn
,,,,electrical,catl,vietname,CATL-AD_26,,vn
,,,,electrical,catl,vietname,CATL-AD_27,,vn
,,,,electrical,catl,vietname,CATL-AD_28,,vn
,,,,electrical,catl,vietname,CATL-AD_29,,vn
,,,,electrical,catl,vietname,CATL-AD_30,,vn
Phòng khách hàng kho Sling,SCN,Quạt điện cố định,Quạt điện,electrical,catl,vietname,CATL-SCN_01,tri.le@siamcitycement.com,vn
,,,,electrical,catl,vietname,CATL-SCN_02,,vn
,,,,electrical,catl,vietname,CATL-SCN_03,,vn
Admin office,,Socket & Plug,,socket,catl,vietname,CATL-AD-01,quyen.van@siamcitycement.com,vn
Admin office,,Socket & Plug,,socket,catl,vietname,CATL-AD-02,quyen.van@siamcitycement.com,vn
Admin office,,Socket & Plug,,socket,catl,vietname,CATL-AD-03,quyen.van@siamcitycement.com,vn
Admin office,,Socket & Plug,,socket,catl,vietname,CATL-AD-04,quyen.van@siamcitycement.com,vn
Admin office,,Socket & Plug,,socket,catl,vietname,CATL-AD-05,quyen.van@siamcitycement.com,vn
Admin office,,Socket & Plug,,socket,catl,vietname,CATL-AD-06,quyen.van@siamcitycement.com,vn
Admin office,,Socket & Plug,,socket,catl,vietname,CATL-AD-07,quyen.van@siamcitycement.com,vn
Admin office,,Socket & Plug,,socket,catl,vietname,CATL-AD-08,quyen.van@siamcitycement.com,vn
Admin office,,Socket & Plug,,socket,catl,vietname,CATL-AD-09,quyen.van@siamcitycement.com,vn
Admin office,,Socket & Plug,,socket,catl,vietname,CATL-AD-10,quyen.van@siamcitycement.com,vn
Admin office,,Socket & Plug,,socket,catl,vietname,CATL-AD-11,quyen.van@siamcitycement.com,vn
Admin office,,Socket & Plug,,socket,catl,vietname,CATL-AD-12,quyen.van@siamcitycement.com,vn
Admin office,,Socket & Plug,,socket,catl,vietname,CATL-AD-13,quyen.van@siamcitycement.com,vn
Admin office,,Socket & Plug,,socket,catl,vietname,CATL-AD-14,quyen.van@siamcitycement.com,vn
Admin office,,Socket & Plug,,socket,catl,vietname,CATL-AD-15,quyen.van@siamcitycement.com,vn
Admin office,,Socket & Plug,,socket,catl,vietname,CATL-AD-16,quyen.van@siamcitycement.com,vn
Admin office,,Socket & Plug,,socket,catl,vietname,CATL-AD-17,quyen.van@siamcitycement.com,vn
Admin office,,Socket & Plug,,socket,catl,vietname,CATL-AD-18,quyen.van@siamcitycement.com,vn
Admin office,,Socket & Plug,,socket,catl,vietname,CATL-AD-19,quyen.van@siamcitycement.com,vn
Admin office,,Socket & Plug,,socket,catl,vietname,CATL-AD-20,quyen.van@siamcitycement.com,vn
Admin office,,Socket & Plug,,socket,catl,vietname,CATL-AD-21,quyen.van@siamcitycement.com,vn
Admin office,,Socket & Plug,,socket,catl,vietname,CATL-AD-22,quyen.van@siamcitycement.com,vn
Admin office,,Socket & Plug,,socket,catl,vietname,CATL-AD-23,quyen.van@siamcitycement.com,vn
Admin office,,Socket & Plug,,socket,catl,vietname,CATL-AD-24,quyen.van@siamcitycement.com,vn
Admin office,,Socket & Plug,,socket,catl,vietname,CATL-AD-25,quyen.van@siamcitycement.com,vn
Admin office,,Socket & Plug,,socket,catl,vietname,CATL-AD-26,quyen.van@siamcitycement.com,vn
Admin office,,Socket & Plug,,socket,catl,vietname,CATL-AD-27,quyen.van@siamcitycement.com,vn
Admin office,,Socket & Plug,,socket,catl,vietname,CATL-AD-28,quyen.van@siamcitycement.com,vn
Admin office,,Socket & Plug,,socket,catl,vietname,CATL-AD-29,quyen.van@siamcitycement.com,vn
Admin office,,Socket & Plug,,socket,catl,vietname,CATL-AD-30,quyen.van@siamcitycement.com,vn
Admin office,,Socket & Plug,,socket,catl,vietname,CATL-AD-31,quyen.van@siamcitycement.com,vn
Admin office,,Socket & Plug,,socket,catl,vietname,CATL-AD-32,quyen.van@siamcitycement.com,vn
Admin office,,Socket & Plug,,socket,catl,vietname,CATL-AD-33,quyen.van@siamcitycement.com,vn
Admin office,,Socket & Plug,,socket,catl,vietname,CATL-AD-34,quyen.van@siamcitycement.com,vn
Admin office,,Socket & Plug,,socket,catl,vietname,CATL-AD-35,quyen.van@siamcitycement.com,vn
Admin office,,Socket & Plug,,socket,catl,vietname,CATL-AD-36,quyen.van@siamcitycement.com,vn
Admin office,,Socket & Plug,,socket,catl,vietname,CATL-AD-37,quyen.van@siamcitycement.com,vn
Admin office,,Socket & Plug,,socket,catl,vietname,CATL-AD-38,quyen.van@siamcitycement.com,vn
Admin office,,Socket & Plug,,socket,catl,vietname,CATL-AD-39,quyen.van@siamcitycement.com,vn
Admin office,,Socket & Plug,,socket,catl,vietname,CATL-AD-40,quyen.van@siamcitycement.com,vn
Admin office,,Socket & Plug,,socket,catl,vietname,CATL-AD-41,quyen.van@siamcitycement.com,vn
Admin office,,Socket & Plug,,socket,catl,vietname,CATL-AD-42,quyen.van@siamcitycement.com,vn
Admin office,,Socket & Plug,,socket,catl,vietname,CATL-AD-43,quyen.van@siamcitycement.com,vn
Admin office,,Socket & Plug,,socket,catl,vietname,CATL-AD-44,quyen.van@siamcitycement.com,vn
Admin office,,Socket & Plug,,socket,catl,vietname,CATL-AD-45,quyen.van@siamcitycement.com,vn
Admin office,,Socket & Plug,,socket,catl,vietname,CATL-AD-46,quyen.van@siamcitycement.com,vn
Admin office,,Socket & Plug,,socket,catl,vietname,CATL-AD-47,quyen.van@siamcitycement.com,vn
Admin office,,Socket & Plug,,socket,catl,vietname,CATL-AD-48,quyen.van@siamcitycement.com,vn
Admin office,,Socket & Plug,,socket,catl,vietname,CATL-AD-49,quyen.van@siamcitycement.com,vn
Admin office,,Socket & Plug,,socket,catl,vietname,CATL-AD-50,quyen.van@siamcitycement.com,vn
Admin office,,Socket & Plug,,socket,catl,vietname,CATL-AD-51,,vn
Admin office,,Socket & Plug,,socket,catl,vietname,CATL-AD-52,,vn
Admin office,,Socket & Plug,,socket,catl,vietname,CATL-AD-53,,vn
Admin office,,Socket & Plug,,socket,catl,vietname,CATL-AD-54,,vn
Admin office,,Socket & Plug,,socket,catl,vietname,CATL-AD-55,,vn
Admin office,,Socket & Plug,,socket,catl,vietname,CATL-AD-56,,vn
Admin office,,Socket & Plug,,socket,catl,vietname,CATL-AD-57,,vn
Admin office,,Socket & Plug,,socket,catl,vietname,CATL-AD-58,,vn
Admin office,,Socket & Plug,,socket,catl,vietname,CATL-AD-59,,vn
Admin office,,Socket & Plug,,socket,catl,vietname,CATL-AD-60,,vn
Admin office,,Socket & Plug,,socket,catl,vietname,CATL-AD-61,,vn
Admin office,,Socket & Plug,,socket,catl,vietname,CATL-AD-62,,vn
Admin office,,Socket & Plug,,socket,catl,vietname,CATL-AD-63,,vn
Admin office,,Socket & Plug,,socket,catl,vietname,CATL-AD-64,,vn
Admin office,,Socket & Plug,,socket,catl,vietname,CATL-AD-65,,vn
Admin office,,Socket & Plug,,socket,catl,vietname,CATL-AD-66,,vn
Admin office,,Socket & Plug,,socket,catl,vietname,CATL-AD-67,,vn
Admin office,,Socket & Plug,,socket,catl,vietname,CATL-AD-68,,vn
Admin office,,Socket & Plug,,socket,catl,vietname,CATL-AD-69,,vn
Admin office,,Socket & Plug,,socket,catl,vietname,CATL-AD-70,,vn
Admin office,,Socket & Plug,,socket,catl,vietname,CATL-AD-71,,vn
Admin office,,Socket & Plug,,socket,catl,vietname,CATL-AD-72,,vn
Admin office,,Socket & Plug,,socket,catl,vietname,CATL-AD-73,,vn
Admin office,,Socket & Plug,,socket,catl,vietname,CATL-AD-74,,vn
Admin office,,Socket & Plug,,socket,catl,vietname,CATL-AD-75,,vn
Admin office,,Socket & Plug,,socket,catl,vietname,CATL-AD-76,,vn
Admin office,,Socket & Plug,,socket,catl,vietname,CATL-AD-77,,vn
Admin office,,Socket & Plug,,socket,catl,vietname,CATL-AD-78,,vn
Admin office,,Socket & Plug,,socket,catl,vietname,CATL-AD-79,,vn
Admin office,,Socket & Plug,,socket,catl,vietname,CATL-AD-80,,vn
Admin office,,Socket & Plug,,socket,catl,vietname,CATL-AD-81,,vn
Admin office,,Socket & Plug,,socket,catl,vietname,CATL-AD-82,,vn
Admin office,,Socket & Plug,,socket,catl,vietname,CATL-AD-83,,vn
Admin office,,Socket & Plug,,socket,catl,vietname,CATL-AD-84,,vn
Admin office,,Socket & Plug,,socket,catl,vietname,CATL-AD-85,,vn
Admin office,,Socket & Plug,,socket,catl,vietname,CATL-AD-86,,vn
Admin office,,Socket & Plug,,socket,catl,vietname,CATL-AD-87,,vn
Admin office,,Socket & Plug,,socket,catl,vietname,CATL-AD-88,,vn
Admin office,,Socket & Plug,,socket,catl,vietname,CATL-AD-89,,vn
Admin office,,Socket & Plug,,socket,catl,vietname,CATL-AD-90,,vn
Admin office,,Socket & Plug,,socket,catl,vietname,CATL-AD-91,,vn
Admin office,,Socket & Plug,,socket,catl,vietname,CATL-AD-92,,vn
Admin office,,Socket & Plug,,socket,catl,vietname,CATL-AD-93,,vn
Admin office,,Socket & Plug,,socket,catl,vietname,CATL-AD-94,,vn
Admin office,,Socket & Plug,,socket,catl,vietname,CATL-AD-95,,vn
Admin office,,Socket & Plug,,socket,catl,vietname,CATL-AD-96,,vn
Admin office,,Socket & Plug,,socket,catl,vietname,CATL-AD-97,,vn
Admin office,,Socket & Plug,,socket,catl,vietname,CATL-AD-98,,vn
Admin office,,Socket & Plug,,socket,catl,vietname,CATL-AD-99,,vn
Admin office,,Socket & Plug,,socket,catl,vietname,CATL-AD-100,,vn
