place,esite,etype,area,location,id,email,site,bu,type
Manual foam for Hydrant,CAT LAI,Foam tank,ECOCYCLE,WH_01,CATL-CL_Foam_01,nghiem.vu@siamcitycement.com,catl,vn,foam
ECO WH 1+2,CAT LAI,Foam tank,ECOCYCLE,WH_01,CATL-CL_Foam_02,nghiem.vu@siamcitycement.com,catl,vn,foam
ECO WH 1_Canopy,CAT LAI,Foam tank,ECOCYCLE,WH_01,CATL-CL_Foam_03,nghiem.vu@siamcitycement.com,catl,vn,foam
"Trạm PCCC
Fire fighting station",CATL,Water Pump,HS,,CATL-FFP-01,thinh.tran@siamcitycement.com,catl,vn,pump
"Trạm PCCC
Fire fighting station",CATL,Water Pump,HS,,CATL-FFP-02,thinh.tran@siamcitycement.com,catl,vn,pump
Cổng bảo vệ (Main gate),Cat Lai,Fire Hydrant,H&S,Cổng bảo vệ (Main gate),CATL-FHC001,thuan.luu@siamcitycement.com,catl,vn,hydrant
Trạm bơm (Barrier _ near Sling WH),Cat Lai,Fire Hydrant,H&S,Trạm bơm (Barrier _ near Sling WH),CATL-FHC002,thuan.luu@siamcitycement.com,catl,vn,hydrant
"Locker, y tế (canteen)",Cat Lai,Fire Hydrant,H&S,"Locker, y tế (canteen)",CATL-FHC003,thuan.luu@siamcitycement.com,catl,vn,hydrant
Admin,Cat Lai,Fire Hydrant,H&S,Admin,CATL-FHC004,thuan.luu@siamcitycement.com,catl,vn,hydrant
Lab & QA,Cat Lai,Fire Hydrant,H&S,Lab & QA,CATL-FHC005,thuan.luu@siamcitycement.com,catl,vn,hydrant
Line 6,Cat Lai,Fire Hydrant,SCN,Line 6,CATL-FHC006,tri.le@siamcitycement.com,catl,vn,hydrant
Giao xá (Bulk line _ Silo),Cat Lai,Fire Hydrant,H&S,Giao xá (Bulk line _ Silo),CATL-FHC007,thuan.luu@siamcitycement.com,catl,vn,hydrant
Kho dầu HFO,Cat Lai,Fire Hydrant,H&S,Kho dầu HFO,CATL-FHC008,thuan.luu@siamcitycement.com,catl,vn,hydrant
Kho ECO 1 (Eco WH 01) _ 01,Cat Lai,Fire Hydrant,ECO,Kho ECO 1 (Eco WH 01) _ 01,CATL-FHC009,nghiem.vu@siamcitycement.com,catl,vn,hydrant
Kho ECO 1 (Eco WH 01) _ 02 (near fence),Cat Lai,Fire Hydrant,H&S,Kho ECO 1 (Eco WH 01) _ 02 (near fence),CATL-FHC010,thuan.luu@siamcitycement.com,catl,vn,hydrant
Kho ECO 2_01 (ECO WH 02_01),Cat Lai,Fire Hydrant,ECO,Kho ECO 2_01 (ECO WH 02_01),CATL-FHC011,nghiem.vu@siamcitycement.com,catl,vn,hydrant
Kho ECO 2_02 (ECO WH 02_02),Cat Lai,Fire Hydrant,ECO,Kho ECO 2_02 (ECO WH 02_02),CATL-FHC012,nghiem.vu@siamcitycement.com,catl,vn,hydrant
Cảng trấu,Cat Lai,Fire Hydrant,H&S,Cảng trấu,CATL-FHC013,thuan.luu@siamcitycement.com,catl,vn,hydrant
K41-BC3,Cat Lai,Fire Hydrant,H&S,K41-BC3,CATL-FHC014,thuan.luu@siamcitycement.com,catl,vn,hydrant
K41-BC1,Cat Lai,Fire Hydrant,H&S,K41-BC1,CATL-FHC015,thuan.luu@siamcitycement.com,catl,vn,hydrant
Đầu kho đá,Cat Lai,Fire Hydrant,ECO,Đầu kho đá,CATL-FHC016,nghiem.vu@siamcitycement.com,catl,vn,hydrant
Giữa kho đá,Cat Lai,Fire Hydrant,ECO,Giữa kho đá,CATL-FHC017,nghiem.vu@siamcitycement.com,catl,vn,hydrant
Crusher,Cat Lai,Fire Hydrant,ECO,Crusher,CATL-FHC018,nghiem.vu@siamcitycement.com,catl,vn,hydrant
Lên phễu đá vôi,Cat Lai,Fire Hydrant,H&S,Lên phễu đá vôi,CATL-FHC019,thuan.luu@siamcitycement.com,catl,vn,hydrant
Cảng giao bao,Cat Lai,Fire Hydrant,H&S,Cảng giao bao,CATL-FHC020,thuan.luu@siamcitycement.com,catl,vn,hydrant
Cầu tàu,Cat Lai,Fire Hydrant,H&S,Cầu tàu,CATL-FHC021,thuan.luu@siamcitycement.com,catl,vn,hydrant
Kho dầu HFO2 + Foam,Cat Lai,Fire Hydrant,ECO,Kho dầu HFO2,CATL-FHC022,nghiem.vu@siamcitycement.com,catl,vn,hydrant
Rừng cây,Cat Lai,Fire Hydrant,SCN,Rừng cây,CATL-FHC024,thuan.luu@siamcitycement.com,catl,vn,hydrant
Kho ECO 03 (ECO WH 03_01),Cat Lai,Fire Hydrant,ECO,Kho ECO 03 (ECO WH 03_01),CATL-FHC025,nghiem.vu@siamcitycement.com,catl,vn,hydrant
Kho ECO 03 (ECO WH 03_02),Cat Lai,Fire Hydrant,ECO,Kho ECO 03 (ECO WH 03_02),CATL-FHC026,nghiem.vu@siamcitycement.com,catl,vn,hydrant
Kho sling,Cat Lai,Fire Hydrant,SCN,Kho sling,CATL-FHC027,thuan.luu@siamcitycement.com,catl,vn,hydrant
Kho sling,Cat Lai,Fire Hydrant,SCN,Kho sling,CATL-FHC028,thuan.luu@siamcitycement.com,catl,vn,hydrant
Kho sling,Cat Lai,Fire Hydrant,SCN,Kho sling,CATL-FHC029,thuan.luu@siamcitycement.com,catl,vn,hydrant
Kho sling,Cat Lai,Fire Hydrant,SCN,Kho sling,CATL-FHC030,thuan.luu@siamcitycement.com,catl,vn,hydrant
Kho sling,Cat Lai,Fire Hydrant,SCN,Kho sling,CATL-FHC031,thuan.luu@siamcitycement.com,catl,vn,hydrant
Kho sling,Cat Lai,Fire Hydrant,SCN,Kho sling,CATL-FHC032,thuan.luu@siamcitycement.com,catl,vn,hydrant
Kho sling,Cat Lai,Fire Hydrant,SCN,Kho sling,CATL-FHC033,thuan.luu@siamcitycement.com,catl,vn,hydrant
Kho sling,Cat Lai,Fire Hydrant,SCN,Kho sling,CATL-FHC034,thuan.luu@siamcitycement.com,catl,vn,hydrant
Silo,Cat Lai,Fire Hydrant,PRD,Kho bao 1,CATL-FHC035,nam.thanh.nguyen@siamcitycement.com,catl,vn,hydrant
Silo,Cat Lai,Fire Hydrant,PRD,Kho bao 2,CATL-FHC036,nam.thanh.nguyen@siamcitycement.com,catl,vn,hydrant
Inside,,,Trạm bơm,,THIV-ME-WP-01,son.pham@siamcitycement.com,thiv,vn,pump
Inside,,,Trạm bơm,,THIV-ME-WP-02,son.pham@siamcitycement.com,thiv,vn,pump
Inside,,,Trạm bơm,,THIV-ME-WP-03,son.pham@siamcitycement.com,thiv,vn,pump
Inside,,,Trạm bơm,,THIV-ME-WP-04,son.pham@siamcitycement.com,thiv,vn,pump
Inside,,,động cơ bơm bù áp pccc,,THIV-ME-WP-05,son.pham@siamcitycement.com,thiv,vn,pump
Inside,,,Xử lý nước thải,,THIV-ME-WP-06,son.pham@siamcitycement.com,thiv,vn,pump
Inside,,,Khu XLNT,,THIV-ME-WP-N11-TK1,son.pham@siamcitycement.com,thiv,vn,pump
Inside,,,Trạm bơm,,THIV-ME-M30-TP2,son.pham@siamcitycement.com,thiv,vn,pump
Inside,,,Trạm bơm,,THIV-ME-M30-TP1,son.pham@siamcitycement.com,thiv,vn,pump
Khu vực nhà tròn,,,OHS,In side,THIV-FH-06,vu.ho@siamcitycement.com,thiv,vn,hydrant
Khu vực cảng mới- giữa Cảng,,,OHS,In side,THIV-FH-10,vu.ho@siamcitycement.com,thiv,vn,hydrant
Băng tải 491- BC3 khu vực máy nghiền.,,,OHS,In side,THIV-FH-18,vu.ho@siamcitycement.com,thiv,vn,hydrant
Sàn thao tác đi ra silo thạch cao,,,OHS,In side,THIV-FH-22,vu.ho@siamcitycement.com,thiv,vn,hydrant
"Sàn thao tác băng tải 491- BC1  băng tải dưới  
cách khu vực đỉnh máy nghiền khoàng 15 mét",,,OHS,In side,THIV-FH-24,vu.ho@siamcitycement.com,thiv,vn,hydrant
Khu vực máy nghiền,,,OHS,In side,THIV-FH-28,vu.ho@siamcitycement.com,thiv,vn,hydrant
Work shop Cửa gần khu hàn cắt,,,OHS,In side,THIV-FH-29,vu.ho@siamcitycement.com,thiv,vn,hydrant
Khu vực chứa vỏ bao khu đóng bao,,,OHS,In side,THIV-FH-35,vu.ho@siamcitycement.com,thiv,vn,hydrant
khu vực tầng tầng 2 packer 3,,,OHS,In side,THIV-FH-38,vu.ho@siamcitycement.com,thiv,vn,hydrant
"Đường ra cảng Lớn, dưới chân trụ thang máy",,,OHS,In side,THIV-FH-13,vu.ho@siamcitycement.com,thiv,vn,hydrant
"Khu vực băng đầu băng tải 491- BC3 ( băng tải phía trên ) 
ở chân cầu sắt đi ra cảng",,,OHS,In side,THIV-FH-17,vu.ho@siamcitycement.com,thiv,vn,hydrant
Khu vực máy nghiền  gần bồn dầu HFO,,,OHS,In side,THIV-FH-27,vu.ho@siamcitycement.com,thiv,vn,hydrant
Workshop  lầu 1 hành lang đi qua CCR,,,OHS,In side,THIV-FH-32,vu.ho@siamcitycement.com,thiv,vn,hydrant
khu vực tầng tầng 3 packer 3,,,OHS,In side,THIV-FH-39,vu.ho@siamcitycement.com,thiv,vn,hydrant
Tại cầu cần ra  bên cạnh cầu cân ra,,,OHS,In side,THIV-FH-02,vu.ho@siamcitycement.com,thiv,vn,hydrant
Khu vực cảng mới- đầu Cảng,,,OHS,In side,THIV-FH-09,vu.ho@siamcitycement.com,thiv,vn,hydrant
Khu vực cảng Lớn - bên trái Giữa Cảng,,,OHS,In side,THIV-FH-14,vu.ho@siamcitycement.com,thiv,vn,hydrant
Băng tải 491- BC3 cách đỉnh Silo clinker khoảng 15 mét,,,OHS,In side,THIV-FH-20,vu.ho@siamcitycement.com,thiv,vn,hydrant
Góc tòa nhà Admin  đối diện căn tin nhân viên INSEE,,,OHS,In side,THIV-FH-26,vu.ho@siamcitycement.com,thiv,vn,hydrant
khu vực tầng tầng 1 packer 3,,,OHS,In side,THIV-FH-37,vu.ho@siamcitycement.com,thiv,vn,hydrant
Trước cầu cân ra khoảng 20 mét,,,OHS,In side,THIV-FH-03,vu.ho@siamcitycement.com,thiv,vn,hydrant
Khu vực cổng phụ,,,OHS,In side,THIV-FH-04,vu.ho@siamcitycement.com,thiv,vn,hydrant
Khu vực sau lưng kho Ola,,,OHS,In side,THIV-FH-08,vu.ho@siamcitycement.com,thiv,vn,hydrant
Cửa chính vào Khu vực CCR,,,OHS,In side,THIV-FH-31,vu.ho@siamcitycement.com,thiv,vn,hydrant
khu vực tầng tầng 4 packer 3,,,OHS,In side,THIV-FH-40,vu.ho@siamcitycement.com,thiv,vn,hydrant
Khu vực cảng mới- Cuối Cảng,,,OHS,In side,THIV-FH-11,vu.ho@siamcitycement.com,thiv,vn,hydrant
Khu vực cảng Lớn -bên phải,,,OHS,In side,THIV-FH-16,vu.ho@siamcitycement.com,thiv,vn,hydrant
Khu vực đỉnh máy nghiền đi xuống từ băng tải 491-BC1,,,OHS,In side,THIV-FH-25,vu.ho@siamcitycement.com,thiv,vn,hydrant
khu vực tầng tầng 5 packer 3,,,OHS,In side,THIV-FH-41,vu.ho@siamcitycement.com,thiv,vn,hydrant
Khu vực nhà xe INSEE,,,OHS,In side,THIV-FH-05,vu.ho@siamcitycement.com,thiv,vn,hydrant
"Đường ra cảng Lớn, gần Bồn Dầu DO",,,OHS,In side,THIV-FH-12,vu.ho@siamcitycement.com,thiv,vn,hydrant
Băng tải 491- BC3 hướng đi lên đỉnh silo clinker,,,OHS,In side,THIV-FH-19,vu.ho@siamcitycement.com,thiv,vn,hydrant
Sàn đi ra silo thạch cao ( ở tầng dưới đỉnh silo clinker ),,,OHS,In side,THIV-FH-21,vu.ho@siamcitycement.com,thiv,vn,hydrant
Sàn thao tác băng tải 491- BC1  băng tải dưới,,,OHS,In side,THIV-FH-23,vu.ho@siamcitycement.com,thiv,vn,hydrant
CCR Cửa vào phía Phòng Ola,,,OHS,In side,THIV-FH-33,vu.ho@siamcitycement.com,thiv,vn,hydrant
Khu vực tần 1 hotgas,,,OHS,In side,THIV-FH-42,vu.ho@siamcitycement.com,thiv,vn,hydrant
Work shop Cửa đối diện CCR,,,OHS,In side,THIV-FH-30,vu.ho@siamcitycement.com,thiv,vn,hydrant
khu vực tầng trệt packer 3,,,OHS,In side,THIV-FH-36,vu.ho@siamcitycement.com,thiv,vn,hydrant
Lối ra cổng chínhcách cổng bảo vệ khoản g 15 mét,,,OHS,In side,THIV-FH-01,vu.ho@siamcitycement.com,thiv,vn,hydrant
Khu vực sau lưng nhà nghỉ Vũng tàu ship,,,OHS,In side,THIV-FH-07,vu.ho@siamcitycement.com,thiv,vn,hydrant
Khu vực cảng Lớn -bên trái Cuối Cảng,,,OHS,In side,THIV-FH-15,vu.ho@siamcitycement.com,thiv,vn,hydrant
Khu vực xuất hàng cầu 2,,,OHS,In side,THIV-FH-34,vu.ho@siamcitycement.com,thiv,vn,hydrant
In side,,,Cement Mill,,THIV-WV-26,phuoc.le@siamcitycement.com,thiv,vn,valve
In side,,,Đồng hồ Nhà máy (Electricity Parameter),,THIV-WV-02,phuoc.le@siamcitycement.com,thiv,vn,valve
In side,,,XLNT + Miếu,,THIV-WV-04,phuoc.le@siamcitycement.com,thiv,vn,valve
In side,,,"Electricity Parameter: 
Q10 + Q11 + Q12 + Q13 = WC Lab, Y tế, 
CCR + WC workshop +
 Tưới cỏ workshop, WF, lab, CCR, máy phát điện.",,THIV-WV-09,phuoc.le@siamcitycement.com,thiv,vn,valve
In side,,,Tưới cỏ Workshop - trạm J (Trước phòng Vương),,THIV-WV-12,phuoc.le@siamcitycement.com,thiv,vn,valve
In side,,,Tưới cỏ Cảng nhỏ,,THIV-WV-16,phuoc.le@siamcitycement.com,thiv,vn,valve
In side,,,WC Căn tin bốc xếp,,THIV-WV-17,phuoc.le@siamcitycement.com,thiv,vn,valve
In side,,,TK2 : Mill coolant,,THIV-WV-05,phuoc.le@siamcitycement.com,thiv,vn,valve
In side,,,Vệ sinh CBA + tưới đường + Q8: WC bãi slag,,THIV-WV-06,phuoc.le@siamcitycement.com,thiv,vn,valve
In side,,,Nhà dân (Thạnh Long),,THIV-WV-25,phuoc.le@siamcitycement.com,thiv,vn,valve
In side,,,Bồn nước chính,,THIV-WV-27,phuoc.le@siamcitycement.com,thiv,vn,valve
In side,,,"Tưới cỏ Workshop - WF (Tưới cỏ Lab, 
CCR, Máy phát điện, trước bồn dầu DO)",,THIV-WV-13,phuoc.le@siamcitycement.com,thiv,vn,valve
In side,,,Căn tin INSEE,,THIV-WV-20,phuoc.le@siamcitycement.com,thiv,vn,valve
In side,,,Tưới cỏ khu vực dưới OK Mill,,THIV-WV-29,phuoc.le@siamcitycement.com,thiv,vn,valve
In side,,,"Tổng cầu cân (tưới cỏ cầu cân; 
WC cầu cân; Q4: XLNT + Miếu)",,THIV-WV-03,phuoc.le@siamcitycement.com,thiv,vn,valve
In side,,,WC Admin,,THIV-WV-22,phuoc.le@siamcitycement.com,thiv,vn,valve
In side,,,PCCC,,THIV-WV-07,phuoc.le@siamcitycement.com,thiv,vn,valve
In side,,,WC bãi Slag,,THIV-WV-08,phuoc.le@siamcitycement.com,thiv,vn,valve
In side,,,"WC Lab, Y tế, CCR",,THIV-WV-10,phuoc.le@siamcitycement.com,thiv,vn,valve
In side,,,Tổng Admin,,THIV-WV-18,phuoc.le@siamcitycement.com,thiv,vn,valve
In side,,,"Cây mận (Locker, căn tin tài xế, tưới 
cỏ Safety café, tưới cỏ cổng phụ)",,THIV-WV-24,phuoc.le@siamcitycement.com,thiv,vn,valve
In side,,,Nước thải,,THIV-WV-28,phuoc.le@siamcitycement.com,thiv,vn,valve
In side,,,Đồng hồ KCN,,THIV-WV-01,phuoc.le@siamcitycement.com,thiv,vn,valve
In side,,,WC Truck loader + Tưới cỏ khu Packer,,THIV-WV-15,phuoc.le@siamcitycement.com,thiv,vn,valve
In side,,,"Tưới cỏ hàng tre, căn tin INSEE --> 
trước căn tin INSEE, căn tin bốc xêp",,THIV-WV-19,phuoc.le@siamcitycement.com,thiv,vn,valve
In side,,,Tưới cỏ Admin,,THIV-WV-23,phuoc.le@siamcitycement.com,thiv,vn,valve
In side,,,WC Workshop,,THIV-WV-11,phuoc.le@siamcitycement.com,thiv,vn,valve
In side,,,"Khu Packer (WC Packer + Q15: WC truck loader,
 tưới cỏ packer)",,THIV-WV-14,phuoc.le@siamcitycement.com,thiv,vn,valve
In side,,,WC căn tin INSEE,,THIV-WV-21,phuoc.le@siamcitycement.com,thiv,vn,valve
Kho chất trợ nghiền,,,Trạm bơm,Inside,THIV-ME-FT-01,son.pham@siamcitycement.com,thiv,vn,foam
Cửa ra vào căn tin nhân viên INSEE,,,OHS,Inside,THIV-FB-16,vu.ho@siamcitycement.com,thiv,vn,extinguisher
Kho OLA cảng nhò - BÊN TRONG KHO tầng trệt,,,OHS,Inside,THIV-FB-22,vu.ho@siamcitycement.com,thiv,vn,extinguisher
Kho OLA cảng nhỏ__ Bên phải tầng 1,,,OHS,Inside,THIV-FB-27,vu.ho@siamcitycement.com,thiv,vn,extinguisher
Khu vực cầu đá_ Dưới phễu đá Pozzolan,,,OHS,Inside,THIV-FB-28,vu.ho@siamcitycement.com,thiv,vn,extinguisher
Kho vật tư bên trong workshop ( Mr. Dan),,,OHS,Inside,THIV-FB-32,vu.ho@siamcitycement.com,thiv,vn,extinguisher
Hành lang trạm điện - MÁY PHÁT tầng trệt,,,OHS,Inside,THIV-FB-47,vu.ho@siamcitycement.com,thiv,vn,extinguisher
Hành lang Bồn Dầu - KHO CHẤT THẢI,,,OHS,Inside,THIV-FB-57,vu.ho@siamcitycement.com,thiv,vn,extinguisher
Hành lang Bồn Dầu MẶT TRƯỚC- KHO CHẤT THẢI,,,OHS,Inside,THIV-FB-58,vu.ho@siamcitycement.com,thiv,vn,extinguisher
Tầng trệt lò đốt - HOTGAS,,,OHS,Inside,THIV-FB-66,vu.ho@siamcitycement.com,thiv,vn,extinguisher
Cảng Lớn H7 - Cảng lớn quẹo phải,,,OHS,Inside,THIV-FB-79,vu.ho@siamcitycement.com,thiv,vn,extinguisher
Cảng Lớn H7 - Cảng lớn quẹo phải,,,OHS,Inside,THIV-FB-81,vu.ho@siamcitycement.com,thiv,vn,extinguisher
Tầng 2 - KHU ĐÓNG BAO,,,OHS,Inside,THIV-FB-86,vu.ho@siamcitycement.com,thiv,vn,extinguisher
Tầng 2 - KHU SẠC XÁ,,,OHS,Inside,THIV-FB-95,vu.ho@siamcitycement.com,thiv,vn,extinguisher
Kho chứa hóa chất,,,OHS,Inside,THIV-FB-104,vu.ho@siamcitycement.com,thiv,vn,extinguisher
Tầng trệt - Khu PACKER,,,OHS,Inside,THIV-FB-105,vu.ho@siamcitycement.com,thiv,vn,extinguisher
Tầng 4 - Khu PACKER,,,OHS,Inside,THIV-FB-111,vu.ho@siamcitycement.com,thiv,vn,extinguisher
Khu vực xuất xi măng bao 50 kg cho ghe_ Bên trái cảng nhỏ tầng trệt,,,OHS,Inside,THIV-FB-23,vu.ho@siamcitycement.com,thiv,vn,extinguisher
Kho OLA cảng nhỏ. Hành lang giữa tầng 1,,,OHS,Inside,THIV-FB-25,vu.ho@siamcitycement.com,thiv,vn,extinguisher
Kho vật tư bên trong workshop ( Mr. Dan),,,OHS,Inside,THIV-FB-29,vu.ho@siamcitycement.com,thiv,vn,extinguisher
Kho vật tư bên trong workshop ( Mr. Dan),,,OHS,Inside,THIV-FB-30,vu.ho@siamcitycement.com,thiv,vn,extinguisher
Khu vực Phòng Lab _ Hành lang tầng TRỆT,,,OHS,Inside,THIV-FB-43,vu.ho@siamcitycement.com,thiv,vn,extinguisher
Xe làm Vệ Sinh,,,OHS,Inside,THIV-FB-44,vu.ho@siamcitycement.com,thiv,vn,extinguisher
Trạm điện tầng 1 - TRẠM NGHIỀN,,,OHS,Inside,THIV-FB-54,vu.ho@siamcitycement.com,thiv,vn,extinguisher
Cầu thang bộ tầng 1 - HOTGAS,,,OHS,Inside,THIV-FB-69,vu.ho@siamcitycement.com,thiv,vn,extinguisher
Tầng 3 - TRẠM NGHIỀN,,,OHS,Inside,THIV-FB-76,vu.ho@siamcitycement.com,thiv,vn,extinguisher
Tầng 4 - KHU ĐÓNG BAO,,,OHS,Inside,THIV-FB-88,vu.ho@siamcitycement.com,thiv,vn,extinguisher
Tầng trệt - KHU SẠC XÁ,,,OHS,Inside,THIV-FB-92,vu.ho@siamcitycement.com,thiv,vn,extinguisher
Line giửa cầu 1 và 2-KHU XUẤT HÀNG,,,OHS,Inside,THIV-FB-97,vu.ho@siamcitycement.com,thiv,vn,extinguisher
Kho chứa hóa chất,,,OHS,Inside,THIV-FB-102,vu.ho@siamcitycement.com,thiv,vn,extinguisher
Tầng 3 - Khu PACKER,,,OHS,Inside,THIV-FB-110,vu.ho@siamcitycement.com,thiv,vn,extinguisher
Tầng 5 - Khu PACKER,,,OHS,Inside,THIV-FB-112,vu.ho@siamcitycement.com,thiv,vn,extinguisher
Khu vực trạm điện cổng chính _ Phía tay phải tầng 1,,,OHS,Inside,THIV-FB-06,vu.ho@siamcitycement.com,thiv,vn,extinguisher
Khu vực căn tin tài xế_ Phía bãi đậu xe chờ,,,OHS,Inside,THIV-FB-09,vu.ho@siamcitycement.com,thiv,vn,extinguisher
Phòng IT,,,OHS,Inside,THIV-FB-14,vu.ho@siamcitycement.com,thiv,vn,extinguisher
Căn tin nhà thầu vũng tàu ship_ Cửa ra vào,,,OHS,Inside,THIV-FB-18,vu.ho@siamcitycement.com,thiv,vn,extinguisher
Khu vực CCR _ Hành lang tầng 1,,,OHS,Inside,THIV-FB-41,vu.ho@siamcitycement.com,thiv,vn,extinguisher
Hành lang trạm điện - MÁY PHÁT tầng trệt,,,OHS,Inside,THIV-FB-46,vu.ho@siamcitycement.com,thiv,vn,extinguisher
Cảng Lớn H7 - đối diện chố bảo vệ H7,,,OHS,Inside,THIV-FB-78,vu.ho@siamcitycement.com,thiv,vn,extinguisher
Tầng 1 - KHU SẠC XÁ,,,OHS,Inside,THIV-FB-93,vu.ho@siamcitycement.com,thiv,vn,extinguisher
kHO SAG-H8,,,OHS,Inside,THIV-FB-99,vu.ho@siamcitycement.com,thiv,vn,extinguisher
kHO SAG-H8,,,OHS,Inside,THIV-FB-101,vu.ho@siamcitycement.com,thiv,vn,extinguisher
Tầng trệt - Khu PACKER,,,OHS,Inside,THIV-FB-107,vu.ho@siamcitycement.com,thiv,vn,extinguisher
Khu vực hành lang phòng đào tạo INSEE,,,OHS,Inside,THIV-FB-10,vu.ho@siamcitycement.com,thiv,vn,extinguisher
Phòng chế biến thức ăn _ Căn tin nhân viên Insee,,,OHS,Inside,THIV-FB-17,vu.ho@siamcitycement.com,thiv,vn,extinguisher
Khu vực xưởng sửa chữa bảo trì ( workshop),,,OHS,Inside,THIV-FB-37,vu.ho@siamcitycement.com,thiv,vn,extinguisher
Khu vực hành lang bảo trì điện ( Worshop),,,OHS,Inside,THIV-FB-38,vu.ho@siamcitycement.com,thiv,vn,extinguisher
Hành lang trạm điện - MÁY PHÁT tầng trệt,,,OHS,Inside,THIV-FB-48,vu.ho@siamcitycement.com,thiv,vn,extinguisher
Hành lang trạm điện - MÁY PHÁT tầng 1,,,OHS,Inside,THIV-FB-50,vu.ho@siamcitycement.com,thiv,vn,extinguisher
Hành lang cửa kho- KHO CHẤT THẢI,,,OHS,Inside,THIV-FB-59,vu.ho@siamcitycement.com,thiv,vn,extinguisher
Tầng trệt - TRẠM NGHIỀN,,,OHS,Inside,THIV-FB-73,vu.ho@siamcitycement.com,thiv,vn,extinguisher
Tầng 4 - TRẠM NGHIỀN,,,OHS,Inside,THIV-FB-77,vu.ho@siamcitycement.com,thiv,vn,extinguisher
Tầng 1 - KHU ĐÓNG BAO,,,OHS,Inside,THIV-FB-83,vu.ho@siamcitycement.com,thiv,vn,extinguisher
Tầng 1 - KHU ĐÓNG BAO,,,OHS,Inside,THIV-FB-84,vu.ho@siamcitycement.com,thiv,vn,extinguisher
kHO SAG-H8,,,OHS,Inside,THIV-FB-100,vu.ho@siamcitycement.com,thiv,vn,extinguisher
Kho chứa hóa chất,,,OHS,Inside,THIV-FB-103,vu.ho@siamcitycement.com,thiv,vn,extinguisher
Tầng 1 Khu Đóng Bao,,,OHS,Inside,THIV-FB-115,vu.ho@siamcitycement.com,thiv,vn,extinguisher
Khu vưc trạm điện cổng chính_ Phía tay phải tầng trệt,,,OHS,Inside,THIV-FB-05,vu.ho@siamcitycement.com,thiv,vn,extinguisher
Khu vực cầu cân_ Lối ra nhà máy,,,OHS,Inside,THIV-FB-08,vu.ho@siamcitycement.com,thiv,vn,extinguisher
Kho vật tư bên trong workshop ( Mr. Dan),,,OHS,Inside,THIV-FB-31,vu.ho@siamcitycement.com,thiv,vn,extinguisher
Trạm điện tầng 1 - TRẠM NGHIỀN,,,OHS,Inside,THIV-FB-53,vu.ho@siamcitycement.com,thiv,vn,extinguisher
Hành lang cửa kho- KHO CHẤT THẢI,,,OHS,Inside,THIV-FB-61,vu.ho@siamcitycement.com,thiv,vn,extinguisher
Tầng trệt lò đốt - HOTGAS,,,OHS,Inside,THIV-FB-65,vu.ho@siamcitycement.com,thiv,vn,extinguisher
Tầng 1 - TRẠM NGHIỀN,,,OHS,Inside,THIV-FB-74,vu.ho@siamcitycement.com,thiv,vn,extinguisher
Tầng 3 - KHU SẠC XÁ,,,OHS,Inside,THIV-FB-96,vu.ho@siamcitycement.com,thiv,vn,extinguisher
Cầu thang trạm điện-KHU XUẤT HÀNG,,,OHS,Inside,THIV-FB-98,vu.ho@siamcitycement.com,thiv,vn,extinguisher
Tầng 1 Khu Đóng Bao,,,OHS,Inside,THIV-FB-114,vu.ho@siamcitycement.com,thiv,vn,extinguisher
Hành lang Admin_ lối cầu thang vào,,,OHS,Inside,THIV-FB-13,vu.ho@siamcitycement.com,thiv,vn,extinguisher
Hành lang văn phòng Admin _ Đối diện căn tin nhân viên Insee,,,OHS,Inside,THIV-FB-15,vu.ho@siamcitycement.com,thiv,vn,extinguisher
Kho OLA cảng nhỏ_LỐI VÀO bên trái tầng trệt,,,OHS,Inside,THIV-FB-19,vu.ho@siamcitycement.com,thiv,vn,extinguisher
Kho OLA cảng nhò - LỐI RA bên trái tầng trệt,,,OHS,Inside,THIV-FB-20,vu.ho@siamcitycement.com,thiv,vn,extinguisher
Khu vực xuất xi măng bao 50 kg cho ghe_ Bên phải cảng nhỏ tầng trệt,,,OHS,Inside,THIV-FB-24,vu.ho@siamcitycement.com,thiv,vn,extinguisher
Khu vực Workshop _ Hành lang tầng 1 trước phòng Mr. Thành,,,OHS,Inside,THIV-FB-39,vu.ho@siamcitycement.com,thiv,vn,extinguisher
Khu vực CCR _ Hành lang tầng TRỆT,,,OHS,Inside,THIV-FB-42,vu.ho@siamcitycement.com,thiv,vn,extinguisher
Hành lang trạm điện - MÁY PHÁT tầng 1,,,OHS,Inside,THIV-FB-49,vu.ho@siamcitycement.com,thiv,vn,extinguisher
Hành lang cửa kho- KHO CHẤT THẢI,,,OHS,Inside,THIV-FB-60,vu.ho@siamcitycement.com,thiv,vn,extinguisher
Trước cửa bên phải kho- KHO CHẤT TRỢ NGHIỀN,,,OHS,Inside,THIV-FB-63,vu.ho@siamcitycement.com,thiv,vn,extinguisher
Tầng trệt lò đốt - HOTGAS,,,OHS,Inside,THIV-FB-67,vu.ho@siamcitycement.com,thiv,vn,extinguisher
Tầng 2 - TRẠM NGHIỀN,,,OHS,Inside,THIV-FB-75,vu.ho@siamcitycement.com,thiv,vn,extinguisher
Tầng 2 - KHU ĐÓNG BAO,,,OHS,Inside,THIV-FB-85,vu.ho@siamcitycement.com,thiv,vn,extinguisher
Tầng 1 - Khu PACKER,,,OHS,Inside,THIV-FB-108,vu.ho@siamcitycement.com,thiv,vn,extinguisher
Kho Tem An Toàn,,,OHS,Inside,THIV-FB-113,vu.ho@siamcitycement.com,thiv,vn,extinguisher
Tầng 1 Khu Đóng Bao,,,OHS,Inside,THIV-FB-116,vu.ho@siamcitycement.com,thiv,vn,extinguisher
Khu vực đậu xe máy nhân viên nhà thầu,,,OHS,Inside,THIV-FB-11,vu.ho@siamcitycement.com,thiv,vn,extinguisher
Kho OLA cảng nhỏ Bên trái tầng 1,,,OHS,Inside,THIV-FB-26,vu.ho@siamcitycement.com,thiv,vn,extinguisher
Khu vực xưởng sửa chữa bảo trì ( workshop),,,OHS,Inside,THIV-FB-34,vu.ho@siamcitycement.com,thiv,vn,extinguisher
Trước cửa phòng máy PCCC,,,OHS,Inside,THIV-FB-64,vu.ho@siamcitycement.com,thiv,vn,extinguisher
Tầng trệt lò đốt - HOTGAS,,,OHS,Inside,THIV-FB-68,vu.ho@siamcitycement.com,thiv,vn,extinguisher
Cầu thang bộ tầng 3 - HOTGAS,,,OHS,Inside,THIV-FB-71,vu.ho@siamcitycement.com,thiv,vn,extinguisher
Cảng Lớn H7 - Cảng lớn quẹo phải,,,OHS,Inside,THIV-FB-80,vu.ho@siamcitycement.com,thiv,vn,extinguisher
Tầng trệt - KHU SẠC XÁ,,,OHS,Inside,THIV-FB-90,vu.ho@siamcitycement.com,thiv,vn,extinguisher
Tầng trệt - KHU SẠC XÁ,,,OHS,Inside,THIV-FB-91,vu.ho@siamcitycement.com,thiv,vn,extinguisher
Tầng 1 - KHU SẠC XÁ,,,OHS,Inside,THIV-FB-94,vu.ho@siamcitycement.com,thiv,vn,extinguisher
Trạm điện cổng chính _ Chính Giữa tầng trệt,,,OHS,Inside,THIV-FB-04,vu.ho@siamcitycement.com,thiv,vn,extinguisher
Khu vực cầu cân _ Lối vào nhà máy,,,OHS,Inside,THIV-FB-07,vu.ho@siamcitycement.com,thiv,vn,extinguisher
Khu vực đậu xe máy nhân viên INSEE,,,OHS,Inside,THIV-FB-12,vu.ho@siamcitycement.com,thiv,vn,extinguisher
Kho OLA cảng nhò - LỐI RA bên phải tầng trệt,,,OHS,Inside,THIV-FB-21,vu.ho@siamcitycement.com,thiv,vn,extinguisher
Khu vực KHO DỤNG CỤ bảo trì ( workshop),,,OHS,Inside,THIV-FB-33,vu.ho@siamcitycement.com,thiv,vn,extinguisher
Khu vực xưởng sửa chữa bảo trì ( workshop),,,OHS,Inside,THIV-FB-35,vu.ho@siamcitycement.com,thiv,vn,extinguisher
Khu vực xưởng sửa chữa bảo trì ( workshop),,,OHS,Inside,THIV-FB-36,vu.ho@siamcitycement.com,thiv,vn,extinguisher
Khu vực Workshop _ Hành lang tầng 1,,,OHS,Inside,THIV-FB-40,vu.ho@siamcitycement.com,thiv,vn,extinguisher
Xe Nâng - WORKSHOP,,,OHS,Inside,THIV-FB-45,vu.ho@siamcitycement.com,thiv,vn,extinguisher
Hành lang trạm điện - MÁY PHÁT tầng 1,,,OHS,Inside,THIV-FB-51,vu.ho@siamcitycement.com,thiv,vn,extinguisher
Trạm điện tầng trệt - TRẠM NGHIỀN,,,OHS,Inside,THIV-FB-52,vu.ho@siamcitycement.com,thiv,vn,extinguisher
Trạm điện tầng 1 - TRẠM NGHIỀN,,,OHS,Inside,THIV-FB-55,vu.ho@siamcitycement.com,thiv,vn,extinguisher
Trạm điện tầng 1 - TRẠM NGHIỀN,,,OHS,Inside,THIV-FB-56,vu.ho@siamcitycement.com,thiv,vn,extinguisher
Trước cửa bên trái kho- KHO CHẤT TRỢ NGHIỀN,,,OHS,Inside,THIV-FB-62,vu.ho@siamcitycement.com,thiv,vn,extinguisher
Cầu thang bộ tầng 2- HOTGAS,,,OHS,Inside,THIV-FB-70,vu.ho@siamcitycement.com,thiv,vn,extinguisher
Tầng trệt - TRẠM NGHIỀN,,,OHS,Inside,THIV-FB-72,vu.ho@siamcitycement.com,thiv,vn,extinguisher
Tầng 1 - KHU ĐÓNG BAO,,,OHS,Inside,THIV-FB-82,vu.ho@siamcitycement.com,thiv,vn,extinguisher
Tầng 3 - KHU ĐÓNG BAO,,,OHS,Inside,THIV-FB-87,vu.ho@siamcitycement.com,thiv,vn,extinguisher
Tầng 5 - KHU ĐÓNG BAO,,,OHS,Inside,THIV-FB-89,vu.ho@siamcitycement.com,thiv,vn,extinguisher
Tầng trệt - Khu PACKER,,,OHS,Inside,THIV-FB-106,vu.ho@siamcitycement.com,thiv,vn,extinguisher
Tầng 2 - Khu PACKER,,,OHS,Inside,THIV-FB-109,vu.ho@siamcitycement.com,thiv,vn,extinguisher
Khu vực phía sau bảo vệ cổng chính,,,OHS,Inside,THIV-FB-01,vu.ho@siamcitycement.com,thiv,vn,extinguisher
Trạm điện cổng chính_ Phía tay trái tầng trệt,,,OHS,Inside,THIV-FB-02,vu.ho@siamcitycement.com,thiv,vn,extinguisher
Trạm điện cổng chính _ Phía tay trái tầng 1,,,OHS,Inside,THIV-FB-03,vu.ho@siamcitycement.com,thiv,vn,extinguisher
trạm xử lý nước thải,,,OHS,Inside,THIV-FB-117,vu.ho@siamcitycement.com,thiv,vn,extinguisher
Xưởng cơ khí chính,,,,,HONC-MM-FIRSTAID-01,nguyen.anh.nguyen@siamcitycement.com,honc,vn,firstaid
Xưởng cơ khí chính,,,,,HONC-MM-MW-FIRSTAID-02,nguyen.anh.nguyen@siamcitycement.com,honc,vn,firstaid
Bộ phận bôi trơn,,,,,HONC-PM-FIRSTAID-03,nguyen.anh.nguyen@siamcitycement.com,honc,vn,firstaid
Trạm đóng bao,,,,,HONC-PACKING-FIRSTAID-04,nguyen.anh.nguyen@siamcitycement.com,honc,vn,firstaid
Kho chất thải lỏng,,,,,HONC-ECO-LS-FIRSTAID-05,nguyen.anh.nguyen@siamcitycement.com,honc,vn,firstaid
Kho chất thải rắn,,,,,HONC-ECO-HW-FIRSTAID-06,nguyen.anh.nguyen@siamcitycement.com,honc,vn,firstaid
phòng LAB,,,,,HONC-ECO-LAB-FIRSTAID-07,nguyen.anh.nguyen@siamcitycement.com,honc,vn,firstaid
Kho footwear,,,,,HONC-ECO-FW-FIRSTAID-08,nguyen.anh.nguyen@siamcitycement.com,honc,vn,firstaid
Cảng bốc dỡ chất thải,,,,,HONC-ECO-PORT-FIRSTAID-09,nguyen.anh.nguyen@siamcitycement.com,honc,vn,firstaid
Xưởng bảo trì,,,,,HONC-ECO-WS-FIRSTAID-10,nguyen.anh.nguyen@siamcitycement.com,honc,vn,firstaid
Warehouse,,,,,HONC-ECO-FWCX-FIRSTAID-11,nguyen.anh.nguyen@siamcitycement.com,honc,vn,firstaid
Khu phòng thí nghiệm,,,,,HONC-QA-FIRSTAID-12,nguyen.anh.nguyen@siamcitycement.com,honc,vn,firstaid
Mỏ sét,,,,,HONC-QR-CLAY-FIRSTAID-13,nguyen.anh.nguyen@siamcitycement.com,honc,vn,firstaid
Cối đập đá,,,,,HONC-QR-CRUSHER-FIRSTAID-14,nguyen.anh.nguyen@siamcitycement.com,honc,vn,firstaid
Văn phòng Mỏ,,,,,HONC-QR-OFFICE-FIRSTAID-15,nguyen.anh.nguyen@siamcitycement.com,honc,vn,firstaid
Xưởng Mobile,,,,,HONC-QR-WS-FIRSTAID-16,nguyen.anh.nguyen@siamcitycement.com,honc,vn,firstaid
Khu vực Kiln,,,,,HONC-PRO-KILN-FIRSTAID-17,nguyen.anh.nguyen@siamcitycement.com,honc,vn,firstaid
Power Station 110Kv,,,,,HONC-PRO-WHR-FIRSTAID-18,nguyen.anh.nguyen@siamcitycement.com,honc,vn,firstaid
Main Workshop,,,,,HONC-PRO-ATS-FIRSTAID-19,nguyen.anh.nguyen@siamcitycement.com,honc,vn,firstaid
Jetty,,,,,HONC-PROJETTY-FIRSTAID-22,nguyen.anh.nguyen@siamcitycement.com,honc,vn,firstaid
Xuất hàng container hepper,,,,,HONC-SCN-RMS-FIRSTAID-23,nguyen.anh.nguyen@siamcitycement.com,honc,vn,firstaid
Palletizer,,,,,HONC-PACKING-PA-FIRSTAID-24,nguyen.anh.nguyen@siamcitycement.com,honc,vn,firstaid
Văn phòng,,,,,HONC-SCN-OFFICE-FIRSTAID-25,nguyen.anh.nguyen@siamcitycement.com,honc,vn,firstaid
Cổng cảng,,,,,HONC-ADM-BT-FIRSTAID-26,nguyen.anh.nguyen@siamcitycement.com,honc,vn,firstaid
Trạm bảo vệ kho mìn,,,,,HONC-ADM-EXP-FIRSTAID-27,nguyen.anh.nguyen@siamcitycement.com,honc,vn,firstaid
Căng tin,,,,,HONC-ADM-CT-FIRSTAID-28,nguyen.anh.nguyen@siamcitycement.com,honc,vn,firstaid
Housing estate,,,,,HONC-ADMIN-HE-FIRSTAID-29,nguyen.anh.nguyen@siamcitycement.com,honc,vn,firstaid
K91 BC1 (đối trọng băng tải),,,OHS,In side,THIV-FH-43,vu.ho@siamcitycement.com,thiv,vn,hydrant
"Kho VLNCN, Explosives storage",,,HS,,HONC-FE-FFP-11,thao.duong@siamcitycement.com,honc,vn,pump
"Trạm PCCC, Fire fighting station",,,HS,,HONC-FE-FFP-06,thao.duong@siamcitycement.com,honc,vn,pump
"Trạm PCCC, Fire fighting station",,,HS,,HONC-FE-FFP-03,thao.duong@siamcitycement.com,honc,vn,pump
"Trạm PCCC, Fire fighting station",,,HS,,HONC-FE-FFP-10,thao.duong@siamcitycement.com,honc,vn,pump
"Trạm PCCC, Fire fighting station",,,HS,,HONC-FE-FFP-07,thao.duong@siamcitycement.com,honc,vn,pump
"Trạm PCCC, Fire fighting station",,,HS,,HONC-FE-FFP-02,thao.duong@siamcitycement.com,honc,vn,pump
"Trạm PCCC, Fire fighting station",,,HS,,HONC-FE-FFP-01,thao.duong@siamcitycement.com,honc,vn,pump
"Trạm PCCC, Fire fighting station",,,HS,,HONC-FE-FFP-04,thao.duong@siamcitycement.com,honc,vn,pump
"Trạm PCCC, Fire fighting station",,,HS,,HONC-FE-FFP-09,thao.duong@siamcitycement.com,honc,vn,pump
"Trạm PCCC, Fire fighting station",,,HS,,HONC-FE-FFP-08,thao.duong@siamcitycement.com,honc,vn,pump
 cối nghiền đá vôi,,,Dưới chân,,HONC-FWV-HS-46,thao.duong@siamcitycement.com,honc,vn,valve
 CCR,,,Bên phải tòa nhà,,HONC-FWV-HS-18,thao.duong@siamcitycement.com,honc,vn,valve
 tiền xử lý CTNH - No.1,,,Phía trước bên trái kho,,HONC-FWV-HS-37,thao.duong@siamcitycement.com,honc,vn,valve
nhà máy điện,,,Bên trái trước,,HONC-FWV-HS-10,thao.duong@siamcitycement.com,honc,vn,valve
Sau Silo xi măng,,,Sau Silo xi măng,,HONC-FWV-HS-04,thao.duong@siamcitycement.com,honc,vn,valve
 kho chất thải lỏng,,,Góc phải bên dưới,,HONC-FWV-HS-08,thao.duong@siamcitycement.com,honc,vn,valve
 thang máy Preheater,,,Bên phải dưới chân lối vào,,HONC-FWV-HS-24,thao.duong@siamcitycement.com,honc,vn,valve
 phòng thí nghiệm ECO,,,Bên phải,,HONC-FWV-HS-39,thao.duong@siamcitycement.com,honc,vn,valve
 231-BC5 sau PGNAA No.1,,,Đường băng tải,,HONC-FWV-HS-44,thao.duong@siamcitycement.com,honc,vn,valve
Trạm bơm nước M30,,,Trạm bơm nước M30,,HONC-FWV-HS-06,thao.duong@siamcitycement.com,honc,vn,valve
M30,,,Trên trạm bơm nước,,HONC-FWV-HS-13,thao.duong@siamcitycement.com,honc,vn,valve
 J2 - No.1,,,Bên phải trạm điện,,HONC-FWV-HS-14,thao.duong@siamcitycement.com,honc,vn,valve
PCCC mới,,,Sau trạm ,,HONC-FWV-HS-16,thao.duong@siamcitycement.com,honc,vn,valve
 Preheater No.2,,,Phía sau thang máy,,HONC-FWV-HS-26,thao.duong@siamcitycement.com,honc,vn,valve
231-BC5 sau PGNAA No.2,,,Đường băng tải ,,HONC-FWV-HS-45,thao.duong@siamcitycement.com,honc,vn,valve
 591-BC2 trước CCR,,,Trên băng tải,,HONC-FWV-HS-20,thao.duong@siamcitycement.com,honc,vn,valve
Đầu kho liệu thô,,,Đầu kho liệu thô,,HONC-FWV-HS-32,thao.duong@siamcitycement.com,honc,vn,valve
Kho ATS,,,Kho ATS,,HONC-FWV-HS-49,thao.duong@siamcitycement.com,honc,vn,valve
 500 m3 - No.1,,,Gầm bồn nước,,HONC-FWV-HS-01,thao.duong@siamcitycement.com,honc,vn,valve
 nhà hành chính,,,Góc bên trái,,HONC-FWV-HS-19,thao.duong@siamcitycement.com,honc,vn,valve
 gần Pallettizer 2,,,Bên trong cuối kho liệu thô,,HONC-FWV-HS-40,thao.duong@siamcitycement.com,honc,vn,valve
 nước 500 m3,,,Dưới chân tháp,,HONC-FWV-HS-03,thao.duong@siamcitycement.com,honc,vn,valve
kho chất thải lỏng,,,Góc phải bên trên ,,HONC-FWV-HS-07,thao.duong@siamcitycement.com,honc,vn,valve
J51-BC6 - No.2,,,Gầm băng tải ,,HONC-FWV-HS-31,thao.duong@siamcitycement.com,honc,vn,valve
 bơm nước M30,,,Trước trạm,,HONC-FWV-HS-05,thao.duong@siamcitycement.com,honc,vn,valve
 tiền xử lý CTNH,,,Phía trước kho,,HONC-FWV-HS-36,thao.duong@siamcitycement.com,honc,vn,valve
 tiền xử lý CTNH - No.2,,,Phía trước bên trái kho,,HONC-FWV-HS-38,thao.duong@siamcitycement.com,honc,vn,valve
kho chất thải lỏng,,,Góc trái bên dưới ,,HONC-FWV-HS-09,thao.duong@siamcitycement.com,honc,vn,valve
 500 m3 - No.2,,,Gầm bồn nước,,HONC-FWV-HS-02,thao.duong@siamcitycement.com,honc,vn,valve
xi măng,,,Gầm thang máy,,HONC-FWV-HS-12,thao.duong@siamcitycement.com,honc,vn,valve
 WHR - No.1,,,Bên dưới phía trước,,HONC-FWV-HS-22,thao.duong@siamcitycement.com,honc,vn,valve
Bên trong kho rửa phi,,,Bên trong kho rửa phi,,HONC-FWV-HS-35,thao.duong@siamcitycement.com,honc,vn,valve
 WHR - No.2,,,Bên dưới phía trước,,HONC-FWV-HS-23,thao.duong@siamcitycement.com,honc,vn,valve
 gần Pallettizer 2,,,Bên ngoài cuối kho liệu thô,,HONC-FWV-HS-42,thao.duong@siamcitycement.com,honc,vn,valve
 xưởng cơ khí,,,Hướng nam,,HONC-FWV-HS-48,thao.duong@siamcitycement.com,honc,vn,valve
J2 - No.2,,,Bên phải trạm điện ,,HONC-FWV-HS-15,thao.duong@siamcitycement.com,honc,vn,valve
 WHR,,,Bên trên phía trước,,HONC-FWV-HS-21,thao.duong@siamcitycement.com,honc,vn,valve
 nghiền than,,,Trước máy,,HONC-FWV-HS-27,thao.duong@siamcitycement.com,honc,vn,valve
 trung chuyển than,,,Bên dưới nhà,,HONC-FWV-HS-34,thao.duong@siamcitycement.com,honc,vn,valve
nhà máy điện,,,Bên phải trước,,HONC-FWV-HS-11,thao.duong@siamcitycement.com,honc,vn,valve
PCCC mới,,,Bên trái trạm ,,HONC-FWV-HS-17,thao.duong@siamcitycement.com,honc,vn,valve
 Preheater No.1,,,Phía sau thang máy,,HONC-FWV-HS-25,thao.duong@siamcitycement.com,honc,vn,valve
 DO - No.1,,,Bên phải bồn dầu,,HONC-FWV-HS-28,thao.duong@siamcitycement.com,honc,vn,valve
 DO - No.2,,,Bên phải bồn dầu,,HONC-FWV-HS-29,thao.duong@siamcitycement.com,honc,vn,valve
 J51-BC6 - No.1,,,Gầm băng tải,,HONC-FWV-HS-30,thao.duong@siamcitycement.com,honc,vn,valve
 trung chuyển than,,,Bên trên nhà,,HONC-FWV-HS-33,thao.duong@siamcitycement.com,honc,vn,valve
 bên ngoài hướng Nam,,,Giữa nhà vòm đá vôi,,HONC-FWV-HS-41,thao.duong@siamcitycement.com,honc,vn,valve
 dọc băng tải 321-BC5,,,Bên ngoài cuối kho liệu thô,,HONC-FWV-HS-43,thao.duong@siamcitycement.com,honc,vn,valve
 hướng Đông,,,Kho đất đỏ,,HONC-FWV-HS-47,thao.duong@siamcitycement.com,honc,vn,valve
 Trước nhà máy thu nhiệt,,,HS,HONC Plant,HONC-FE-FHA-HS-13,S.le@siamcitycement.com,honc,vn,hydrant
 Đầu kho Chứa Gas-Oxy,,,HS,HONC Plant,HONC-FE-FHA-HS-15,S.le@siamcitycement.com,honc,vn,hydrant
 Giữa máy hút trấu và tháp nước điều kiện,,,HS,HONC Plant,HONC-FE-FHA-HS-41,S.le@siamcitycement.com,honc,vn,hydrant
 Phía đông Pallettizer 1,,,HS,HONC Plant,HONC-FE-FHA-HS-62,S.le@siamcitycement.com,honc,vn,hydrant
 Đầu kho CTKNH2 ( trụ số 1 ),,,HS,HONC Plant,HONC-FE-FHA-HS-78,S.le@siamcitycement.com,honc,vn,hydrant
 Trước Kho CTKNH 2 ( Trụ số 2 ),,,HS,HONC Plant,HONC-FE-FHA-HS-80,S.le@siamcitycement.com,honc,vn,hydrant
 Nhà vòm than bên trong hướng Bắc,,,HS,HONC Plant,HONC-FE-FHA-HS-102,S.le@siamcitycement.com,honc,vn,hydrant
Cửa vào nhà tắm hướng Tây,,,HS,HONC Plant,HONC-FE-FHB-HS-04,S.le@siamcitycement.com,honc,vn,hydrant
T 2,,,Admin,Housing Estate,HONC-FE-FH-HE-09,S.le@siamcitycement.com,honc,vn,hydrant
Villa 4,,,Admin,Housing Estate,HONC-FE-FHB-HE-04,S.le@siamcitycement.com,honc,vn,hydrant
 Băng tải cảng_Cột số 23,,,HS,HONC Plant,HONC-FE-FHA-HS-06,S.le@siamcitycement.com,honc,vn,hydrant
 Tầng trệt-Trụ bên trái phía cầu thang,,,HS,HONC Plant,HONC-FE-FHA-HS-16,S.le@siamcitycement.com,honc,vn,hydrant
 Dưới đường băng tải_Gần cối đất đỏ,,,HS,HONC Plant,HONC-FE-FHA-HS-29,S.le@siamcitycement.com,honc,vn,hydrant
 Khu vực làm nguội Nhà máy điện,,,HS,HONC Plant,HONC-FE-FHA-HS-35,S.le@siamcitycement.com,honc,vn,hydrant
 Góc phía nam kho CTNH rắn,,,HS,HONC Plant,HONC-FE-FHA-HS-45,S.le@siamcitycement.com,honc,vn,hydrant
 Đường băng tải 231-BC5 sau PGNAA,,,HS,HONC Plant,HONC-FE-FHA-HS-65,S.le@siamcitycement.com,honc,vn,hydrant
 Đầu kho CTKNH1 ( trụ số 1 ),,,HS,HONC Plant,HONC-FE-FHA-HS-73,S.le@siamcitycement.com,honc,vn,hydrant
 Đầu kho CTKNH 2 ( trụ số 2 ),,,HS,HONC Plant,HONC-FE-FHA-HS-77,S.le@siamcitycement.com,honc,vn,hydrant
 Bên ngoài Xưởng cơ khí chính hướng Tây,,,HS,HONC Plant,HONC-FE-FHA-HS-94,S.le@siamcitycement.com,honc,vn,hydrant
Cửa vào nhà ăn hướng Đông,,,HS,HONC Plant,HONC-FE-FHB-HS-03,S.le@siamcitycement.com,honc,vn,hydrant
Bên trong phía nam kho Pallettizer 2 ( số 1 ),,,HS,HONC Plant,HONC-FE-FHB-HS-26,S.le@siamcitycement.com,honc,vn,hydrant
T 3,,,Admin,Housing Estate,HONC-FE-FH-HE-07,S.le@siamcitycement.com,honc,vn,hydrant
Villa 2,,,Admin,Housing Estate,HONC-FE-FHB-HE-02,S.le@siamcitycement.com,honc,vn,hydrant
 Tầng trệt-Trụ bên phải cửa chính,,,HS,HONC Plant,HONC-FE-FHA-HS-17,S.le@siamcitycement.com,honc,vn,hydrant
 Tầng trệt-Trụ phía sau,,,HS,HONC Plant,HONC-FE-FHA-HS-19,S.le@siamcitycement.com,honc,vn,hydrant
 Bên trái kho hóa chất lỏng,,,HS,HONC Plant,HONC-FE-FHA-HS-33,S.le@siamcitycement.com,honc,vn,hydrant
 Sàn đuôi lò,,,HS,HONC Plant,HONC-FE-FHA-HS-39,S.le@siamcitycement.com,honc,vn,hydrant
 Giữa nhà vòm đá vôi bên trong hướng Nam,,,HS,HONC Plant,HONC-FE-FHA-HS-61,S.le@siamcitycement.com,honc,vn,hydrant
 Giữa băng tải 231-BC5 (PGNAA-Nhà vòm đá vôi),,,HS,HONC Plant,HONC-FE-FHA-HS-64,S.le@siamcitycement.com,honc,vn,hydrant
Cửa thoát hiểm số 4 đến nhà tắm và nhà ăn,,,HS,HONC Plant,HONC-FE-FHB-HS-09,S.le@siamcitycement.com,honc,vn,hydrant
Tầng 3 Tháp tiền nung,,,HS,HONC Plant,HONC-FE-FHB-HS-16,S.le@siamcitycement.com,honc,vn,hydrant
Tầng 4 Tháp tiền nung,,,HS,HONC Plant,HONC-FE-FHB-HS-17,S.le@siamcitycement.com,honc,vn,hydrant
Terrace House 1,,,Admin,Housing Estate,HONC-FE-FHB-HE-22,S.le@siamcitycement.com,honc,vn,hydrant
Terrace House 1,,,Admin,Housing Estate,HONC-FE-FHB-HE-23,S.le@siamcitycement.com,honc,vn,hydrant
 Đầu cầu dẫn ra cảng,,,HS,HONC Plant,HONC-FE-FHA-HS-04,S.le@siamcitycement.com,honc,vn,hydrant
 Tầng 1-Trụ bên trái cầu thang,,,HS,HONC Plant,HONC-FE-FHA-HS-22,S.le@siamcitycement.com,honc,vn,hydrant
 Tầng 2-Trụ bên phải dọc hành lang,,,HS,HONC Plant,HONC-FE-FHA-HS-25,S.le@siamcitycement.com,honc,vn,hydrant
 Tầng 3-Trụ đầu cầu thang,,,HS,HONC Plant,HONC-FE-FHA-HS-27,S.le@siamcitycement.com,honc,vn,hydrant
 Nhà vòm than bên ngoài hướng Nam,,,HS,HONC Plant,HONC-FE-FHA-HS-55,S.le@siamcitycement.com,honc,vn,hydrant
" Giữa nhà vòm đá vôi hướng Bắc, Trụ số 1",,,HS,HONC Plant,HONC-FE-FHA-HS-57,S.le@siamcitycement.com,honc,vn,hydrant
 Cuối kho CTKNH 2 ( trụ số 1 ) ECO,,,HS,HONC Plant,HONC-FE-FHA-HS-69,S.le@siamcitycement.com,honc,vn,hydrant
 Trước Kho CTKNH 2 ( Trụ số 1 ),,,HS,HONC Plant,HONC-FE-FHA-HS-79,S.le@siamcitycement.com,honc,vn,hydrant
 Bên ngoài Xưởng cơ khí chính hướng Bắc,,,HS,HONC Plant,HONC-FE-FHA-HS-93,S.le@siamcitycement.com,honc,vn,hydrant
 Bên ngoài Xưởng cơ khí chính hướng Nam,,,HS,HONC Plant,HONC-FE-FHA-HS-95,S.le@siamcitycement.com,honc,vn,hydrant
 Nhà vòm than bên trong hướng Nam,,,HS,HONC Plant,HONC-FE-FHA-HS-98,S.le@siamcitycement.com,honc,vn,hydrant
Bên trong phía tây kho Pallettizer 1,,,HS,HONC Plant,HONC-FE-FHB-HS-21,S.le@siamcitycement.com,honc,vn,hydrant
C 12,,,Admin,Housing Estate,HONC-FE-FHA-HE-06,S.le@siamcitycement.com,honc,vn,hydrant
Terrace House 1,,,Admin,Housing Estate,HONC-FE-FHB-HE-20,S.le@siamcitycement.com,honc,vn,hydrant
 Trước nhà ăn,,,HS,HONC Plant,HONC-FE-FH-HS-01,S.le@siamcitycement.com,honc,vn,hydrant
 Phía sau Xưởng cơ khí chính,,,HS,HONC Plant,HONC-FE-FHA-HS-14,S.le@siamcitycement.com,honc,vn,hydrant
 Tầng trệt-Trụ bên phải cửa phòng điện,,,HS,HONC Plant,HONC-FE-FHA-HS-20,S.le@siamcitycement.com,honc,vn,hydrant
 Nhà vòm than bên trong hướng Bắc,,,HS,HONC Plant,HONC-FE-FHA-HS-54,S.le@siamcitycement.com,honc,vn,hydrant
 Bên trái khu vực cấp trấu lò nung,,,HS,HONC Plant,HONC-FE-FHA-HS-97,S.le@siamcitycement.com,honc,vn,hydrant
Cửa thoát hiểm số 3 đến nhà xe và sang xưởng cơ khí chính.,,,HS,HONC Plant,HONC-FE-FHB-HS-08,S.le@siamcitycement.com,honc,vn,hydrant
Bên trong phía bắc kho Pallettizer 1 ( số 1),,,HS,HONC Plant,HONC-FE-FHB-HS-22,S.le@siamcitycement.com,honc,vn,hydrant
Block B 12,,,Admin,Housing Estate,HONC-FE-FH-HE-05,S.le@siamcitycement.com,honc,vn,hydrant
T 2,,,Admin,Housing Estate,HONC-FE-FH-HE-11,S.le@siamcitycement.com,honc,vn,hydrant
 Băng tải cảng_Cột số 11,,,HS,HONC Plant,HONC-FE-FHA-HS-05,S.le@siamcitycement.com,honc,vn,hydrant
 Gần Silo Xi măng số 2,,,HS,HONC Plant,HONC-FE-FHA-HS-30,S.le@siamcitycement.com,honc,vn,hydrant
Khu vực đậu xe gắn máy chân tháp tiền nung,,,HS,HONC Plant,HONC-FE-FHA-HS-40,S.le@siamcitycement.com,honc,vn,hydrant
 Kho đất đỏ hướng Đông,,,HS,HONC Plant,HONC-FE-FHA-HS-52,S.le@siamcitycement.com,honc,vn,hydrant
 Nhà vòm than bên ngoài hướng Bắc,,,HS,HONC Plant,HONC-FE-FHA-HS-53,S.le@siamcitycement.com,honc,vn,hydrant
 Cuối kho CTKNH 2 ( trụ số 2 ) ECO,,,HS,HONC Plant,HONC-FE-FHA-HS-68,S.le@siamcitycement.com,honc,vn,hydrant
 Phía tây Pallettizer 2,,,HS,HONC Plant,HONC-FE-FHA-HS-82,S.le@siamcitycement.com,honc,vn,hydrant
 Tầng 3 máy nghiền than ( Trụ số 2 ),,,HS,HONC Plant,HONC-FE-FHA-HS-87,S.le@siamcitycement.com,honc,vn,hydrant
 Tầng 5 Tháp tiền nung,,,HS,HONC Plant,HONC-FE-FHA-HS-104,S.le@siamcitycement.com,honc,vn,hydrant
 Họng số 2 (Dọc băng tải sicon ATS),,,HS,HONC Plant,HONC-FE-FHA-HS-106,S.le@siamcitycement.com,honc,vn,hydrant
Cửa thoát hiểm số 2 đến nhà xe phía Lò.,,,HS,HONC Plant,HONC-FE-FHB-HS-07,S.le@siamcitycement.com,honc,vn,hydrant
Bên trong phía tây kho Pallettizer 2,,,HS,HONC Plant,HONC-FE-FHB-HS-28,S.le@siamcitycement.com,honc,vn,hydrant
Block A 12,,,Admin,Housing Estate,HONC-FE-FH-HE-04,S.le@siamcitycement.com,honc,vn,hydrant
 Đầu thềm cảng_Cột số 3,,,HS,HONC Plant,HONC-FE-FHA-HS-02,S.le@siamcitycement.com,honc,vn,hydrant
 Tầng 2-Trụ cuối hành lang,,,HS,HONC Plant,HONC-FE-FHA-HS-26,S.le@siamcitycement.com,honc,vn,hydrant
 Bên trái kho ATS,,,HS,HONC Plant,HONC-FE-FHA-HS-49,S.le@siamcitycement.com,honc,vn,hydrant
 Dưới băng tải 221-BC2 đối diện xưởng ECO,,,HS,HONC Plant,HONC-FE-FHA-HS-67,S.le@siamcitycement.com,honc,vn,hydrant
 Trước Kho CTKNH 1 ( Trụ số 1 ),,,HS,HONC Plant,HONC-FE-FHA-HS-72,S.le@siamcitycement.com,honc,vn,hydrant
 Sau Xưởng cơ khí chính-số 3,,,HS,HONC Plant,HONC-FE-FHA-HS-92,S.le@siamcitycement.com,honc,vn,hydrant
 Họng số 1 (Dọc băng tải sicon ATS),,,HS,HONC Plant,HONC-FE-FHA-HS-105,S.le@siamcitycement.com,honc,vn,hydrant
"Tầng trệt, bên trong cửa chính vào CCR.",,,HS,HONC Plant,HONC-FE-FHB-HS-13,S.le@siamcitycement.com,honc,vn,hydrant
Villa 3,,,Admin,Housing Estate,HONC-FE-FHB-HE-03,S.le@siamcitycement.com,honc,vn,hydrant
Block B 4,,,Admin,Housing Estate,HONC-FE-FHB-HE-13,S.le@siamcitycement.com,honc,vn,hydrant
Terrace House 1,,,Admin,Housing Estate,HONC-FE-FHB-HE-21,S.le@siamcitycement.com,honc,vn,hydrant
 Cạnh băng tải J51 - BC6 ngang cổng chính bảo vệ,,,HS,HONC Plant,HONC-FE-FHA-HS-11,S.le@siamcitycement.com,honc,vn,hydrant
 Tầng trệt-Trụ bên trái cửa phòng điện,,,HS,HONC Plant,HONC-FE-FHA-HS-18,S.le@siamcitycement.com,honc,vn,hydrant
 Đối diện kho hóa chất lỏng,,,HS,HONC Plant,HONC-FE-FHA-HS-32,S.le@siamcitycement.com,honc,vn,hydrant
 Nhà vòm than bên trong hướng Nam,,,HS,HONC Plant,HONC-FE-FHA-HS-100,S.le@siamcitycement.com,honc,vn,hydrant
 Họng số 5 (Dọc băng tải sicon ATS),,,HS,HONC Plant,HONC-FE-FHA-HS-109,S.le@siamcitycement.com,honc,vn,hydrant
Cửa sau phòng ăn VIP,,,HS,HONC Plant,HONC-FE-FHB-HS-02,S.le@siamcitycement.com,honc,vn,hydrant
"Cửa thoát hiểm số 1 đến khu
tập trung khẩn cấp khu vực hành chính",,,HS,HONC Plant,HONC-FE-FHB-HS-06,S.le@siamcitycement.com,honc,vn,hydrant
Block A 2,,,Admin,Housing Estate,HONC-FE-FHB-HE-09,S.le@siamcitycement.com,honc,vn,hydrant
Block C 1,,,Admin,Housing Estate,HONC-FE-FHB-HE-15,S.le@siamcitycement.com,honc,vn,hydrant
 Trước Trạm Y tế,,,HS,HONC Plant,HONC-FE-FH-HS-02,S.le@siamcitycement.com,honc,vn,hydrant
 Băng tải cảng_Cột số 25,,,HS,HONC Plant,HONC-FE-FHA-HS-07,S.le@siamcitycement.com,honc,vn,hydrant
Trạm điện trước nhà máy điện,,,HS,HONC Plant,HONC-FE-FHA-HS-34,S.le@siamcitycement.com,honc,vn,hydrant
 Bên cạnh Máy nghiền Xi măng hướng Bắc,,,HS,HONC Plant,HONC-FE-FHA-HS-37,S.le@siamcitycement.com,honc,vn,hydrant
" Giữa nhà vòm đá vôi hướng Bắc, Trụ số 2",,,HS,HONC Plant,HONC-FE-FHA-HS-58,S.le@siamcitycement.com,honc,vn,hydrant
 Cuối kho CTKNH 1,,,HS,HONC Plant,HONC-FE-FHA-HS-70,S.le@siamcitycement.com,honc,vn,hydrant
 Tầng 2 máy nghiền than ( Trụ số 1 ),,,HS,HONC Plant,HONC-FE-FHA-HS-84,S.le@siamcitycement.com,honc,vn,hydrant
 Tầng 3 máy nghiền than ( Trụ số 3 ),,,HS,HONC Plant,HONC-FE-FHA-HS-88,S.le@siamcitycement.com,honc,vn,hydrant
Tầng 2 bên trong xưởng cơ khí chính,,,HS,HONC Plant,HONC-FE-FHB-HS-12,S.le@siamcitycement.com,honc,vn,hydrant
Tầng 1 khu vực CCR,,,HS,HONC Plant,HONC-FE-FHB-HS-14,S.le@siamcitycement.com,honc,vn,hydrant
Villa 1,,,Admin,Housing Estate,HONC-FE-FH-HE-01,S.le@siamcitycement.com,honc,vn,hydrant
Block C 12,,,Admin,Housing Estate,HONC-FE-FHB-HE-16,S.le@siamcitycement.com,honc,vn,hydrant
 Cuối thềm cảng_Cột số 3,,,HS,HONC Plant,HONC-FE-FHA-HS-01,S.le@siamcitycement.com,honc,vn,hydrant
Tầng 1-Trụ bên phải đầu cầu thang,,,HS,HONC Plant,HONC-FE-FHA-HS-21,S.le@siamcitycement.com,honc,vn,hydrant
 Bên trong kho rửa phi,,,HS,HONC Plant,HONC-FE-FHA-HS-48,S.le@siamcitycement.com,honc,vn,hydrant
 Nhà vòm than bên trong hướng Nam,,,HS,HONC Plant,HONC-FE-FHA-HS-56,S.le@siamcitycement.com,honc,vn,hydrant
 Nhà vòm than bên trong hướng Nam,,,HS,HONC Plant,HONC-FE-FHA-HS-99,S.le@siamcitycement.com,honc,vn,hydrant
 Nhà vòm than bên trong hướng Bắc,,,HS,HONC Plant,HONC-FE-FHA-HS-103,S.le@siamcitycement.com,honc,vn,hydrant
 Họng số 6 (Dọc băng tải sicon ATS),,,HS,HONC Plant,HONC-FE-FHA-HS-110,S.le@siamcitycement.com,honc,vn,hydrant
"Chân Silo Xi măng số 3, nhà máy đóng bao",,,HS,HONC Plant,HONC-FE-FHB-HS-18,S.le@siamcitycement.com,honc,vn,hydrant
T 3,,,Admin,Housing Estate,HONC-FE-FHA-HE-08,S.le@siamcitycement.com,honc,vn,hydrant
Trạm điện,,,Admin,Housing Estate,HONC-FE-FHA-HE-12,S.le@siamcitycement.com,honc,vn,hydrant
Block A8,,,Admin,Housing Estate,HONC-FE-FHB-HE-12,S.le@siamcitycement.com,honc,vn,hydrant
Terrace House 3,,,Admin,Housing Estate,HONC-FE-FHB-HE-18,S.le@siamcitycement.com,honc,vn,hydrant
Terrace House 3,,,Admin,Housing Estate,HONC-FE-FHB-HE-19,S.le@siamcitycement.com,honc,vn,hydrant
 Xưởng cơ khí mỏ Hướng Bắc,,,HS,HONC Plant,HONC-FE-FH-HS-05,S.le@siamcitycement.com,honc,vn,hydrant
 Tầng 2-Trụ bên phải đầu cầu thang,,,HS,HONC Plant,HONC-FE-FHA-HS-23,S.le@siamcitycement.com,honc,vn,hydrant
 Phía trước bên trái kho hóa chất lỏng,,,HS,HONC Plant,HONC-FE-FHA-HS-31,S.le@siamcitycement.com,honc,vn,hydrant
 Phía sau Nhà cấp liệu cho Máy nghiền bột sống,,,HS,HONC Plant,HONC-FE-FHA-HS-43,S.le@siamcitycement.com,honc,vn,hydrant
 Đầu xưởng cơ khí ECO,,,HS,HONC Plant,HONC-FE-FHA-HS-76,S.le@siamcitycement.com,honc,vn,hydrant
 Phía đông Pallettizer 2,,,HS,HONC Plant,HONC-FE-FHA-HS-81,S.le@siamcitycement.com,honc,vn,hydrant
 Họng số 3 (Dọc băng tải sicon ATS),,,HS,HONC Plant,HONC-FE-FHA-HS-107,S.le@siamcitycement.com,honc,vn,hydrant
 Họng số 4 (Dọc băng tải sicon ATS),,,HS,HONC Plant,HONC-FE-FHA-HS-108,S.le@siamcitycement.com,honc,vn,hydrant
Bên trong phía nam kho Pallettizer 1,,,HS,HONC Plant,HONC-FE-FHB-HS-20,S.le@siamcitycement.com,honc,vn,hydrant
Bên trong phía nam kho Pallettizer 2 ( số 2 ),,,HS,HONC Plant,HONC-FE-FHB-HS-27,S.le@siamcitycement.com,honc,vn,hydrant
Phòng hành chính,,,Admin,Housing Estate,HONC-FE-FH-HE-13,S.le@siamcitycement.com,honc,vn,hydrant
 Trước CCR,,,HS,HONC Plant,HONC-FE-FHA-HS-12,S.le@siamcitycement.com,honc,vn,hydrant
 Tầng 2-Trụ bên trái cầu thang( cửa phòng điện ),,,HS,HONC Plant,HONC-FE-FHA-HS-24,S.le@siamcitycement.com,honc,vn,hydrant
 Bên trong trạm điện 110KV,,,HS,HONC Plant,HONC-FE-FHA-HS-36,S.le@siamcitycement.com,honc,vn,hydrant
 Sau Đuôi lò_khu làm nguội Clinker,,,HS,HONC Plant,HONC-FE-FHA-HS-38,S.le@siamcitycement.com,honc,vn,hydrant
 Bên phải kho ATS,,,HS,HONC Plant,HONC-FE-FHA-HS-50,S.le@siamcitycement.com,honc,vn,hydrant
 Trước Kho CTKNH 1 ( Trụ số 2 ),,,HS,HONC Plant,HONC-FE-FHA-HS-71,S.le@siamcitycement.com,honc,vn,hydrant
 Đầu kho CTKNH1 ( trụ số 2 ),,,HS,HONC Plant,HONC-FE-FHA-HS-74,S.le@siamcitycement.com,honc,vn,hydrant
 Đầu xưởng cơ khí ECO phía trong,,,HS,HONC Plant,HONC-FE-FHA-HS-75,S.le@siamcitycement.com,honc,vn,hydrant
 Tầng 1 máy nghiền than,,,HS,HONC Plant,HONC-FE-FHA-HS-83,S.le@siamcitycement.com,honc,vn,hydrant
 Tầng 3 máy nghiền than ( Trụ số 1 ),,,HS,HONC Plant,HONC-FE-FHA-HS-86,S.le@siamcitycement.com,honc,vn,hydrant
 Silo Kho cấp trấu lò nung,,,HS,HONC Plant,HONC-FE-FHA-HS-96,S.le@siamcitycement.com,honc,vn,hydrant
Bên trong phía đông kho Pallettizer 1,,,HS,HONC Plant,HONC-FE-FHB-HS-24,S.le@siamcitycement.com,honc,vn,hydrant
T 2,,,Admin,Housing Estate,HONC-FE-FHA-HE-10,S.le@siamcitycement.com,honc,vn,hydrant
Villa 5,,,Admin,Housing Estate,HONC-FE-FHB-HE-05,S.le@siamcitycement.com,honc,vn,hydrant
Villa 6,,,Admin,Housing Estate,HONC-FE-FHB-HE-06,S.le@siamcitycement.com,honc,vn,hydrant
 Góc phía tây kho CTNH rắn,,,HS,HONC Plant,HONC-FE-FHA-HS-46,S.le@siamcitycement.com,honc,vn,hydrant
 Phía trước kho tiền xử lý CTNH,,,HS,HONC Plant,HONC-FE-FHA-HS-47,S.le@siamcitycement.com,honc,vn,hydrant
 Giữa nhà vòm đá vôi bên ngoài hướng Nam,,,HS,HONC Plant,HONC-FE-FHA-HS-60,S.le@siamcitycement.com,honc,vn,hydrant
 Phía tây Pallettizer 1,,,HS,HONC Plant,HONC-FE-FHA-HS-63,S.le@siamcitycement.com,honc,vn,hydrant
 Tầng 2 máy nghiền than ( Trụ số 2 ),,,HS,HONC Plant,HONC-FE-FHA-HS-85,S.le@siamcitycement.com,honc,vn,hydrant
 Nhà vòm than bên trong hướng Bắc,,,HS,HONC Plant,HONC-FE-FHA-HS-101,S.le@siamcitycement.com,honc,vn,hydrant
Cửa sau nhà bếp hướng Tây,,,HS,HONC Plant,HONC-FE-FHB-HS-01,S.le@siamcitycement.com,honc,vn,hydrant
"Chân Silo Xi măng số 4, nhà máy đóng bao",,,HS,HONC Plant,HONC-FE-FHB-HS-19,S.le@siamcitycement.com,honc,vn,hydrant
Bên trong phía đông kho Pallettizer 2,,,HS,HONC Plant,HONC-FE-FHB-HS-31,S.le@siamcitycement.com,honc,vn,hydrant
Villa 2,,,Admin,Housing Estate,HONC-FE-FH-HE-02,S.le@siamcitycement.com,honc,vn,hydrant
Villa 8,,,Admin,Housing Estate,HONC-FE-FHB-HE-08,S.le@siamcitycement.com,honc,vn,hydrant
Terrace House 3,,,Admin,Housing Estate,HONC-FE-FHB-HE-17,S.le@siamcitycement.com,honc,vn,hydrant
Terrace House 2,,,Admin,Housing Estate,HONC-FE-FHB-HE-26,S.le@siamcitycement.com,honc,vn,hydrant
 Băng tải cảng_Cột số 55_Bên cạnh tỉnh lộ 11,,,HS,HONC Plant,HONC-FE-FHA-HS-09,S.le@siamcitycement.com,honc,vn,hydrant
 Dưới đường băng tải_Gần bồn dầu nhẹ,,,HS,HONC Plant,HONC-FE-FHA-HS-28,S.le@siamcitycement.com,honc,vn,hydrant
 Đối diện Máy nghiền than hướng Nam,,,HS,HONC Plant,HONC-FE-FHA-HS-42,S.le@siamcitycement.com,honc,vn,hydrant
 Tầng 4 máy nghiền than,,,HS,HONC Plant,HONC-FE-FHA-HS-89,S.le@siamcitycement.com,honc,vn,hydrant
 Sau Xưởng cơ khí chính-số 2,,,HS,HONC Plant,HONC-FE-FHA-HS-91,S.le@siamcitycement.com,honc,vn,hydrant
Tầng 2 Tháp tiền nung (sàn đầu lò),,,HS,HONC Plant,HONC-FE-FHB-HS-15,S.le@siamcitycement.com,honc,vn,hydrant
Block B 10,,,Admin,Housing Estate,HONC-FE-FHB-HE-14,S.le@siamcitycement.com,honc,vn,hydrant
Terrace House 2,,,Admin,Housing Estate,HONC-FE-FHB-HE-25,S.le@siamcitycement.com,honc,vn,hydrant
 Đầu nhà vòm đá vôi hướng Tây,,,HS,HONC Plant,HONC-FE-FHA-HS-51,S.le@siamcitycement.com,honc,vn,hydrant
 Dưới đường băng tải từ cối đá đến PGNAA,,,HS,HONC Plant,HONC-FE-FHA-HS-66,S.le@siamcitycement.com,honc,vn,hydrant
Cửa vào Trạm y tế (bên trái),,,HS,HONC Plant,HONC-FE-FHB-HS-05,S.le@siamcitycement.com,honc,vn,hydrant
Bên trong phía bắc kho Pallettizer 1 ( số 2),,,HS,HONC Plant,HONC-FE-FHB-HS-23,S.le@siamcitycement.com,honc,vn,hydrant
Bên trong phía bắc kho Pallettizer 2 ( số 2),,,HS,HONC Plant,HONC-FE-FHB-HS-30,S.le@siamcitycement.com,honc,vn,hydrant
 Giữa cầu dẫn ra cảng,,,HS,HONC Plant,HONC-FE-FHA-HS-03,S.le@siamcitycement.com,honc,vn,hydrant
 Băng tải cảng_Cột số 48,,,HS,HONC Plant,HONC-FE-FHA-HS-08,S.le@siamcitycement.com,honc,vn,hydrant
 Băng tải cảng_Cột số 65,,,HS,HONC Plant,HONC-FE-FHA-HS-10,S.le@siamcitycement.com,honc,vn,hydrant
 Phía sau kho URE,,,HS,HONC Plant,HONC-FE-FHA-HS-44,S.le@siamcitycement.com,honc,vn,hydrant
 Cuối nhà vòm đá vôi hướng Bắc,,,HS,HONC Plant,HONC-FE-FHA-HS-59,S.le@siamcitycement.com,honc,vn,hydrant
 Sau Xưởng cơ khí chính-số1,,,HS,HONC Plant,HONC-FE-FHA-HS-90,S.le@siamcitycement.com,honc,vn,hydrant
Bên trong phía bắc kho Pallettizer 2 ( số 1),,,HS,HONC Plant,HONC-FE-FHB-HS-29,S.le@siamcitycement.com,honc,vn,hydrant
Block A 1,,,Admin,Housing Estate,HONC-FE-FH-HE-03,S.le@siamcitycement.com,honc,vn,hydrant
Villa 1,,,Admin,Housing Estate,HONC-FE-FHB-HE-01,S.le@siamcitycement.com,honc,vn,hydrant
Villa 7,,,Admin,Housing Estate,HONC-FE-FHB-HE-07,S.le@siamcitycement.com,honc,vn,hydrant
Terrace House 2,,,Admin,Housing Estate,HONC-FE-FHB-HE-24,S.le@siamcitycement.com,honc,vn,hydrant
Kho chất thải lỏng nguy hại,,,Kho chất thải lỏng nguy hại,Liquid Store,HONC-FE-Foarm3,thao.duong@siamcitycement.com,honc,vn,foam
Kho chứa Oxy,,,Kho chứa Oxy,Oxy Storage,HONC-FE-Foarm6,thao.duong@siamcitycement.com,honc,vn,foam
Trạm điện 110kv,,,Trạm điện 110kv,National power grid station 110kV,HONC-FE-Foarm7,thao.duong@siamcitycement.com,honc,vn,foam
Kho chất thải rắn nguy hại,,,Kho chất thải rắn nguy hại,ECO SW Storagse 1,HONC-FE-Foarm1,thao.duong@siamcitycement.com,honc,vn,foam
Bồn dầu DO,,,Bồn dầu DO,DO tank,HONC-FE-Foarm5,thao.duong@siamcitycement.com,honc,vn,foam
Mutiflex tầng 4,,,Mutiflex tầng 4,Mutiflex tầng 4,HONC-FE-Foarm8,thao.duong@siamcitycement.com,honc,vn,foam
"Kho ATS
",,,"Kho ATS
",ECO ATS Storagse,HONC-FE-Foarm4,thao.duong@siamcitycement.com,honc,vn,foam
Kho chất thải rắn nguy hại,,,Kho chất thải rắn nguy hại,ECO SW Storagse 2,HONC-FE-Foarm2,thao.duong@siamcitycement.com,honc,vn,foam
Xe chữa cháy,,,Xe chữa cháy,Fire truck,HONC-FE-2440-I11-432,thao.duong@siamcitycement.com,honc,vn,foam
F12.Eco,,,,,HO-FAbox-01,Vn-OHS@siamcitycement.com,ho,vn,firstaidbox
F12.Com,,,,,HO-FAbox-02,Vn-OHS@siamcitycement.com,ho,vn,firstaidbox
F14.HR,,,,,HO-FAbox-03,Vn-OHS@siamcitycement.com,ho,vn,firstaidbox
Khu vực xuất Nguyên Liệu Cảng Sông,,,,,HONC-HOPPER-RM-SCN-01,trang.le@siamcitycement.com,honc,vn,slope
Limestone Crusher,,,,,HONC-HOPPER-LIMESTONE-QUARRY-01,thang.trieu@siamcitycement.com,honc,vn,slope
Mỏ Sét,,,,,HONC-HOPPER-SAND-QUARRY-02,thang.trieu@siamcitycement.com,honc,vn,slope
Đống đá vôi chất lượng cao,,,,,HONC-HOPPER-HGL-PRO-01,thai.truong@siamcitycement.com,honc,vn,slope
Trong kho than,,,,,HONC-HOPPER-COAL-IN-PRO-02,thai.truong@siamcitycement.com,honc,vn,slope
Ngoài kho than,,,,,HONC-HOPPER-COAL-OUT-PRO-03,thai.truong@siamcitycement.com,honc,vn,slope
Kho đá đỏ,,,,,HONC-HOPPER-LATERITE-PRO-04,thai.truong@siamcitycement.com,honc,vn,slope
Silo Clinker,,,,,HONC-HOPPER-CLINKER-PRO-05,thai.truong@siamcitycement.com,honc,vn,slope
Clinker Dome,,,,,HONC-HOPPER-CLINKER-DOME-PRO-06,thai.truong@siamcitycement.com,honc,vn,slope
Cement Mill,,,,,HONC-HOPPER-CEMENT-MILL-PRO-07,thai.truong@siamcitycement.com,honc,vn,slope
Mỏ Bãi Voi,,,,,HONC-SLOPE-BV-QUARRY,thang.van.pham@siamcitycement.com,honc,vn,slope
Mỏ Khoe Lá,,,,,HONC-SLOPE-KL-QUARRY,thang.van.pham@siamcitycement.com,honc,vn,slope
Mỏ sét Bình Trị,,,,,HONC-SLOPE-BT-CLAYPIT,thang.van.pham@siamcitycement.com,honc,vn,slope
"Đường khu vực kho than, kho liệu về Quarry WS",,,,,HONC-ROAD-QUARRY-01,nguyen.truong@siamcitycement.com,honc,vn,slope
"Cây Xoài, Bãi Voi và Khoe Lá",,,,,HONC-ROAD-QUARRY-02,nguyen.truong@siamcitycement.com,honc,vn,slope
Toàn bộ đường nội bộ khu vực RMP & Clinker.,,,,,HONC-ROAD-PRODUCTION-01,nguyen.truong@siamcitycement.com,honc,vn,slope
ra tới cảng Bình Trị,,,,,HONC-ROAD-PRODUCTION-02,nguyen.truong@siamcitycement.com,honc,vn,slope
thuộc khu vực nghiền xi măng & Đóng bao,,,,,HONC-ROAD-PRODUCTION-03,nguyen.truong@siamcitycement.com,honc,vn,slope
xuống văn phòng Geocycle,,,,,HONC-ROAD-ECO-01,nguyen.truong@siamcitycement.com,honc,vn,slope
Khu vực kho rắn và bồn dầu DO,,,,,HONC-ROAD-ECO-02,nguyen.truong@siamcitycement.com,honc,vn,slope
"bãi nhập/ xuất vật liệu, khu vực cầu cân",,,,,HONC-ROAD-SCN-01,nguyen.truong@siamcitycement.com,honc,vn,slope
khu nhà nghỉ Housing,,,,,HONC-ROAD-ADMIN-01,nguyen.truong@siamcitycement.com,honc,vn,slope
khu vực xưởng chính,,,,,HONC-ROAD-MM-01,nguyen.truong@siamcitycement.com,honc,vn,slope
từ cầu cân qua cổng phụ ra TL 11.,,,,,HONC-ROAD-PM-01,nguyen.truong@siamcitycement.com,honc,vn,slope
tới Nhà máy điện và xung quanh Nhà máy Điện,,,,,HONC-ROAD-EM-01,nguyen.truong@siamcitycement.com,honc,vn,slope
từ cổng chính tới TL 11,,,,,HONC-ROAD-WH-01,nguyen.truong@siamcitycement.com,honc,vn,slope
Office,,,Floor 12,,HO-FE1,Vn-OHS@siamcitycement.com,ho,vn,extinguisher
Office,,,Floor 12,,HO-FE2,Vn-OHS@siamcitycement.com,ho,vn,extinguisher
Office,,,Floor 12,,HO-FE3,Vn-OHS@siamcitycement.com,ho,vn,extinguisher
Office,,,Floor 12,,HO-FE4,Vn-OHS@siamcitycement.com,ho,vn,extinguisher
Office,,,Floor 12,,HO-FE5,Vn-OHS@siamcitycement.com,ho,vn,extinguisher
Office,,,Floor 12,,HO-FE6,Vn-OHS@siamcitycement.com,ho,vn,extinguisher
Office,,,Floor 12,,HO-FE7,Vn-OHS@siamcitycement.com,ho,vn,extinguisher
Office,,,Floor 12,,HO-FE8,Vn-OHS@siamcitycement.com,ho,vn,extinguisher
Office,,,Floor 12,,HO-FE9,Vn-OHS@siamcitycement.com,ho,vn,extinguisher
Office,,,Floor 12,,HO-FE10,Vn-OHS@siamcitycement.com,ho,vn,extinguisher
Office,,,Floor 12,,HO-FE11,Vn-OHS@siamcitycement.com,ho,vn,extinguisher
Office,,,Floor 12,,HO-FE12,Vn-OHS@siamcitycement.com,ho,vn,extinguisher
Office,,,Floor 12,,HO-FE13,Vn-OHS@siamcitycement.com,ho,vn,extinguisher
Office,,,Floor 12,,HO-FE14,Vn-OHS@siamcitycement.com,ho,vn,extinguisher
Office,,,Floor 12,,HO-FE15,Vn-OHS@siamcitycement.com,ho,vn,extinguisher
Office,,,Floor 12,,HO-FE16,Vn-OHS@siamcitycement.com,ho,vn,extinguisher
Office,,,Floor 12,,HO-FE17,Vn-OHS@siamcitycement.com,ho,vn,extinguisher
Office,,,Floor 12,,HO-FE18,Vn-OHS@siamcitycement.com,ho,vn,extinguisher
Office,,,Floor 14,,HO-FE19,Vn-OHS@siamcitycement.com,ho,vn,extinguisher
Office,,,Floor 14,,HO-FE20,Vn-OHS@siamcitycement.com,ho,vn,extinguisher
Office,,,Floor 14,,HO-FE21,Vn-OHS@siamcitycement.com,ho,vn,extinguisher
Office,,,Floor 14,,HO-FE22,Vn-OHS@siamcitycement.com,ho,vn,extinguisher
Office,,,Floor 14,,HO-FE23,Vn-OHS@siamcitycement.com,ho,vn,extinguisher
Office,,,Floor 14,,HO-FE24,Vn-OHS@siamcitycement.com,ho,vn,extinguisher
Office,,,Floor 14,,HO-FE25,Vn-OHS@siamcitycement.com,ho,vn,extinguisher
Office,,,Floor 14,,HO-FE26,Vn-OHS@siamcitycement.com,ho,vn,extinguisher
Đống Clinker trong nhà,,,,,HONC-STOCKPILE-CLINKER-IND,,honc,vn,stock
Đống 4_đá OPC,,,,,HONC-STOCKPILE-4-OPC,,honc,vn,stock
Đống Đá Đỏ,,,,,HONC-STOCKPILE-LATERITE,,honc,vn,stock
Đống bãi trữ Cây Xoài,,,,,HONC-STOCKPILE-CX-LIMESTONE,,honc,vn,stock
Đống đá sàng rung,,,,,HONC-STOCKPILE-SCREEN-OPC,,honc,vn,stock
Đống Clinker trong ngoài nhà,,,,,HONC-STOCKPILE-CLINKER-OUTD,,honc,vn,stock
Đống Slag,,,,,HONC-STOCKPILE-SLAG,,honc,vn,stock
Đống NIX khu Cây Xoài,,,,,HONC-STOCKPILE-NIX-CX,,honc,vn,stock
Đống 1-2,,,,,HONC-STOCKPILE-1-2-LIMESTONE-CLAY,,honc,vn,stock
Đống 3_đá HGLS,,,,,HONC-STOCKPILE-3-HGLS,,honc,vn,stock
Đống Thạch cao,,,,,HONC-STOCKPILE-GYPSUM,,honc,vn,stock
Đống đá Puzzolane,,,,,HONC-STOCKPILE-PUZZOLANA,,honc,vn,stock
Đống than trong nhà,,,,,HONC-STOCKPILE-COAL-IND,,honc,vn,stock
Đống than ngoài trời,,,,,HONC-STOCKPILE-COAL-OUTD,,honc,vn,stock
Đống Laterite khu Mỏ Sét,,,,,HONC-STOCKPILE-LATERITE-CLAYPIT,,honc,vn,stock
SOCT Warehouse,,,Supply Chain,,CANT-FES-SOCT-01,cuong.phu.chu@siamcitycement.com,cant,vn,extinguisher
SOCT Warehouse,,,Supply Chain,,CANT-FES-SOCT-02,cuong.phu.chu@siamcitycement.com,cant,vn,extinguisher
SOCT Warehouse,,,Supply Chain,,CANT-FES-SOCT-04,cuong.phu.chu@siamcitycement.com,cant,vn,extinguisher
CANT Warehouse,,,Supply Chain,,CANT-FES-CANT-01,trang.hong.le@siamcitycement.com,cant,vn,extinguisher
SOCT Warehouse,,,Supply Chain,,CANT-FES-SOCT-03,cuong.phu.chu@siamcitycement.com,cant,vn,extinguisher
Khu nhà căn tin,,,HS,-,HIEP-FH-HS-01,hung.le@siamcitycement.com,hiep,vn,hydrant
Khu nhà căn tin,,,HS,-,HIEP-FH-HS-02,hung.le@siamcitycement.com,hiep,vn,hydrant
Khu nhà căn tin,,,HS,-,HIEP-FH-HS-03,hung.le@siamcitycement.com,hiep,vn,hydrant
Khu nhà hành chính,,,HS,-,HIEP-FH-HS-04,hung.le@siamcitycement.com,hiep,vn,hydrant
Khu nhà hành chính,,,HS,-,HIEP-FH-HS-05,hung.le@siamcitycement.com,hiep,vn,hydrant
Kho bao cũ,,,HS,-,HIEP-FH-HS-06,hung.le@siamcitycement.com,hiep,vn,hydrant
Trạm điện 22 KV,,,HS,-,HIEP-FH-HS-07,hung.le@siamcitycement.com,hiep,vn,hydrant
Trạm điện 22 KV,,,HS,-,HIEP-FH-HS-08,hung.le@siamcitycement.com,hiep,vn,hydrant
CCR,,,HS,-,HIEP-FH-HS-09,hung.le@siamcitycement.com,hiep,vn,hydrant
Phòng Lab,,,HS,-,HIEP-FH-HS-10,hung.le@siamcitycement.com,hiep,vn,hydrant
Xưởng cơ khí,,,HS,-,HIEP-FH-HS-11,hung.le@siamcitycement.com,hiep,vn,hydrant
Kho dầu,,,HS,-,HIEP-FH-HS-12,hung.le@siamcitycement.com,hiep,vn,hydrant
Kho dầu,,,HS,-,HIEP-FH-HS-13,hung.le@siamcitycement.com,hiep,vn,hydrant
Băng tải ngang từ cảng nhập liệu lên,,,HS,-,HIEP-FH-HS-14,hung.le@siamcitycement.com,hiep,vn,hydrant
Băng tải ngang từ cảng nhập liệu lên,,,HS,-,HIEP-FH-HS-15,hung.le@siamcitycement.com,hiep,vn,hydrant
Phòng cấp nước,,,HS,-,HIEP-FH-HS-16,hung.le@siamcitycement.com,hiep,vn,hydrant
Tường rào,,,HS,-,HIEP-FH-HS-17,hung.le@siamcitycement.com,hiep,vn,hydrant
Tường rào,,,HS,-,HIEP-FH-HS-18,hung.le@siamcitycement.com,hiep,vn,hydrant
Tường rào,,,HS,-,HIEP-FH-HS-19,hung.le@siamcitycement.com,hiep,vn,hydrant
Tường rào,,,HS,-,HIEP-FH-HS-20,hung.le@siamcitycement.com,hiep,vn,hydrant
Khu xuất bao,,,HS,-,HIEP-FH-HS-21,hung.le@siamcitycement.com,hiep,vn,hydrant
Kho bao line 2,,,HS,-,HIEP-FH-HS-22,hung.le@siamcitycement.com,hiep,vn,hydrant
Nhà nghiền line 2,,,HS,-,HIEP-FH-HS-23,hung.le@siamcitycement.com,hiep,vn,hydrant
Giữa 2 silo clinker,,,HS,-,HIEP-FH-HS-24,hung.le@siamcitycement.com,hiep,vn,hydrant
Cảng Jetty,,,HS,-,HIEP-FH-HS-25,hung.le@siamcitycement.com,hiep,vn,hydrant
Cảng xuất xi măng bao,,,HS,-,HIEP-FH-HS-26,hung.le@siamcitycement.com,hiep,vn,hydrant
Kho Slag,,,HS,-,HIEP-FH-HS-27,hung.le@siamcitycement.com,hiep,vn,hydrant
Tiền nghiền tầng 2 line 1,,,,,HIEP-HS-FE-67,hung.le@siamcitycement.com,hiep,vn,extinguisher
Tiền nghiền tầng 2 line 2,,,,,HIEP-HS-FE-68,hung.le@siamcitycement.com,hiep,vn,extinguisher
Cổng bảo vệ,,,,,HIEP-HS-FE-01,hung.le@siamcitycement.com,hiep,vn,extinguisher
Nhà xe Honda,,,,,HIEP-HS-FE-02,hung.le@siamcitycement.com,hiep,vn,extinguisher
Canteen,,,,,HIEP-HS-FE-03,hung.le@siamcitycement.com,hiep,vn,extinguisher
Canteen,,,,,HIEP-HS-FE-04,hung.le@siamcitycement.com,hiep,vn,extinguisher
Khu nhà hành chính,,,,,HIEP-HS-FE-05,hung.le@siamcitycement.com,hiep,vn,extinguisher
Khu nhà hành chính,,,,,HIEP-HS-FE-06,hung.le@siamcitycement.com,hiep,vn,extinguisher
Khu nhà hành chính,,,,,HIEP-HS-FE-07,hung.le@siamcitycement.com,hiep,vn,extinguisher
Khu nhà hành chính,,,,,HIEP-HS-FE-08,hung.le@siamcitycement.com,hiep,vn,extinguisher
Kho bao cũ,,,,,HIEP-HS-FE-09,hung.le@siamcitycement.com,hiep,vn,extinguisher
Trạm Recloser,,,,,HIEP-HS-FE-10,hung.le@siamcitycement.com,hiep,vn,extinguisher
Trạm điện 22 KV,,,,,HIEP-HS-FE-11,hung.le@siamcitycement.com,hiep,vn,extinguisher
Trạm điện 22 KV,,,,,HIEP-HS-FE-12,hung.le@siamcitycement.com,hiep,vn,extinguisher
Phòng Automation,,,,,HIEP-HS-FE-13,hung.le@siamcitycement.com,hiep,vn,extinguisher
Phòng Lab,,,,,HIEP-HS-FE-14,hung.le@siamcitycement.com,hiep,vn,extinguisher
Workshop,,,,,HIEP-HS-FE-15,hung.le@siamcitycement.com,hiep,vn,extinguisher
Kho số 3,,,,,HIEP-HS-FE-16,hung.le@siamcitycement.com,hiep,vn,extinguisher
Kho số 4,,,,,HIEP-HS-FE-17,hung.le@siamcitycement.com,hiep,vn,extinguisher
Kho số 5,,,,,HIEP-HS-FE-18,hung.le@siamcitycement.com,hiep,vn,extinguisher
Kho dầu,,,,,HIEP-HS-FE-19,hung.le@siamcitycement.com,hiep,vn,extinguisher
Kho cơ khí (văn phòng),,,,,HIEP-HS-FE-20,hung.le@siamcitycement.com,hiep,vn,extinguisher
Kho số 6,,,,,HIEP-HS-FE-21,hung.le@siamcitycement.com,hiep,vn,extinguisher
Phòng bảo vệ cảng,,,,,HIEP-HS-FE-22,hung.le@siamcitycement.com,hiep,vn,extinguisher
Kho phía sau kho chất thải nguy hại,,,,,HIEP-HS-FE-23,hung.le@siamcitycement.com,hiep,vn,extinguisher
Kho chất thải nguy hại,,,,,HIEP-HS-FE-24,hung.le@siamcitycement.com,hiep,vn,extinguisher
Kho chất thải nguy hại,,,,,HIEP-HS-FE-25,hung.le@siamcitycement.com,hiep,vn,extinguisher
Kho chất thải nguy hại,,,,,HIEP-HS-FE-26,hung.le@siamcitycement.com,hiep,vn,extinguisher
Kho chất thải nguy hại,,,,,HIEP-HS-FE-27,hung.le@siamcitycement.com,hiep,vn,extinguisher
Kho thạch cao,,,,,HIEP-HS-FE-28,hung.le@siamcitycement.com,hiep,vn,extinguisher
Kho bao line 1,,,,,HIEP-HS-FE-29,hung.le@siamcitycement.com,hiep,vn,extinguisher
Kho bao line 2,,,,,HIEP-HS-FE-30,hung.le@siamcitycement.com,hiep,vn,extinguisher
Khu vực đóng bao tầng trệt line 2,,,,,HIEP-HS-FE-31,hung.le@siamcitycement.com,hiep,vn,extinguisher
Khu vực đóng bao tầng 1 line 2,,,,,HIEP-HS-FE-32,hung.le@siamcitycement.com,hiep,vn,extinguisher
Khu vực đóng bao tầng 2 line 2,,,,,HIEP-HS-FE-33,hung.le@siamcitycement.com,hiep,vn,extinguisher
Tiền nghiền tầng 4 line 2,,,,,HIEP-HS-FE-34,hung.le@siamcitycement.com,hiep,vn,extinguisher
Khu vực đóng bao trệt 1 line 1,,,,,HIEP-HS-FE-35,hung.le@siamcitycement.com,hiep,vn,extinguisher
Khu vực đóng bao tầng 1 line 1,,,,,HIEP-HS-FE-36,hung.le@siamcitycement.com,hiep,vn,extinguisher
Khu vực đóng bao tầng 2 line 1,,,,,HIEP-HS-FE-37,hung.le@siamcitycement.com,hiep,vn,extinguisher
Khu vực đóng bao tầng 3 line 1,,,,,HIEP-HS-FE-38,hung.le@siamcitycement.com,hiep,vn,extinguisher
Tiền nghiền tầng 4 line 1,,,,,HIEP-HS-FE-39,hung.le@siamcitycement.com,hiep,vn,extinguisher
Nhà nghiền line 1 tầng trệt,,,,,HIEP-HS-FE-40,hung.le@siamcitycement.com,hiep,vn,extinguisher
Nhà nghiền tầng 2 line 1,,,,,HIEP-HS-FE-41,hung.le@siamcitycement.com,hiep,vn,extinguisher
Nhà nghiền tầng 3 line 1,,,,,HIEP-HS-FE-42,hung.le@siamcitycement.com,hiep,vn,extinguisher
Tiền nghiền tầng trệt line 1,,,,,HIEP-HS-FE-43,hung.le@siamcitycement.com,hiep,vn,extinguisher
Tiền nghiền tầng 1 line 1,,,,,HIEP-HS-FE-44,hung.le@siamcitycement.com,hiep,vn,extinguisher
Tiền nghiền tầng 3 line 1,,,,,HIEP-HS-FE-45,hung.le@siamcitycement.com,hiep,vn,extinguisher
Trạm điện 5-1,,,,,HIEP-HS-FE-46,hung.le@siamcitycement.com,hiep,vn,extinguisher
Phòng máy nén khí,,,,,HIEP-HS-FE-47,hung.le@siamcitycement.com,hiep,vn,extinguisher
Tiền nghiền line 2 tầng trệt,,,,,HIEP-HS-FE-48,hung.le@siamcitycement.com,hiep,vn,extinguisher
Tiền nghiền tầng 1 line 2,,,,,HIEP-HS-FE-49,hung.le@siamcitycement.com,hiep,vn,extinguisher
Tiền nghiền tầng 3 line 2,,,,,HIEP-HS-FE-50,hung.le@siamcitycement.com,hiep,vn,extinguisher
Nhà nghiền tầng 1 line 2,,,,,HIEP-HS-FE-51,hung.le@siamcitycement.com,hiep,vn,extinguisher
Nhà nghiền tầng 2 line 2,,,,,HIEP-HS-FE-52,hung.le@siamcitycement.com,hiep,vn,extinguisher
Nhà nghiền tầng 3 line 2,,,,,HIEP-HS-FE-53,hung.le@siamcitycement.com,hiep,vn,extinguisher
Đáy clinker silo 1,,,,,HIEP-HS-FE-54,hung.le@siamcitycement.com,hiep,vn,extinguisher
Đáy clinker silo 2,,,,,HIEP-HS-FE-55,hung.le@siamcitycement.com,hiep,vn,extinguisher
Đính cememt silo,,,,,HIEP-HS-FE-56,hung.le@siamcitycement.com,hiep,vn,extinguisher
Trạm điện 661,,,,,HIEP-HS-FE-57,hung.le@siamcitycement.com,hiep,vn,extinguisher
Khu vực đóng bao tầng 3 line 2,,,,,HIEP-HS-FE-58,hung.le@siamcitycement.com,hiep,vn,extinguisher
Trạm máy phát điện,,,,,HIEP-HS-FE-59,hung.le@siamcitycement.com,hiep,vn,extinguisher
Trạm cân LOG,,,,,HIEP-HS-FE-60,hung.le@siamcitycement.com,hiep,vn,extinguisher
Trạm điện J51,,,,,HIEP-HS-FE-61,hung.le@siamcitycement.com,hiep,vn,extinguisher
Phòng training an toàn,,,,,HIEP-HS-FE-62,hung.le@siamcitycement.com,hiep,vn,extinguisher
Pantry,,,,,HIEP-HS-FE-63,hung.le@siamcitycement.com,hiep,vn,extinguisher
Xe đẩy Oxy-Ace,,,,,HIEP-HS-FE-64,hung.le@siamcitycement.com,hiep,vn,extinguisher
Xe đẩy Oxy-Ace,,,,,HIEP-HS-FE-65,hung.le@siamcitycement.com,hiep,vn,extinguisher
Xe đẩy Oxy-Ace,,,,,HIEP-HS-FE-66,hung.le@siamcitycement.com,hiep,vn,extinguisher
Tiền nghiền tầng 2 line 1,,,,,HIEP-HS-FE-67,hung.le@siamcitycement.com,hiep,vn,extinguisher
Tiền nghiền tầng 2 line 2,,,,,HIEP-HS-FE-68,hung.le@siamcitycement.com,hiep,vn,extinguisher
Trạm điện,,,H&S,,CATL-FEX_MNF_01,thuan.luu@siamcitycement.com,catl,vn,extinguisher
Cổng bảo vệ 001,,,H&S,,CATL-FEX_MNF_02,thuan.luu@siamcitycement.com,catl,vn,extinguisher
Cổng bảo vệ 002,,,H&S,,CATL-FEX_MNF_03,thuan.luu@siamcitycement.com,catl,vn,extinguisher
Bãi xe 001,,,H&S,,CATL-FEX_MNF_04,thuan.luu@siamcitycement.com,catl,vn,extinguisher
Bãi xe 002,,,H&S,,CATL-FEX_MNF_05,thuan.luu@siamcitycement.com,catl,vn,extinguisher
Bãi xe 003,,,H&S,,CATL-FEX_MNF_06,thuan.luu@siamcitycement.com,catl,vn,extinguisher
Canteen 001,,,H&S,,CATL-FEX_MNF_07,thuan.luu@siamcitycement.com,catl,vn,extinguisher
Canteen 002,,,H&S,,CATL-FEX_MNF_08,thuan.luu@siamcitycement.com,catl,vn,extinguisher
"Y tế, locker 001",,,H&S,,CATL-FEX_MNF_09,thuan.luu@siamcitycement.com,catl,vn,extinguisher
"Y tế, locker 002",,,H&S,,CATL-FEX_MNF_10,thuan.luu@siamcitycement.com,catl,vn,extinguisher
"Y tế, locker 003",,,H&S,,CATL-FEX_MNF_11,thuan.luu@siamcitycement.com,catl,vn,extinguisher
Admin Room 01,,,H&S,,CATL-FEX_MNF_12,thuan.luu@siamcitycement.com,catl,vn,extinguisher
Admin Room 02,,,H&S,,CATL-FEX_MNF_13,thuan.luu@siamcitycement.com,catl,vn,extinguisher
Admin Room 03,,,H&S,,CATL-FEX_MNF_14,thuan.luu@siamcitycement.com,catl,vn,extinguisher
Admin Room 04,,,H&S,,CATL-FEX_MNF_15,thuan.luu@siamcitycement.com,catl,vn,extinguisher
Admin Room 05,,,H&S,,CATL-FEX_MNF_16,thuan.luu@siamcitycement.com,catl,vn,extinguisher
Phòng Lab 01,,,H&S,,CATL-FEX_MNF_17,thuan.luu@siamcitycement.com,catl,vn,extinguisher
Phòng Lab 02,,,AIC,,CATL-FEX_MNF_18,thinh.le@siamcitycement.com,catl,vn,extinguisher
Phòng Lab 03,,,AIC,,CATL-FEX_MNF_19,thinh.le@siamcitycement.com,catl,vn,extinguisher
Phòng QA 01,,,QA,,CATL-FEX_MNF_20,thuy.thai@siamcitycement.com,catl,vn,extinguisher
Phòng QA 02,,,QA,,CATL-FEX_MNF_21,thuy.thai@siamcitycement.com,catl,vn,extinguisher
CCR 01,,,Production,,CATL-FEX_MNF_22,nam.thanh.nguyen@siamcitycement.com,catl,vn,extinguisher
CCR 02,,,Production,,CATL-FEX_MNF_23,nam.thanh.nguyen@siamcitycement.com,catl,vn,extinguisher
CCR 03,,,Production,,CATL-FEX_MNF_24,nam.thanh.nguyen@siamcitycement.com,catl,vn,extinguisher
CCR 04,,,Production,,CATL-FEX_MNF_25,nam.thanh.nguyen@siamcitycement.com,catl,vn,extinguisher
Đóng bao 01,,,Production,,CATL-FEX_MNF_26,nam.thanh.nguyen@siamcitycement.com,catl,vn,extinguisher
Đóng bao 02,,,Production,,CATL-FEX_MNF_27,nam.thanh.nguyen@siamcitycement.com,catl,vn,extinguisher
Đóng bao 03,,,Production,,CATL-FEX_MNF_28,nam.thanh.nguyen@siamcitycement.com,catl,vn,extinguisher
Đóng bao 04,,,Production,,CATL-FEX_MNF_29,nam.thanh.nguyen@siamcitycement.com,catl,vn,extinguisher
Kho bao 01,,,Production,,CATL-FEX_MNF_30,nam.thanh.nguyen@siamcitycement.com,catl,vn,extinguisher
Kho bao 02,,,Production,,CATL-FEX_MNF_31,nam.thanh.nguyen@siamcitycement.com,catl,vn,extinguisher
Kho bao 03,,,Production,,CATL-FEX_MNF_32,nam.thanh.nguyen@siamcitycement.com,catl,vn,extinguisher
Kho bao 04,,,Production,,CATL-FEX_MNF_33,nam.thanh.nguyen@siamcitycement.com,catl,vn,extinguisher
Kho bao 05,,,Production,,CATL-FEX_MNF_34,nam.thanh.nguyen@siamcitycement.com,catl,vn,extinguisher
Kho bao 06,,,Production,,CATL-FEX_MNF_35,nam.thanh.nguyen@siamcitycement.com,catl,vn,extinguisher
P. điện silo 1,,,EMaintenance _ Automation,,CATL-FEX_MNF_36,thinh.tran@siamcitycement.com,catl,vn,extinguisher
P. điện silo 2,,,EMaintenance _ Automation,,CATL-FEX_MNF_37,thinh.tran@siamcitycement.com,catl,vn,extinguisher
P. điện silo 3,,,EMaintenance _ Automation,,CATL-FEX_MNF_38,thinh.tran@siamcitycement.com,catl,vn,extinguisher
P. điện silo 4,,,EMaintenance _ Automation,,CATL-FEX_MNF_39,thinh.tran@siamcitycement.com,catl,vn,extinguisher
Máy nghiền 1,,,Production,,CATL-FEX_MNF_40,nam.thanh.nguyen@siamcitycement.com,catl,vn,extinguisher
Máy nghiền 2,,,Production,,CATL-FEX_MNF_41,nam.thanh.nguyen@siamcitycement.com,catl,vn,extinguisher
Máy nghiền 3,,,Production,,CATL-FEX_MNF_42,nam.thanh.nguyen@siamcitycement.com,catl,vn,extinguisher
Máy nghiền 4,,,Production,,CATL-FEX_MNF_43,nam.thanh.nguyen@siamcitycement.com,catl,vn,extinguisher
Máy nghiền 5,,,Production,,CATL-FEX_MNF_44,nam.thanh.nguyen@siamcitycement.com,catl,vn,extinguisher
Máy nghiền 6,,,Production,,CATL-FEX_MNF_45,nam.thanh.nguyen@siamcitycement.com,catl,vn,extinguisher
Máy nghiền 7,,,Production,,CATL-FEX_MNF_46,nam.thanh.nguyen@siamcitycement.com,catl,vn,extinguisher
Máy nghiền 8,,,Production,,CATL-FEX_MNF_47,nam.thanh.nguyen@siamcitycement.com,catl,vn,extinguisher
Kho trấu 1,,,Production,,CATL-FEX_MNF_48,nam.thanh.nguyen@siamcitycement.com,catl,vn,extinguisher
Kho trấu 2,,,Production,,CATL-FEX_MNF_49,nam.thanh.nguyen@siamcitycement.com,catl,vn,extinguisher
Kho trấu 3,,,Production,,CATL-FEX_MNF_50,nam.thanh.nguyen@siamcitycement.com,catl,vn,extinguisher
Cảng trấu 1,,,Production,,CATL-FEX_MNF_51,nam.thanh.nguyen@siamcitycement.com,catl,vn,extinguisher
Cảng trấu 2,,,Production,,CATL-FEX_MNF_52,nam.thanh.nguyen@siamcitycement.com,catl,vn,extinguisher
"Kho đá, crusher 1",,,Production,,CATL-FEX_MNF_53,nam.thanh.nguyen@siamcitycement.com,catl,vn,extinguisher
"Kho đá, crusher 2",,,Production,,CATL-FEX_MNF_54,nam.thanh.nguyen@siamcitycement.com,catl,vn,extinguisher
"Kho đá, crusher 3",,,Production,,CATL-FEX_MNF_55,nam.thanh.nguyen@siamcitycement.com,catl,vn,extinguisher
"Kho đá, crusher 4",,,Production,,CATL-FEX_MNF_56,nam.thanh.nguyen@siamcitycement.com,catl,vn,extinguisher
"Kho đá, crusher 5",,,Production,,CATL-FEX_MNF_57,nam.thanh.nguyen@siamcitycement.com,catl,vn,extinguisher
Cầu cảng 1,,,Logistic,,CATL-FEX_MNF_58,tri.le@siamcitycement.com,catl,vn,extinguisher
Chân silo 01,,,Production,,CATL-FEX_MNF_61,nam.thanh.nguyen@siamcitycement.com,catl,vn,extinguisher
Chân silo 02,,,Production,,CATL-FEX_MNF_62,nam.thanh.nguyen@siamcitycement.com,catl,vn,extinguisher
Chân silo 03,,,Production,,CATL-FEX_MNF_63,nam.thanh.nguyen@siamcitycement.com,catl,vn,extinguisher
Chân silo 04,,,Production,,CATL-FEX_MNF_64,nam.thanh.nguyen@siamcitycement.com,catl,vn,extinguisher
Chân silo 05,,,Production,,CATL-FEX_MNF_65,nam.thanh.nguyen@siamcitycement.com,catl,vn,extinguisher
Chân silo 06,,,Production,,CATL-FEX_MNF_66,nam.thanh.nguyen@siamcitycement.com,catl,vn,extinguisher
Chân silo 07,,,Production,,CATL-FEX_MNF_67,nam.thanh.nguyen@siamcitycement.com,catl,vn,extinguisher
Chân silo 08,,,Production,,CATL-FEX_MNF_68,nam.thanh.nguyen@siamcitycement.com,catl,vn,extinguisher
Chân silo 09,,,Production,,CATL-FEX_MNF_69,nam.thanh.nguyen@siamcitycement.com,catl,vn,extinguisher
MT35 _ 35Kg 01,,,E_Maintenance,,CATL-FEX_MNF_70,thuan.luu@siamcitycement.com,catl,vn,extinguisher
MT35 _ 35Kg 02,,,E_Maintenance,,CATL-FEX_MNF_71,thuan.luu@siamcitycement.com,catl,vn,extinguisher
Kho dầu 3,,,H&S,,CATL-FEX_MNF_72,thuan.luu@siamcitycement.com,catl,vn,extinguisher
35Kg - Máy phát điện,,,E_Maintenance,,CATL-FEX_MNF_73,vinh.truong@siamcitycement.com,catl,vn,extinguisher
Máy phát điện 1,,,E_Maintenance,,CATL-FEX_MNF_74,vinh.truong@siamcitycement.com,catl,vn,extinguisher
Máy phát điện 2,,,E_Maintenance,,CATL-FEX_MNF_75,vinh.truong@siamcitycement.com,catl,vn,extinguisher
Máy phát điện 3,,,E_Maintenance,,CATL-FEX_MNF_76,vinh.truong@siamcitycement.com,catl,vn,extinguisher
MT35 _ 35Kg 03,,,E_Maintenance,,CATL-FEX_MNF_77,vinh.truong@siamcitycement.com,catl,vn,extinguisher
Trạm điện 002,,,E_Maintenance,,CATL-FEX_MNF_78,vinh.truong@siamcitycement.com,catl,vn,extinguisher
Trạm điện 003,,,E_Maintenance,,CATL-FEX_MNF_79,vinh.truong@siamcitycement.com,catl,vn,extinguisher
Kho Oxy-Ace 001,,,Warehouse,,CATL-FEX_MNF_83,tiep.tran@siamcitycement.com,catl,vn,extinguisher
Kho nhớt 001,,,Warehouse,,CATL-FEX_MNF_85,tiep.tran@siamcitycement.com,catl,vn,extinguisher
Kho TBL 001,,,Warehouse,,CATL-FEX_MNF_88,tiep.tran@siamcitycement.com,catl,vn,extinguisher
Kho TBL 002,,,Warehouse,,CATL-FEX_MNF_89,tiep.tran@siamcitycement.com,catl,vn,extinguisher
Kho CK 001,,,Warehouse,,CATL-FEX_MNF_92,tiep.tran@siamcitycement.com,catl,vn,extinguisher
Kho TBĐ 001,,,Warehouse,,CATL-FEX_MNF_95,tiep.tran@siamcitycement.com,catl,vn,extinguisher
Kho TBĐ 002,,,Warehouse,,CATL-FEX_MNF_96,tiep.tran@siamcitycement.com,catl,vn,extinguisher
WS Office 001,,,E_Maintenance,,CATL-FEX_MNF_102,vinh.truong@siamcitycement.com,catl,vn,extinguisher
WS Office 002,,,E_Maintenance,,CATL-FEX_MNF_103,vinh.truong@siamcitycement.com,catl,vn,extinguisher
WS Office 003,,,E_Maintenance,,CATL-FEX_MNF_104,vinh.truong@siamcitycement.com,catl,vn,extinguisher
"Hầm cáp, p.Maint 01",,,E_Maintenance,,CATL-FEX_MNF_105,vinh.truong@siamcitycement.com,catl,vn,extinguisher
"Hầm cáp, p.Maint 02",,,E_Maintenance,,CATL-FEX_MNF_106,vinh.truong@siamcitycement.com,catl,vn,extinguisher
"Hầm cáp, p.Maint 03",,,E_Maintenance,,CATL-FEX_MNF_107,vinh.truong@siamcitycement.com,catl,vn,extinguisher
"Hầm cáp, p.Maint 04",,,E_Maintenance,,CATL-FEX_MNF_108,vinh.truong@siamcitycement.com,catl,vn,extinguisher
Kho rác 1,,,H&S,,CATL-FEX_MNF_115,ly.huu.luong@siamcitycement.com,catl,vn,extinguisher
Hotwork 1,,,M_Maintenance,,CATL-FEX_MNF_118,nam.thanh.nguyen@siamcitycement.com,catl,vn,extinguisher
Hotwork 2,,,M_Maintenance,,CATL-FEX_MNF_119,nam.thanh.nguyen@siamcitycement.com,catl,vn,extinguisher
Trạm cân 001,,,Logistic,,CATL-FEX_LOG_001,tri.le@siamcitycement.com,catl,vn,extinguisher
Trạm cân 002,,,Logistic,,CATL-FEX_LOG_002,tri.le@siamcitycement.com,catl,vn,extinguisher
Line 01,,,Logistic,,CATL-FEX_LOG_003,tri.le@siamcitycement.com,catl,vn,extinguisher
Line 02,,,Logistic,,CATL-FEX_LOG_004,tri.le@siamcitycement.com,catl,vn,extinguisher
Line 03,,,Logistic,,CATL-FEX_LOG_005,tri.le@siamcitycement.com,catl,vn,extinguisher
Line 04,,,Logistic,,CATL-FEX_LOG_006,tri.le@siamcitycement.com,catl,vn,extinguisher
Line 05,,,Logistic,,CATL-FEX_LOG_007,tri.le@siamcitycement.com,catl,vn,extinguisher
Kho sling 1,,,Logistic,,CATL-FEX_LOG_013,tri.le@siamcitycement.com,catl,vn,extinguisher
Kho sling 2,,,Logistic,,CATL-FEX_LOG_014,tri.le@siamcitycement.com,catl,vn,extinguisher
Kho sling 3,,,Logistic,,CATL-FEX_LOG_015,tri.le@siamcitycement.com,catl,vn,extinguisher
Kho sling 4,,,Logistic,,CATL-FEX_LOG_016,tri.le@siamcitycement.com,catl,vn,extinguisher
Kho sling 5,,,Logistic,,CATL-FEX_LOG_017,tri.le@siamcitycement.com,catl,vn,extinguisher
Kho sling 6,,,Logistic,,CATL-FEX_LOG_018,tri.le@siamcitycement.com,catl,vn,extinguisher
Kho sling 7,,,Logistic,,CATL-FEX_LOG_019,tri.le@siamcitycement.com,catl,vn,extinguisher
Kho sling 8,,,Logistic,,CATL-FEX_LOG_020,tri.le@siamcitycement.com,catl,vn,extinguisher
Kho sling 9,,,Logistic,,CATL-FEX_LOG_021,tri.le@siamcitycement.com,catl,vn,extinguisher
Kho sling 10,,,Logistic,,CATL-FEX_LOG_022,tri.le@siamcitycement.com,catl,vn,extinguisher
Canteen cũ,,,Conwood,,CATL-FEX_LOG_023,quan.duong@siamcitycement.com,catl,vn,extinguisher
ECO LAB,,,Eco Lab,,CATL-FEX_ECO_001,trang.huynh@siamcitycement.com,catl,vn,extinguisher
ECO LAB,,,Eco Lab,,CATL-FEX_ECO_002,trang.huynh@siamcitycement.com,catl,vn,extinguisher
Kho nguy hại 1,,,Eco Ops,,CATL-FEX_ECO_005,nghiem.vu@siamcitycement.com,catl,vn,extinguisher
Kho nguy hại 1,,,Eco Ops,,CATL-FEX_ECO_006,nghiem.vu@siamcitycement.com,catl,vn,extinguisher
Kho nguy hại 1,,,Eco Ops,,CATL-FEX_ECO_007,nghiem.vu@siamcitycement.com,catl,vn,extinguisher
Kho nguy hại 2,,,Eco Ops,,CATL-FEX_ECO_011,nghiem.vu@siamcitycement.com,catl,vn,extinguisher
Kho nguy hại 2,,,Eco Ops,,CATL-FEX_ECO_012,nghiem.vu@siamcitycement.com,catl,vn,extinguisher
Kho nguy hại 2,,,Eco Ops,,CATL-FEX_ECO_013,nghiem.vu@siamcitycement.com,catl,vn,extinguisher
Kho Không nguy hại (số 03),,,Eco Ops,,CATL-FEX_ECO_017,nghiem.vu@siamcitycement.com,catl,vn,extinguisher
Kho Không nguy hại (số 03),,,Eco Ops,,CATL-FEX_ECO_018,nghiem.vu@siamcitycement.com,catl,vn,extinguisher
Kho Không nguy hại (số 03),,,Eco Ops,,CATL-FEX_ECO_019,nghiem.vu@siamcitycement.com,catl,vn,extinguisher
Kho Không nguy hại (số 03),,,Eco Ops,,CATL-FEX_ECO_020,nghiem.vu@siamcitycement.com,catl,vn,extinguisher
Kho Không nguy hại (số 03),,,Eco Ops,,CATL-FEX_ECO_021,nghiem.vu@siamcitycement.com,catl,vn,extinguisher
Kho Không nguy hại (số 03),,,Eco Ops,,CATL-FEX_ECO_022,nghiem.vu@siamcitycement.com,catl,vn,extinguisher
Kho bao bì_Empty package WH-01,,,Eco Ops,,CATL-FEX_ECO_029,nghiem.vu@siamcitycement.com,catl,vn,extinguisher
Container LAB_01,,,Eco Lab,,CATL-FEX_ECO_031,trang.huynh@siamcitycement.com,catl,vn,extinguisher
Container LAB_02,,,Eco Lab,,CATL-FEX_ECO_032,trang.huynh@siamcitycement.com,catl,vn,extinguisher
Xe nâng Quốc Trí (QT01),,,Eco Ops,,CATL-FEX_ECO_038,nghiem.vu@siamcitycement.com,catl,vn,extinguisher
Xe nâng Việt Long (VL01),,,Eco Ops,,CATL-FEX_ECO_039,nghiem.vu@siamcitycement.com,catl,vn,extinguisher
Xe Cẩu_FFT 50H-08353,,,Eco Ops,,CATL-FEX_ECO_040,nghiem.vu@siamcitycement.com,catl,vn,extinguisher
Xe Cẩu VL_FFT VL crane 01,,,Eco Ops,,CATL-FEX_ECO_041,nghiem.vu@siamcitycement.com,catl,vn,extinguisher
Xe tải VL 1_FFT VL Truck 01,,,Eco Ops,,CATL-FEX_ECO_042,nghiem.vu@siamcitycement.com,catl,vn,extinguisher
Xe tải VL 2,,,Eco Ops,,CATL-FEX_ECO_044,nghiem.vu@siamcitycement.com,catl,vn,extinguisher
Xe tải 60C-37390,,,Eco Log,,CATL-FEX_60C-37390,duy.thien.le@siamcitycement.com,catl,vn,extinguisher
Xe tải 60P-2673,,,Eco Log,,CATL-FEX_60P-2673,duy.thien.le@siamcitycement.com,catl,vn,extinguisher
Xe tải 60H-10759,,,Eco Log,,CATL-FEX_60H-10759,duy.thien.le@siamcitycement.com,catl,vn,extinguisher
Xe tải 50H-22849,,,Eco Log,,CATL-FEX_50H-22849,duy.thien.le@siamcitycement.com,catl,vn,extinguisher
Xe tải 60H-11212,,,Eco Log,,CATL-FEX_60H-11212,duy.thien.le@siamcitycement.com,catl,vn,extinguisher
Xe tải 60H-08131,,,Eco Log,,CATL-FEX_60H-08131,duy.thien.le@siamcitycement.com,catl,vn,extinguisher
Xe tải 60H-12345,,,Eco Log,,CATL-FEX_60H-12345,duy.thien.le@siamcitycement.com,catl,vn,extinguisher
Xe tải 50H-35466,,,Eco Log,,CATL-FEX_50H-35466,duy.thien.le@siamcitycement.com,catl,vn,extinguisher
Xe tải 50LD-13631,,,Eco Log,,CATL-FEX_50LD-13631,duy.thien.le@siamcitycement.com,catl,vn,extinguisher
Xe tải 52LD-5618,,,Eco Log,,CATL-FEX_52LD-5618,duy.thien.le@siamcitycement.com,catl,vn,extinguisher
Xe tải 52LD-5689,,,Eco Log,,CATL-FEX_52LD-5689,duy.thien.le@siamcitycement.com,catl,vn,extinguisher
Xe tải 52LD-3944,,,Eco Log,,CATL-FEX_52LD-3944,duy.thien.le@siamcitycement.com,catl,vn,extinguisher
Xe tải 50LD-03445,,,Eco Log,,CATL-FEX_50LD-03445,duy.thien.le@siamcitycement.com,catl,vn,extinguisher
Xe tải 50LD-01473,,,Eco Log,,CATL-FEX_50LD-01473,duy.thien.le@siamcitycement.com,catl,vn,extinguisher
Xe tải 50LD-03476,,,Eco Log,,CATL-FEX_50LD-03476,duy.thien.le@siamcitycement.com,catl,vn,extinguisher
Xe tải 51D-823.88,,,Eco Log,,CATL-FEX_51D-823.88,duy.thien.le@siamcitycement.com,catl,vn,extinguisher
Kho Conwood,,,Conwood,,CATL-FEX_CW_001,quan.duong@siamcitycement.com,catl,vn,extinguisher
Kho Conwood,,,Conwood,,CATL-FEX_CW_002,quan.duong@siamcitycement.com,catl,vn,extinguisher
Kho Conwood,,,Conwood,,CATL-FEX_CW_003,quan.duong@siamcitycement.com,catl,vn,extinguisher
Ecocycle lưu động,,,Eco Ops,,CATL-FEX_ECO_Mobile01,nghiem.vu@siamcitycement.com,catl,vn,extinguisher
Ecocycle lưu động,,,Eco Ops,,CATL-FEX_ECO_Mobile02,nghiem.vu@siamcitycement.com,catl,vn,extinguisher
Ecocycle lưu động,,,Eco Ops,,CATL-FEX_ECO_Mobile03,nghiem.vu@siamcitycement.com,catl,vn,extinguisher
Xe tải 50H.08679,,,Eco Log,,CATL-FEX_50H.08679,duy.thien.le@siamcitycement.com,catl,vn,extinguisher
Xe tải 50H.68411,,,Eco Log,,CATL-FEX_50H.68411,duy.thien.le@siamcitycement.com,catl,vn,extinguisher
Xe tải 50H.30299,,,Eco Log,,CATL-FEX_50H.30299,duy.thien.le@siamcitycement.com,catl,vn,extinguisher
Xe tải 50H.43941,,,Eco Log,,CATL-FEX_50H.43941,duy.thien.le@siamcitycement.com,catl,vn,extinguisher
Đóng bao 05,,,Production,,CATL-FEX_MNF_59,nam.thanh.nguyen@siamcitycement.com,catl,vn,extinguisher
Phòng IT,,,IT,,CATL-FEX_MNF_60,tien.vu@siamcitycement.com,catl,vn,extinguisher
Xe tải 60H-20952,,,Eco Log,,CATL-FEX_60H_20952,duy.thien.le@siamcitycement.com,catl,vn,extinguisher
,,,,,HONC-PRO-PPE-HZ-03,vinh.van.nguyen@siamcitycement.com,honc,vn,thermal
,,,,,HONC-PRO-PPE-HZ-04,ky.ly@siamcitycement.com,honc,vn,thermal
,,,,,HONC-PRO-PPE-HZ-01,thien.pham@siamcitycement.com,honc,vn,thermal
,,,,,HONC-PRO-PPE-HZ-02,hoang.thai@siamcitycement.com,honc,vn,thermal
Khu Hành Chính,,,,Khu Hành Chính,HONC-FE-FE-HS-01-C-06-B-06,thao.duong@siamcitycement.com,honc,vn,extinguisher
Khu Hành Chính,,,,Khu Hành Chính,HONC-FE-FE-HS-01-C-07-B-07,thao.duong@siamcitycement.com,honc,vn,extinguisher
Canteen,,,,Canteen,HONC-FE-FE-HS-01-C-11-B-11,tan.ton@siamcitycement.com,honc,vn,extinguisher
CCR,,,,CCR,HONC-FE-FE-HS-01-B-40-41,thai.truong@siamcitycement.com,honc,vn,extinguisher
Villa 1- 8,,,,Villa 1- 8,HONC-FE-FE-HE-07-06,tan.ton@siamcitycement.com,honc,vn,extinguisher
Club House,,,,Club House,HONC-FE-FE-HE-09-B-10,tan.ton@siamcitycement.com,honc,vn,extinguisher
Terrace 2,,,,Terrace 2,HONC-FE-FE-HE-05-B-44,tan.ton@siamcitycement.com,honc,vn,extinguisher
CCR máy nghiền đá vôi,,,,CCR máy nghiền đá vôi,HONC-FE-FE-QRY-RMP-07-B-01-02,thang.trieu@siamcitycement.com,honc,vn,extinguisher
Kho VLNCN,,,,Kho VLNCN,HONC-FE-FE-QRY-01-C-01-02-03-04-05,thang.trieu@siamcitycement.com,honc,vn,extinguisher
Khu vực cầu cân,,,,Khu vực cầu cân,HONC-FE-FES-WB-02,trang.hong.le@siamcitycement.com,honc,vn,extinguisher
Cửa trước kho pallet,,,,Cửa trước kho pallet,HONC-FE-FES-PL-01,nhin.bui@siamcitycement.com,honc,vn,extinguisher
Cửa trước kho pallet,,,,Cửa trước kho pallet,HONC-FE-FES-PL-02,nhin.bui@siamcitycement.com,honc,vn,extinguisher
Cửa sau kho pallet,,,,Cửa sau kho pallet,HONC-FE-FES-PL-11,nhin.bui@siamcitycement.com,honc,vn,extinguisher
Cửa sau kho pallet,,,,Cửa sau kho pallet,HONC-FE-FES-PL-12,nhin.bui@siamcitycement.com,honc,vn,extinguisher
Gần tủ điện Pallet,,,,Gần tủ điện Pallet,HONC-FE-FES-PL-03,nhin.bui@siamcitycement.com,honc,vn,extinguisher
Cửa trước kho pallet,,,,Cửa trước kho pallet,HONC-FE-FES-PL-31,nhin.bui@siamcitycement.com,honc,vn,extinguisher
Nhà Chờ Kho Cao Su,,,,Nhà Chờ Kho Cao Su,HONC-FE-FE-ECO-NHZ-C-01-02,huan.tran@siamcitycement.com,honc,vn,extinguisher
Cầu Thang Lên Đuôi Lò ,,,, (Hướng Tây Nam),HONC-FE-FEcli-11,thai.truong@siamcitycement.com,honc,vn,extinguisher
Tầng Trệt,,,,Máy Nghiền Clinker Số 1,HONC-FE-FEcem-01,thai.truong@siamcitycement.com,honc,vn,extinguisher
Tầng trệt tòa nhà ,,,, Turbin và máy phát,HONC-FE-FEwhr-28,thai.truong@siamcitycement.com,honc,vn,extinguisher
Tầng trệt tòa nhà ,,,, Turbin và máy phát,HONC-FE-FEwhr-60,thai.truong@siamcitycement.com,honc,vn,extinguisher
Tầng trệt tòa nhà ,,,, Turbin và máy phát,HONC-FE-FEwhr-36,thai.truong@siamcitycement.com,honc,vn,extinguisher
Tầng trệt tòa nhà ,,,, Turbin và máy phát,HONC-FE-FEwhr-46,thai.truong@siamcitycement.com,honc,vn,extinguisher
Phòng lấy mẫu nước,,,,Phòng lấy mẫu nước,HONC-FE-FEwhr-29,thai.truong@siamcitycement.com,honc,vn,extinguisher
Phòng lấy mẫu nước,,,,Phòng lấy mẫu nước,HONC-FE-FEwhr-16,thai.truong@siamcitycement.com,honc,vn,extinguisher
Cửa Kho Nhập Vỏ Bao,,,,Cửa Kho Nhập Vỏ Bao,HONC-FE-FEpkp-03,nhin.bui@siamcitycement.com,honc,vn,extinguisher
Khu vực kho hàn cắt,,,,Khu vực kho hàn cắt,HONC-FE-FEworkshop-01,thai.truong@siamcitycement.com,honc,vn,extinguisher
Cable Tunnel 4-1,,,,Cable Tunnel 4-1,HONC-FE-FE-ELEC-C1-03,hung.thai@siamcitycement.com,honc,vn,extinguisher
Stacker thạch cao,,,,Stacker thạch cao,HONC-FE-FE-J51-B-01,hung.thai@siamcitycement.com,honc,vn,extinguisher
Reclaimer than,,,,Reclaimer than,HONC-FE-FE-LRE-B-01,hung.thai@siamcitycement.com,honc,vn,extinguisher
Trạm 2-2,,,,Trạm 2-2,HONC-FE-FE-S22-B-01-2-3-4,hung.thai@siamcitycement.com,honc,vn,extinguisher
Tầng 2 tòa nhà cấp liệu ,,,, Máy Nghiền Bột Sống,HONC-FE-FE-RM-01,thai.truong@siamcitycement.com,honc,vn,extinguisher
Cảng trấu số 1,,,,Cảng trấu số 1,HONC-FE-ECO-LOG-FEX-13-14-15,huan.tran@siamcitycement.com,honc,vn,extinguisher
Phễu than L31-WF2,,,,Phễu than L31-WF2,HONC-FE-FE-CoS-03,thai.truong@siamcitycement.com,honc,vn,extinguisher
PTN Eco- Hành lang,,,,PTN Eco- Hành lang,HONC-FE-FE-ECO-Lab-11-C-01-02,huan.tran@siamcitycement.com,honc,vn,extinguisher
PTN Eco- P.Test mẫu,,,,PTN Eco- P.Test mẫu,HONC-FE-FE-ECO-Lab-11-C-04-05,huan.tran@siamcitycement.com,honc,vn,extinguisher
PTN Eco- P.Lưu mẫu,,,,PTN Eco- P.Lưu mẫu,HONC-FE-FE-ECO-Lab-11-C-06-07,huan.tran@siamcitycement.com,honc,vn,extinguisher
Tầng trệt khu vực,,,,Shiploader,HONC-FE-FEpkp-07-08-09,nhin.bui@siamcitycement.com,honc,vn,extinguisher
Tầng trệt khu vực,,,,Truckloader,HONC-FE-FEpkp-12-13,nhin.bui@siamcitycement.com,honc,vn,extinguisher
Tầng trệt khu vực,,,,Vít tải Packer3,HONC-FE-FEpkp-19-20,nhin.bui@siamcitycement.com,honc,vn,extinguisher
Stacker,,,,Stacker,HONC-FE-FES-ST-01-02-03,trang.hong.le@siamcitycement.com,honc,vn,extinguisher
Phòng máy phát điện ATS,,,,Phòng máy phát điện ATS,HONC-FE-FE-ELEC-ATS-01,hung.thai@siamcitycement.com,honc,vn,extinguisher
Hz-Liquid Storage,,,,Hz-Liquid Storage,HONC-FE-GEO-HZ-FEX-004,huan.tran@siamcitycement.com,honc,vn,extinguisher
Hz-Storage 10x60,,,,Hz-Storage 10x60,HONC-FE-GEO-HZ-FEX-008,huan.tran@siamcitycement.com,honc,vn,extinguisher
Hz-Storage 10x60,,,,Hz-Storage 10x60,HONC-FE-GEO-HZ-FEX-010,huan.tran@siamcitycement.com,honc,vn,extinguisher
Hz-Storage 10x60,,,,Hz-Storage 10x60,HONC-FE-GEO-HZ-FEX-014,huan.tran@siamcitycement.com,honc,vn,extinguisher
Hz-Storage 10x60,,,,Hz-Storage 10x60,HONC-FE-GEO-HZ-FEX-015,huan.tran@siamcitycement.com,honc,vn,extinguisher
"Kho Dầu DO
Diesel Tank",,,,"Kho Dầu DO
Diesel Tank",HONC-FE-FE-QRY-DO-B03,thang.trieu@siamcitycement.com,honc,vn,extinguisher
Xưởng cơ khí bên hông xưởng  “Bình An”,,,,Xưởng cơ khí bên hông xưởng  “Bình An”,HONC-MM-WS-FEB-29-30,s.le@siamcitycement.com,honc,vn,extinguisher
Canteen,,,,Canteen,HONC-FE-FE-HS-01-C-10-B-10,tan.ton@siamcitycement.com,honc,vn,extinguisher
Nhà xe gắn máy,,,,Nhà xe gắn máy,HONC-FE-FE-HS-01-B-24-25,tan.ton@siamcitycement.com,honc,vn,extinguisher
Trạm Bảo Vệ cảng sông T7,,,,Trạm Bảo Vệ cảng sông T7,HONC-FE-FE-HS-01-B-33-34,tan.ton@siamcitycement.com,honc,vn,extinguisher
Terrace 3,,,,Terrace 3,HONC-FE-FE-HE-06-B-26,tan.ton@siamcitycement.com,honc,vn,extinguisher
Terrace 1,,,,Terrace 1,HONC-FE-FE-HE-04-B-33,tan.ton@siamcitycement.com,honc,vn,extinguisher
Terrace 2,,,,Terrace 2,HONC-FE-FE-HE-05-B-43,tan.ton@siamcitycement.com,honc,vn,extinguisher
Phòng hành chính,,,,Phòng hành chính,HONC-FE-FE-HE-08-B-49-50,tan.ton@siamcitycement.com,honc,vn,extinguisher
Hộp để cửa kho,,,,Hộp để cửa kho,HONC-FE-FE-QRY-MEP-02-B-01-02,thang.trieu@siamcitycement.com,honc,vn,extinguisher
Hộp để cửa sau xưởng,,,,Hộp để cửa sau xưởng,HONC-FE-FE-QRY-MEP-03-B-01-02,thang.trieu@siamcitycement.com,honc,vn,extinguisher
Nhà trung chuyển sét + cát,,,,Nhà trung chuyển sét + cát,HONC-FE-FE-QRY-RMP-02-B-01-02,thang.trieu@siamcitycement.com,honc,vn,extinguisher
Khu vực cầu cân,,,,Khu vực cầu cân,HONC-FE-FES-WB-01,trang.hong.le@siamcitycement.com,honc,vn,extinguisher
Cửa trước phòng hậu cần,,,,Cửa trước phòng hậu cần,HONC-FE-FES-AD-01,trang.hong.le@siamcitycement.com,honc,vn,extinguisher
Gần tủ điện Pallet,,,,Gần tủ điện Pallet,HONC-FE-FES-PL-04,nhin.bui@siamcitycement.com,honc,vn,extinguisher
Cẩu over head,,,,Cẩu over head,HONC-FE-FES-OC-01,nhin.bui@siamcitycement.com,honc,vn,extinguisher
Cửa trước kho pallet,,,,Cửa trước kho pallet,HONC-FE-FES-PL-17,nhin.bui@siamcitycement.com,honc,vn,extinguisher
Cửa trước kho pallet,,,,Cửa trước kho pallet,HONC-FE-FES-PL-18,nhin.bui@siamcitycement.com,honc,vn,extinguisher
Cửa hong cảng xuất hàng,,,,Cửa hong cảng xuất hàng,HONC-FE-FES-PL-29,nhin.bui@siamcitycement.com,honc,vn,extinguisher
Phía trên chổ Băng tải chia bao,,,,Phía trên chổ Băng tải chia bao,HONC-FE-FES-PL-34,nhin.bui@siamcitycement.com,honc,vn,extinguisher
Cẩu over head,,,,Cẩu over head,HONC-FE-FES-PL-35,nhin.bui@siamcitycement.com,honc,vn,extinguisher
Kho 1 Cao Su,,,,Kho 1 Cao Su,HONC-FE-FE-ECO-NHZ-B-01-02,huan.tran@siamcitycement.com,honc,vn,extinguisher
Kho 2 Cao Su,,,,Kho 2 Cao Su,HONC-FE-FE-ECO-NHZ-B-03-04,huan.tran@siamcitycement.com,honc,vn,extinguisher
Trạm làm mát ,,,,máy cắt XR-3000,HONC-FE-FE-ECO-NHZ-C-06-07,huan.tran@siamcitycement.com,honc,vn,extinguisher
Cầu Thang Lên Đuôi Lò ,,,, (Hướng Đông Nam),HONC-FE-FEcli-09,thai.truong@siamcitycement.com,honc,vn,extinguisher
Tầng Trệt,,,,Máy Nghiền Clinker Số 1,HONC-FE-FEcem-02,thai.truong@siamcitycement.com,honc,vn,extinguisher
Tầng 1 ,,,,(Giữa 2 Máy Nghiền Clinker),HONC-FE-FEcem-04,thai.truong@siamcitycement.com,honc,vn,extinguisher
Tầng trệt tòa nhà ,,,, Turbin và máy phát,HONC-FE-FEwhr-27,thai.truong@siamcitycement.com,honc,vn,extinguisher
Tầng trệt tòa nhà ,,,, Turbin và máy phát,HONC-FE-FEwhr-25,thai.truong@siamcitycement.com,honc,vn,extinguisher
Tầng 2 tòa nhà,,,,Turbine và máy phát,HONC-FE-FEwhr-34,thai.truong@siamcitycement.com,honc,vn,extinguisher
"Tầng 3 tòa nhà turbine và máy phát.
Trước cổng vào Dearator",,,,"Tầng 3 tòa nhà turbine và máy phát.
Trước cổng vào Dearator",HONC-FE-FEwhr-58,thai.truong@siamcitycement.com,honc,vn,extinguisher
Tầng trệt và gần ,,,, các bơm lọc nước,HONC-FE-FEwhr-03,thai.truong@siamcitycement.com,honc,vn,extinguisher
"Tầng một, bên trong nhà ",,,," gần các cột lọc cát, than và RO",HONC-FE-FEwhr-40,thai.truong@siamcitycement.com,honc,vn,extinguisher
Trạm 2-1,,,,Trạm 2-1,HONC-FE-FE-S21-B-01-2-3-4,hung.thai@siamcitycement.com,honc,vn,extinguisher
Trạm 2-5,,,,Trạm 2-5,HONC-FE-FE-S25-B-01-2,hung.thai@siamcitycement.com,honc,vn,extinguisher
Máy cào sét,,,,Máy cào sét,HONC-FE-FE-CLAY-B-01,hung.thai@siamcitycement.com,honc,vn,extinguisher
Cửa Phòng Vận Hành,,,, Máy Cào Đá Vôi,HONC-FE-FE-Limestone-01,thai.truong@siamcitycement.com,honc,vn,extinguisher
Trên cẩu,,,,Trên cẩu,HONC-FE-FE-ATS-05,thai.truong@siamcitycement.com,honc,vn,extinguisher
Băng tải tách kim loại,,,,(hướng biển),HONC-FE-FE-ATS-07,thai.truong@siamcitycement.com,honc,vn,extinguisher
Trên AF 1/2,,,,Trên AF 1/2,HONC-FE-FE-ATS-09,thai.truong@siamcitycement.com,honc,vn,extinguisher
Tầng trệt khu vực,,,,cửa kho bao IPS,HONC-FE-FEpkp-25-26,nhin.bui@siamcitycement.com,honc,vn,extinguisher
Hz-Storage 10x60,,,,Hz-Storage 10x60,HONC-FE-GEO-HZ-FEX-007,huan.tran@siamcitycement.com,honc,vn,extinguisher
Xe kẹp phuy điện,,,,Xe kẹp phuy điện,HONC-FE-GEO-HZ-FEX-023,huan.tran@siamcitycement.com,honc,vn,extinguisher
Forklift 19530033,,,,NISHIO,HONC-GEO-HZ-FEX-021,huan.tran@siamcitycement.com,honc,vn,extinguisher
Hz-Container Office,,,,Hz-Container Office,HONC-FE-GEO-HZ-FEX-028,huan.tran@siamcitycement.com,honc,vn,extinguisher
Hz-Container Liquid Office,,,,Hz-Container Liquid Office,HONC-FE-GEO-HZ-FEX-029,huan.tran@siamcitycement.com,honc,vn,extinguisher
Phòng điện Palletizer 2,,,,Phòng điện Palletizer 2,HONC-FE-EM-PALLETIZER-2,hung.thai@siamcitycement.com,honc,vn,extinguisher
Hầm cáp 3-1,,,,Hầm cáp 3-1,HONC-FE-ELEC-31-03-04,hung.thai@siamcitycement.com,honc,vn,extinguisher
Khu Hành Chính,,,,Khu Hành Chính,HONC-FE-FE-HS-01-C-03-B-03,thao.duong@siamcitycement.com,honc,vn,extinguisher
"Nhà Tắm_Trạm, Ytế",,,,"Nhà Tắm_Trạm, Ytế",HONC-FE-FE-HS-01-B-12-13,thao.duong@siamcitycement.com,honc,vn,extinguisher
Villa 1- 8,,,,Villa 1- 8,HONC-FE-FE-HE-07-B-07,tan.ton@siamcitycement.com,honc,vn,extinguisher
Block A 5,,,,Block A 5,HONC-FE-FE-HE-01-B-11-12,tan.ton@siamcitycement.com,honc,vn,extinguisher
Block C10,,,,Block C10,HONC-FE-FE-HE-03-B-21-22,tan.ton@siamcitycement.com,honc,vn,extinguisher
Terrace 3,,,,Terrace 3,HONC-FE-FE-HE-06-B-28,tan.ton@siamcitycement.com,honc,vn,extinguisher
Terrace,,,,Terrace,HONC-FE-FE-HE-04-B-35,tan.ton@siamcitycement.com,honc,vn,extinguisher
Terrace 2,,,,Terrace 2,HONC-FE-FE-HE-05-B-40,tan.ton@siamcitycement.com,honc,vn,extinguisher
Terrace,,,,Terrace,HONC-FE-FE-HE-05-B-42,tan.ton@siamcitycement.com,honc,vn,extinguisher
Cổng bảo vệ,,,,Cổng bảo vệ,HONC-FE-FE-HE-11-B-51-52-53-54,tan.ton@siamcitycement.com,honc,vn,extinguisher
Bãi chứa chất thải,,,,Bãi chứa chất thải,HONC-FE-FE-QRY-MEP-04-B-01-02,thang.trieu@siamcitycement.com,honc,vn,extinguisher
Trạm điện P.G.N.A.A (2.2),,,,Trạm điện P.G.N.A.A (2.2),HONC-FE-FE-QRY-RMP-04-B-01-02,thang.trieu@siamcitycement.com,honc,vn,extinguisher
Trạm điện Hố thu cũ (2.3),,,,Trạm điện Hố thu cũ (2.3),HONC-FE-FE-QRY-RMP-08-B-01-02,thang.trieu@siamcitycement.com,honc,vn,extinguisher
Cửa sau phòng hậu cần,,,,Cửa sau phòng hậu cần,HONC-FE-FES-AD-03,trang.hong.le@siamcitycement.com,honc,vn,extinguisher
Cửa sau kho pallet,,,,Cửa sau kho pallet,HONC-FE-FES-PL-14,nhin.bui@siamcitycement.com,honc,vn,extinguisher
Cửa trước kho pallet,,,,Cửa trước kho pallet,HONC-FE-FES-PL-32,nhin.bui@siamcitycement.com,honc,vn,extinguisher
Cửa sau kho pallet,,,,Cửa sau kho pallet,HONC-FE-FES-PL-25,nhin.bui@siamcitycement.com,honc,vn,extinguisher
Nhà Vệ Sinh ,,,,Văn Phòng Kho Cao Su,HONC-FE-FE-ECO-NHZ-C-05,huan.tran@siamcitycement.com,honc,vn,extinguisher
Trạm Điện 5-1 ,,,, (Hướng Bắc),HONC-FE-FEcem-11,thai.truong@siamcitycement.com,honc,vn,extinguisher
Tầng 2 tòa nhà,,,,Turbine và máy phát,HONC-FE-FEwhr-55,thai.truong@siamcitycement.com,honc,vn,extinguisher
Phòng vận hành LCR,,,,Phòng vận hành LCR,HONC-FE-FEwhr-54,thai.truong@siamcitycement.com,honc,vn,extinguisher
"Tầng 3 tòa nhà turbine và máy phát.
Trước cổng vào Dearator",,,,"Tầng 3 tòa nhà turbine và máy phát.
Trước cổng vào Dearator",HONC-FE-FEwhr-57,thai.truong@siamcitycement.com,honc,vn,extinguisher
Đặt gần các bôn ,,,, chứa hóa chất xử lý nước,HONC-FE-FEwhr-01,thai.truong@siamcitycement.com,honc,vn,extinguisher
Đặt gần các bôn ,,,, chứa hóa chất xử lý nước,HONC-FE-FEwhr-02,thai.truong@siamcitycement.com,honc,vn,extinguisher
Tầng trệt và gần ,,,, các bơm lọc nước,HONC-FE-FEwhr-04,thai.truong@siamcitycement.com,honc,vn,extinguisher
"Tầng một, bên trong nhà ",,,," gần các cột lọc cát, than và RO",HONC-FE-FEwhr-07,thai.truong@siamcitycement.com,honc,vn,extinguisher
"Tầng một, bên trong nhà ",,,," gần các cột lọc cát, than và RO",HONC-FE-FEwhr-08,thai.truong@siamcitycement.com,honc,vn,extinguisher
"Tầng một, bên trong nhà ",,,," gần các cột lọc cát, than và RO",HONC-FE-FEwhr-10,thai.truong@siamcitycement.com,honc,vn,extinguisher
Khu vực kho gạch,,,,Khu vực kho gạch,HONC-FE-FEworkshop-02,thai.truong@siamcitycement.com,honc,vn,extinguisher
"Xưởng Cơ
Khí .Cửa Chính kho",,,,"Xưởng Cơ
Khí .Cửa Chính kho",HONC-FE-FE-B-21,S.le@siamcitycement.com,honc,vn,extinguisher
"Xưởng Cơ
Khí .Xưởng hàn",,,,"Xưởng Cơ
Khí .Xưởng hàn",HONC-FE-FE-B-23,S.le@siamcitycement.com,honc,vn,extinguisher
"Xưởng Cơ
Khí .Cửa phụ kho điện",,,,"Xưởng Cơ
Khí .Cửa phụ kho điện",HONC-FE-FE-B-24,S.le@siamcitycement.com,honc,vn,extinguisher
Trạm điện B1,,,,Substation B1,HONC-FE-FE-ELEC-B1-04-05-06,hung.thai@siamcitycement.com,honc,vn,extinguisher
Trạm điện 5.1,,,,Substation 5.1,HONC-FE-FE-ELEC-51-11-12,hung.thai@siamcitycement.com,honc,vn,extinguisher
Trạm xúc liệu lên,,,,ShipUnloader,HONC-FE-FE-ELEC-UM-16,hung.thai@siamcitycement.com,honc,vn,extinguisher
Trạm 6-2,,,,Trạm 6-2,HONC-FE-FE-S62-B-01-02,hung.thai@siamcitycement.com,honc,vn,extinguisher
Trạm Điện 3-2 ,,,,Trạm Điện 3-2 ,HONC-FE-FE-Limestone-02,thai.truong@siamcitycement.com,honc,vn,extinguisher
Chân cầu thang lên AF,,,,Chân cầu thang lên AF,HONC-FE-FE-ATS-04,thai.truong@siamcitycement.com,honc,vn,extinguisher
Ecocycle Logistic,,,,Ecocycle Logistic,HONC-HONC-FE-ECO-LOG-FEX-4-5-6,huan.tran@siamcitycement.com,honc,vn,extinguisher
Cảng trấu số 2,,,,Cảng trấu số 2,HONC-FE-ECO-LOG-FEX-16-17-18,huan.tran@siamcitycement.com,honc,vn,extinguisher
PTN Eco- P.Test mẫu mới,,,,PTN Eco- P.Test mẫu mới,HONC-FE-FE-ECO-Lab-11-C-08-09,huan.tran@siamcitycement.com,honc,vn,extinguisher
Phòng ăn PKP,,,,Phòng ăn PKP,HONC-FE-FEpkp-02,nhin.bui@siamcitycement.com,honc,vn,extinguisher
Tầng trệt khu vực,,,,Vít tải Packer1,HONC-FE-FEpkp-17-18,nhin.bui@siamcitycement.com,honc,vn,extinguisher
Tầng 1 khu vực Packer3,,,,Tầng 1 khu vực Packer3,HONC-FE-FEpkp-30-33-34,nhin.bui@siamcitycement.com,honc,vn,extinguisher
561_HG1 (Lò trấu 1).,,,,561_HG1 (Lò trấu 1).,HONC-FE-FE-561-HG1-01,thai.truong@siamcitycement.com,honc,vn,extinguisher
Hz-Liquid Storage,,,,Hz-Liquid Storage,HONC-FE-GEO-HZ-FEX-006,huan.tran@siamcitycement.com,honc,vn,extinguisher
Hz-Storage 10x60,,,,Hz-Storage 10x60,HONC-FE-GEO-HZ-FEX-012,huan.tran@siamcitycement.com,honc,vn,extinguisher
Xe tải ben ,,,,HzHz-Shredder Storage,HONC-FE-GEO-HZ-FEX-026,huan.tran@siamcitycement.com,honc,vn,extinguisher
EVE Xe oxy/ace gas,,,,EVE Xe oxy/ace gas,HONC-FE-FE-EVE-OA-05,tien.phan@siamcitycement.com,honc,vn,extinguisher
Cement Mill. Phía sau Hotgas 2,,,,Cement Mill. Phía sau Hotgas 2,HONC-FE-FEcem-17,thai.truong@siamcitycement.com,honc,vn,extinguisher
"Kho Dầu DO
Diesel Tank",,,,"Kho Dầu DO
Diesel Tank",HONC-FE-FE-QRY-DO-B04,thang.trieu@siamcitycement.com,honc,vn,extinguisher
Reclaimer đá vôi 311-RE1,,,,Reclaimer đá vôi 311-RE1,HONC-FE-EM-RC-311-RE1,hung.thai@siamcitycement.com,honc,vn,extinguisher
Tòa nhà cấp liệu xi măng,,,,Tòa nhà cấp liệu xi măng,HONC-FEcem-17,thai.truong@siamcitycement.com,honc,vn,extinguisher
"Nhà Tắm_Trạm, Ytế",,,,"Nhà Tắm_Trạm, Ytế",HONC-FE-FE-HS-01-B-14-15,thao.duong@siamcitycement.com,honc,vn,extinguisher
Trạm Bảo Vệ C5,,,,Trạm Bảo Vệ C5,HONC-FE-FE-HS-01-B-31-32,tan.ton@siamcitycement.com,honc,vn,extinguisher
Phòng Đào Tạo,,,,Phòng Đào Tạo,HONC-FE-FE-HS-01-B-35-C-13,thao.duong@siamcitycement.com,honc,vn,extinguisher
CCR,,,,CCR,HONC-FE-FE-HS-01-B-37-C-15,thai.truong@siamcitycement.com,honc,vn,extinguisher
Villa 1- 8,,,,Villa 1- 8,HONC-FE-FE-HE-07-B-02,tan.ton@siamcitycement.com,honc,vn,extinguisher
Villa 1- 8,,,,Villa 1- 8,HONC-FE-FE-HE-07-B-08,tan.ton@siamcitycement.com,honc,vn,extinguisher
Terrace 3,,,,Terrace 3,HONC-FE-FE-HE-06-B-25,tan.ton@siamcitycement.com,honc,vn,extinguisher
Terrace 1,,,,Terrace 1,HONC-FE-FE-HE-04-B-34,tan.ton@siamcitycement.com,honc,vn,extinguisher
Terrace 4,,,,Terrace 4,HONC-FE-FE-HE-05-B-46,tan.ton@siamcitycement.com,honc,vn,extinguisher
Tram điện,,,,Tram điện,HONC-FE-FE-HE-10-B-47-48,tan.ton@siamcitycement.com,honc,vn,extinguisher
Máy hàn xưởng mỏ,,,,Máy hàn xưởng mỏ,HONC-FE-FE-QRY-MEP-B-02,thang.trieu@siamcitycement.com,honc,vn,extinguisher
Máy cào đất sét,,,,Máy cào đất sét,HONC-FE-FE-QRY-RMP-01-B-01-02,thang.trieu@siamcitycement.com,honc,vn,extinguisher
Kho VLNCN,,,,Kho VLNCN,HONC-FE-FEqry-34-35,thang.trieu@siamcitycement.com,honc,vn,extinguisher
Cửa sau kho pallet,,,,Cửa sau kho pallet,HONC-FE-FES-PL-13,nhin.bui@siamcitycement.com,honc,vn,extinguisher
Kho 1 Cao Su,,,,Kho 1 Cao Su,HONC-FE-FE-ECO-NHZ-C-11,huan.tran@siamcitycement.com,honc,vn,extinguisher
Cửa Trạm Khí Nén,,,,Máy Nghiền Clinker Số 1,HONC-FE-FEcem-10,thai.truong@siamcitycement.com,honc,vn,extinguisher
Sàn 1 Đóng Bao Jumbo,,,,Sàn 1 Đóng Bao Jumbo,HONC-FE-FEcem-13,thai.truong@siamcitycement.com,honc,vn,extinguisher
Tầng 2 tòa nhà,,,,Turbine và máy phát,HONC-FE-FEwhr-52,thai.truong@siamcitycement.com,honc,vn,extinguisher
Phòng vận hành LCR,,,,Phòng vận hành LCR,HONC-FE-Fewhr-53,thai.truong@siamcitycement.com,honc,vn,extinguisher
Phía sau và bên phải ,,,,cổng vào nhà xử lý nước,HONC-FE-FEwhr-13,thai.truong@siamcitycement.com,honc,vn,extinguisher
Gần pump Y81-PU1,,,,Gần pump Y81-PU1,HONC-FE-FEwhr-11,thai.truong@siamcitycement.com,honc,vn,extinguisher
Phòng lấy mẫu nước,,,,Phòng lấy mẫu nước,HONC-FE-FEwhr-41,thai.truong@siamcitycement.com,honc,vn,extinguisher
Phòng Ăn PKP,,,,Phòng Ăn PKP,HONC-FE-FEpkp-02,nhin.bui@siamcitycement.com,honc,vn,extinguisher
Xưởng Cơ khí ,,,,Cửa phụ cạnh phòng CSHT,HONC-FE-FE-B-25,S.le@siamcitycement.com,honc,vn,extinguisher
Xưởng Cơ Khí ,,,,Cửa Phụ xưởng hàn phía sau,HONC-FE-FE-B-26,S.le@siamcitycement.com,honc,vn,extinguisher
Sub 4-1,,,,Sub 4-1,HONC-FE-FE-ELEC-C1-02-B1-05-06,hung.thai@siamcitycement.com,honc,vn,extinguisher
Tầng 1 Cầu Thang,,,,Tầng 1 Cầu Thang,HONC-FE-FE-RM-03,thai.truong@siamcitycement.com,honc,vn,extinguisher
Góc Nhà Vòm ,,,, Hướng Đông Bắc,HONC-FE-FE-CoS-01,thai.truong@siamcitycement.com,honc,vn,extinguisher
Sàn Tầng 1,,,,Sàn Tầng 1,HONC-FE-FE-CoM-02,thai.truong@siamcitycement.com,honc,vn,extinguisher
Chân cầu thang lên cẩu,,,,Chân cầu thang lên cẩu,HONC-FE-FE-ATS-06,thai.truong@siamcitycement.com,honc,vn,extinguisher
Ecocycle Logistic,,,,Ecocycle Logistic,HONC-HONC-FE-ECO-LOG-FEX-1-2-3,huan.tran@siamcitycement.com,honc,vn,extinguisher
Tầng trệt khu vực,,,,đáy Silo4,HONC-FE-FEpkp-21-22,nhin.bui@siamcitycement.com,honc,vn,extinguisher
Trước container cement.,,,,Trước container cement.,HONC-FE-FE-Cement-Container-01,thai.truong@siamcitycement.com,honc,vn,extinguisher
Hz-Storage 10x60,,,,Hz-Storage 10x60,HONC-FE-GEO-HZ-FEX-013,huan.tran@siamcitycement.com,honc,vn,extinguisher
Hz-Blending Storage,,,,Hz-Blending Storage,HONC-FE-GEO-HZ-FEX-018,huan.tran@siamcitycement.com,honc,vn,extinguisher
Hz-Blending Storage,,,,Hz-Blending Storage,HONC-FE-GEO-HZ-FEX-020,huan.tran@siamcitycement.com,honc,vn,extinguisher
Forklift 19530034,,,,NISHIO,HONC-GEO-HZ-FEX-022,huan.tran@siamcitycement.com,honc,vn,extinguisher
Xe Xuc ,,,,Hz-Shredder Storage,HONC-FE-GEO-HZ-FEX-024,huan.tran@siamcitycement.com,honc,vn,extinguisher
Hz-Container Office,,,,Hz-Container Office,HONC-FE-GEO-HZ-FEX-027,huan.tran@siamcitycement.com,honc,vn,extinguisher
Phòng 461-LQ3,,,,Phòng 461-LQ3,HONC-FE-FE-CLI-15,thai.truong@siamcitycement.com,honc,vn,extinguisher
Phòng điện Packer 3,,,,Phòng điện Packer 3,HONC-FE-EM-PACKER-3,hung.thai@siamcitycement.com,honc,vn,extinguisher
Phòng điện ,,,, Transport Palletizer1/2,HONC-FE-EM-TRANSPORT-PA-1-2,hung.thai@siamcitycement.com,honc,vn,extinguisher
Xưởng hàn eve phí sau,,,,Xưởng hàn eve phí sau,HONC-MM-WS-FEB-31-32,s.le@siamcitycement.com,honc,vn,extinguisher
Khu Hành Chính,,,,Khu Hành Chính,HONC-FE-FE-HS-01-C-05-B-05,thao.duong@siamcitycement.com,honc,vn,extinguisher
Nhà xe gắn máy,,,,Nhà xe gắn máy,HONC-FE-FE-HS-01-B-22-23,tan.ton@siamcitycement.com,honc,vn,extinguisher
Trạm Bảo Vệ C5,,,,Trạm Bảo Vệ C5,HONC-FE-FE-HS-01-B-41-C-16,tan.ton@siamcitycement.com,honc,vn,extinguisher
Nhà xe gắn máy,,,,Nhà xe gắn máy,HONC-FE-FE-HS-01-B-42-C-17,tan.ton@siamcitycement.com,honc,vn,extinguisher
Villa 1- 8,,,,Villa 1- 8,HONC-FE-FE-HE-07-B-03,tan.ton@siamcitycement.com,honc,vn,extinguisher
Terrace 3,,,,Terrace 3,HONC-FE-FE-HE-06-B-23-24,tan.ton@siamcitycement.com,honc,vn,extinguisher
Terrace 1,,,,Terrace 1,HONC-FE-FE-HE-04-B-36,tan.ton@siamcitycement.com,honc,vn,extinguisher
Phòng vận hành Stacker,,,,Phòng vận hành Stacker,HONC-FE-FE-QRY-RMP-03-B-01-02,thang.trieu@siamcitycement.com,honc,vn,extinguisher
Cửa trước phòng hậu cần,,,,Cửa trước phòng hậu cần,HONC-FE-FES-AD-02,trang.hong.le@siamcitycement.com,honc,vn,extinguisher
Cửa sau phòng hậu cần,,,,Cửa sau phòng hậu cần,HONC-FE-FES-AD-04,trang.hong.le@siamcitycement.com,honc,vn,extinguisher
Cửa trước kho pallet,,,,Cửa trước kho pallet,HONC-FE-FES-PL-06,nhin.bui@siamcitycement.com,honc,vn,extinguisher
Cửa hong ra máy che,,,,Cửa hong ra máy che,HONC-FE-FES-PL-08,nhin.bui@siamcitycement.com,honc,vn,extinguisher
Cửa sau kho pallet,,,,Cửa sau kho pallet,HONC-FE-FES-PL-23,nhin.bui@siamcitycement.com,honc,vn,extinguisher
Cửa hong cảng xuất hàng,,,,Cửa hong cảng xuất hàng,HONC-FE-FES-PL-28,nhin.bui@siamcitycement.com,honc,vn,extinguisher
Văn Phòng Kho Cao Su,,,,Văn Phòng Kho Cao Su,HONC-FE-FE-ECO-NHZ-C-03-04,huan.tran@siamcitycement.com,honc,vn,extinguisher
Cầu Thang Tầng 6,,,,Cầu Thang Tầng 6,HONC-FE-FEcli-01,thai.truong@siamcitycement.com,honc,vn,extinguisher
Cầu thang Tầng 5,,,,Cầu thang Tầng 5,HONC-FE-FEcli-05,thai.truong@siamcitycement.com,honc,vn,extinguisher
Tầng Trệt Điểm Đậu Xe,,,,Tầng Trệt Điểm Đậu Xe,HONC-FE-FEcem-15,thai.truong@siamcitycement.com,honc,vn,extinguisher
Tầng trệt tòa nhà ,,,, Turbin và máy phát,HONC-FE-FEwhr-61,thai.truong@siamcitycement.com,honc,vn,extinguisher
Phòng vận hành LCR,,,,Phòng vận hành LCR,HONC-FE-FEwhr-42,thai.truong@siamcitycement.com,honc,vn,extinguisher
Phòng vận hành LCR,,,,Phòng vận hành LCR,HONC-FE-FEwhr-47,thai.truong@siamcitycement.com,honc,vn,extinguisher
Sub L-1,,,,Sub L-1,HONC-FE-FE-ELEC-B1-85-86-87,hung.thai@siamcitycement.com,honc,vn,extinguisher
Trạm điện B1,,,,Substation B1,HONC-FE-FE-ELEC-C1-85-86-87,hung.thai@siamcitycement.com,honc,vn,extinguisher
Trạm ATS,,,,Trạm ATS,HONC-FE-FE-ATS-B-01-2,hung.thai@siamcitycement.com,honc,vn,extinguisher
Kho 3,,,,Kho 3,HONC-FE-FE-ATS-03,thai.truong@siamcitycement.com,honc,vn,extinguisher
Băng tải tách kim loại,,,,(hướng núi),HONC-FE-FE-ATS-08,thai.truong@siamcitycement.com,honc,vn,extinguisher
Máy hút trấu,,,,Máy hút trấu,HONC-FE-ECO-LOG-FEX-19-20,huan.tran@siamcitycement.com,honc,vn,extinguisher
Tầng trệt khu vực,,,,Shiploader,HONC-FE-FEpkp-04-05-06,nhin.bui@siamcitycement.com,honc,vn,extinguisher
Hz-Liquid Storage,,,,Hz-Liquid Storage,HONC-FE-GEO-HZ-FEX-005,huan.tran@siamcitycement.com,honc,vn,extinguisher
Hz-Storage 10x60,,,,Hz-Storage 10x60,HONC-FE-GEO-HZ-FEX-016,huan.tran@siamcitycement.com,honc,vn,extinguisher
Phòng Bôi Trơn,,,,Phòng Bôi Trơn,HONC-FE-PM-FEO-140-141,chinh.chim@siamcitycement.com,honc,vn,extinguisher
Phòng điện Palletizer 1,,,,Phòng điện Palletizer 1,HONC-FE-EM-PALLETIZER-1,hung.thai@siamcitycement.com,honc,vn,extinguisher
Xưởng cơ khí ,,,,xưởng chính  tolet,HONC-MM-WS-FEB-23-24,s.le@siamcitycement.com,honc,vn,extinguisher
Trạm điện 51,,,,Trạm điện 51,HONC-FE-ELEC-51-13,hung.thai@siamcitycement.com,honc,vn,extinguisher
Khu Hành Chính,,,,Khu Hành Chính,HONC-FE-FE-HS-01-C-02-B-02,thao.duong@siamcitycement.com,honc,vn,extinguisher
Khu Hành Chính,,,,Khu Hành Chính,HONC-FE-FE-HS-01-C-04-B-04,thao.duong@siamcitycement.com,honc,vn,extinguisher
"Nhà Tắm_Trạm, Ytế",,,,"Nhà Tắm_Trạm, Ytế",HONC-FE-FE-HS-01-B-16-17,thao.duong@siamcitycement.com,honc,vn,extinguisher
Nhà xe gắn máy,,,,Nhà xe gắn máy,HONC-FE-FE-HS-01-B-26-27,tan.ton@siamcitycement.com,honc,vn,extinguisher
Nhà xe gắn máy,,,,Nhà xe gắn máy,HONC-FE-FE-HS-01-B-28-29,tan.ton@siamcitycement.com,honc,vn,extinguisher
CCR,,,,CCR,HONC-FE-FE-HS-01-B-38-39,thai.truong@siamcitycement.com,honc,vn,extinguisher
Villa 1- 8,,,,Villa 1- 8,HONC-FE-FE-HE-07-B-04,tan.ton@siamcitycement.com,honc,vn,extinguisher
Villa 1- 8,,,,Villa 1- 8,HONC-FE-FE-HE-07-B-05,tan.ton@siamcitycement.com,honc,vn,extinguisher
Block A 9,,,,Block A 9,HONC-FE-FE-HE-01-B-13-14,tan.ton@siamcitycement.com,honc,vn,extinguisher
Block B Block C,,,,Block B Block C,HONC-FE-FE-HE-02-B-15-16,tan.ton@siamcitycement.com,honc,vn,extinguisher
Block C4,,,,Block C4,HONC-FE-FE-HE-03-B-19-20,tan.ton@siamcitycement.com,honc,vn,extinguisher
Terrace 1,,,,Terrace 1,HONC-FE-FE-HE-04-B-32,tan.ton@siamcitycement.com,honc,vn,extinguisher
Terrace 2,,,,Terrace 2,HONC-FE-FE-HE-05-B-38,tan.ton@siamcitycement.com,honc,vn,extinguisher
Hộp để cửa phòng họp MB,,,,Hộp để cửa phòng họp MB,HONC-FE-FE-QRY-MEP-01-C-01-02,thang.trieu@siamcitycement.com,honc,vn,extinguisher
Kho VLNCN,,,,Kho VLNCN,HONC-FE-FEqry-38-39,thang.trieu@siamcitycement.com,honc,vn,extinguisher
Kho VLNCN,,,,Kho VLNCN,HONC-FE-FEqry-40,thang.trieu@siamcitycement.com,honc,vn,extinguisher
Kho dụng cụ,,,,Kho dụng cụ,HONC-FE-FE-QRY-C-06-07,thang.trieu@siamcitycement.com,honc,vn,extinguisher
Cửa hong ra máy che,,,,Cửa hong ra máy che,HONC-FE-FES-PL-07,nhin.bui@siamcitycement.com,honc,vn,extinguisher
Cửa sau kho pallet,,,,Cửa sau kho pallet,HONC-FE-FES-PL-24,nhin.bui@siamcitycement.com,honc,vn,extinguisher
Cửa sau kho pallet,,,,Cửa sau kho pallet,HONC-FE-FES-PL-26,nhin.bui@siamcitycement.com,honc,vn,extinguisher
Trạm bơm ,,,,chữa cháy kho cao su,HONC-FE-FE-ECO-NHZ-C-09-10,huan.tran@siamcitycement.com,honc,vn,extinguisher
Đầu băng tải silicon sàn 5,,,,Đầu băng tải silicon sàn 5,HONC-FE-FEcli-04,thai.truong@siamcitycement.com,honc,vn,extinguisher
Trạm Điện J-2,,,,Trạm Điện J-2,HONC-FE-FEcem-07,thai.truong@siamcitycement.com,honc,vn,extinguisher
Máy Hút Trấu ,,,, Lên Máy Nghiền Clinker,HONC-FE-FEcem-12,thai.truong@siamcitycement.com,honc,vn,extinguisher
Kho Thạch Cao,,,,Kho Thạch Cao,HONC-FE-FEcem-14,thai.truong@siamcitycement.com,honc,vn,extinguisher
Tầng trệt tòa nhà ,,,, Turbin và máy phát,HONC-FE-FEwhr-21,thai.truong@siamcitycement.com,honc,vn,extinguisher
Tầng trệt tòa nhà ,,,, Turbin và máy phát,HONC-FE-FEwhr-31,thai.truong@siamcitycement.com,honc,vn,extinguisher
Tầng trệt tòa nhà ,,,, Turbin và máy phát,HONC-FE-FEwhr-35,thai.truong@siamcitycement.com,honc,vn,extinguisher
Tầng trệt tòa nhà ,,,, Turbin và máy phát,HONC-FE-FEwhr-44,thai.truong@siamcitycement.com,honc,vn,extinguisher
Tầng trệt tòa nhà ,,,, Turbin và máy phát,HONC-FE-FEwhr-45,thai.truong@siamcitycement.com,honc,vn,extinguisher
Tầng 1 tòa nhà turbine,,,,Tầng 1 tòa nhà turbine,HONC-FE-FEwhr-37,thai.truong@siamcitycement.com,honc,vn,extinguisher
"Xưởng Cơ
Khí .Cửa chính tolet",,,,"Xưởng Cơ
Khí .Cửa chính tolet",HONC-FE-FE-B-22,S.le@siamcitycement.com,honc,vn,extinguisher
Trạm điện 110kv,,,,Trạm điện 110kv,HONC-FE-FE-ELEC-110kv-73-79,hung.thai@siamcitycement.com,honc,vn,extinguisher
Trạm điện J2,,,,Substation J2,HONC-FE-FE-ELEC-J2-13-14,hung.thai@siamcitycement.com,honc,vn,extinguisher
Trạm điện J2,,,,Substation J2,HONC-FE-FE-ELEC-J2-04-05,hung.thai@siamcitycement.com,honc,vn,extinguisher
Máy phát Lò,,,,Kiln Generator,HONC-FE-FE-ELEC-GE-01-02,hung.thai@siamcitycement.com,honc,vn,extinguisher
Stacker than,,,,Stacker than,HONC-FE-FE-LST-B-01,hung.thai@siamcitycement.com,honc,vn,extinguisher
Trạm 2-3,,,,Trạm 2-3,HONC-FE-FE-S23-B-01-2,hung.thai@siamcitycement.com,honc,vn,extinguisher
Trạm 3-2,,,,Trạm 3-2,HONC-FE-FE-S32-B-01-02,hung.thai@siamcitycement.com,honc,vn,extinguisher
Trạm 6-1,,,,Trạm 6-1,HONC-FE-FE-S61-B-01-02,hung.thai@siamcitycement.com,honc,vn,extinguisher
Tầng Trệt Chân,,,, Máy Nghiền Bột Sống,HONC-FE-FE-RM-02,thai.truong@siamcitycement.com,honc,vn,extinguisher
Pit 1,,,,Pit 1,HONC-FE-FE-ATS-01,thai.truong@siamcitycement.com,honc,vn,extinguisher
Pit 3,,,,Pit 3,HONC-FE-FE-ATS-02,thai.truong@siamcitycement.com,honc,vn,extinguisher
PTN Eco- P.Làm Việc,,,,PTN Eco- P.Làm Việc,HONC-FE-FE-ECO-Lab-11-C-03,huan.tran@siamcitycement.com,honc,vn,extinguisher
PTN Eco- Lồng khí,,,,PTN Eco- Lồng khí,HONC-FE-FE-ECO-Lab-11-C-10-11,huan.tran@siamcitycement.com,honc,vn,extinguisher
Xe nâng PKP,,,,Xe nâng PKP,HONC-FE-FEpkp-03,nhin.bui@siamcitycement.com,honc,vn,extinguisher
561_HG2 (Lò trấu 2),,,,561_HG2 (Lò trấu 2),HONC-FE-FE-561-HG2-01,thai.truong@siamcitycement.com,honc,vn,extinguisher
Hz-Storage 10x60,,,,Hz-Storage 10x60,HONC-FE-GEO-HZ-FEX-011,huan.tran@siamcitycement.com,honc,vn,extinguisher
Hz-Blending Storage,,,,Hz-Blending Storage,HONC-FE-GEO-HZ-FEX-017,huan.tran@siamcitycement.com,honc,vn,extinguisher
Xe Cạp ,,,, Hz-Hz-Shredder Storage,HONC-FE-GEO-HZ-FEX-025,huan.tran@siamcitycement.com,honc,vn,extinguisher
EVE workshop,,,,EVE workshop,HONC-FE-FE-EVE-WS-03-04,tien.phan@siamcitycement.com,honc,vn,extinguisher
Sever and Controller,,,,Sever and Controller,HONC-FE-FE-ELEC-CR-01-02-03-04,hung.thai@siamcitycement.com,honc,vn,extinguisher
"Xưởng cơ khí,xưởng hàn",,,,"Xưởng cơ khí,xưởng hàn",HONC-MM-WS-FEB-25-26,s.le@siamcitycement.com,honc,vn,extinguisher
Housing Estate,,,,Tram điện,HONC-FE-HE-10-B-55-B-56,tan.ton@siamcitycement.com,honc,vn,extinguisher
Hầm cáp 4-2,,,,Hầm cáp 4-2,HONC-FE-ELEC-42-04-05,hung.thai@siamcitycement.com,honc,vn,extinguisher
Khu Hành Chính,,,,Khu Hành Chính,HONC-FE-FE-HS-01-C-01-B-01,thao.duong@siamcitycement.com,honc,vn,extinguisher
Canteen,,,,Canteen,HONC-FE-FE-HS-01-C-12-B-12,tan.ton@siamcitycement.com,honc,vn,extinguisher
Nhà xe gắn máy,,,,Nhà xe gắn máy,HONC-FE-FE-HS-01-B-18-19,tan.ton@siamcitycement.com,honc,vn,extinguisher
Nhà xe gắn máy,,,,Nhà xe gắn máy,HONC-FE-FE-HS-01-B-20-21,tan.ton@siamcitycement.com,honc,vn,extinguisher
CCR,,,,CCR,HONC-FE-FE-HS-01-B-36-C-14,thai.truong@siamcitycement.com,honc,vn,extinguisher
Villa 1- 8,,,,Villa 1- 8,HONC-FE-FE-HE-07-B-01,tan.ton@siamcitycement.com,honc,vn,extinguisher
Terrace,,,,Terrace,HONC-FE-FE-HE-05-B-41,tan.ton@siamcitycement.com,honc,vn,extinguisher
Tầng 4 nhà phân tích,,,,Tầng 4 nhà phân tích,HONC-FE-FE-QRY-RMP-05-B-01-02,thang.trieu@siamcitycement.com,honc,vn,extinguisher
Cửa hong cảng xuất hàng,,,,Cửa hong cảng xuất hàng,HONC-FE-FES-PL-16,nhin.bui@siamcitycement.com,honc,vn,extinguisher
Cửa hong ra máy che,,,,Cửa hong ra máy che,HONC-FE-FES-PL-19,nhin.bui@siamcitycement.com,honc,vn,extinguisher
Cửa hong ra máy che,,,,Cửa hong ra máy che,HONC-FE-FES-PL-20,nhin.bui@siamcitycement.com,honc,vn,extinguisher
Cửa hong ra máy che,,,,Cửa hong ra máy che,HONC-FE-FES-PL-21,nhin.bui@siamcitycement.com,honc,vn,extinguisher
Cửa hong ra máy che,,,,Cửa hong ra máy che,HONC-FE-FES-PL-22,nhin.bui@siamcitycement.com,honc,vn,extinguisher
Cửa hong cảng xuất hàng,,,,Cửa hong cảng xuất hàng,HONC-FE-FES-PL-27,nhin.bui@siamcitycement.com,honc,vn,extinguisher
Cửa hong cảng xuất hàng,,,,Cửa hong cảng xuất hàng,HONC-FE-FES-PL-30,nhin.bui@siamcitycement.com,honc,vn,extinguisher
Phía trên chổ Băng tải chia bao,,,,Phía trên chổ Băng tải chia bao,HONC-FE-FES-PL-33,nhin.bui@siamcitycement.com,honc,vn,extinguisher
Cầu Thang Tầng 4,,,,Cầu Thang Tầng 4,HONC-FE-FEcli-02,thai.truong@siamcitycement.com,honc,vn,extinguisher
Sàn Đuôi Lò ,,,, (Gần Bảng Thông Tin An Toàn),HONC-FE-FEcli-10,thai.truong@siamcitycement.com,honc,vn,extinguisher
Trạm Điện 5-1 ,,,,(Hướng Nam),HONC-FE-FEcem-06,thai.truong@siamcitycement.com,honc,vn,extinguisher
Trạm Khí Nén ,,,, Cạnh 2 Silo Xi Măng,HONC-FE-FEcem-08,thai.truong@siamcitycement.com,honc,vn,extinguisher
Cửa Trạm Khí Nén ,,,, Máy Nghiền Clinker Số 2,HONC-FE-FEcem-09,thai.truong@siamcitycement.com,honc,vn,extinguisher
Tầng trệt tòa nhà ,,,, Turbin và máy phát,HONC-FE-FEwhr-20,thai.truong@siamcitycement.com,honc,vn,extinguisher
Tầng trệt tòa nhà ,,,, Turbin và máy phát,HONC-FE-FEwhr-26,thai.truong@siamcitycement.com,honc,vn,extinguisher
Tầng 1 tòa nhà turbine,,,,Tầng 1 tòa nhà turbine,HONC-FE-FEwhr-38,thai.truong@siamcitycement.com,honc,vn,extinguisher
Tầng 2 tòa nhà,,,,Turbine và máy phát,HONC-FE-FEwhr-49,thai.truong@siamcitycement.com,honc,vn,extinguisher
Tầng 2 tòa nhà,,,,Turbine và máy phát,HONC-FE-FEwhr-50,thai.truong@siamcitycement.com,honc,vn,extinguisher
Phía sau và bên phải ,,,,cổng vào nhà xử lý nước,HONC-FE-FEwhr-14,thai.truong@siamcitycement.com,honc,vn,extinguisher
Gần pump Y81-PU1,,,,Gần pump Y81-PU1,HONC-FE-FEwhr-12,thai.truong@siamcitycement.com,honc,vn,extinguisher
Phòng lấy mẫu nước,,,,Phòng lấy mẫu nước,HONC-FE-FEwhr-95,thai.truong@siamcitycement.com,honc,vn,extinguisher
Trạm điện 110kv,,,,Trạm điện 110kv,HONC-FE-FE-ELEC-110kv-41-72,hung.thai@siamcitycement.com,honc,vn,extinguisher
Góc Nhà Vòm ,,,, Hướng Tây Nam,HONC-FE-FE-CoS-02,thai.truong@siamcitycement.com,honc,vn,extinguisher
Tầng trệt,,,,Tầng trệt,HONC-FE-FE-CoM-01,thai.truong@siamcitycement.com,honc,vn,extinguisher
Sàn Tầng 2,,,,Sàn Tầng 2,HONC-FE-FE-CoM-03,thai.truong@siamcitycement.com,honc,vn,extinguisher
Trước cửa kho Urê,,,,Trước cửa kho Urê,HONC-FE-FE-Ure-01,thai.truong@siamcitycement.com,honc,vn,extinguisher
Trên AF 2/3,,,,Trên AF 2/3,HONC-FE-FE-ATS-10,thai.truong@siamcitycement.com,honc,vn,extinguisher
Chute AF 1/2,,,,Chute AF 1/2,HONC-FE-FE-ATS-11,thai.truong@siamcitycement.com,honc,vn,extinguisher
Tầng trệt cửa kho bao Jumbo,,,,hướng Bình An,HONC-FE-FEpkp-15-16,nhin.bui@siamcitycement.com,honc,vn,extinguisher
Tầng trệt khu vực,,,,trước cửa phòng bảo vệ,HONC-FE-FEpkp-27-28,nhin.bui@siamcitycement.com,honc,vn,extinguisher
Hz-Liquid Storage,,,,Hz-Liquid Storage,HONC-FE-GEO-HZ-FEX-002,huan.tran@siamcitycement.com,honc,vn,extinguisher
EVE Classroom,,,,EVE Classroom,HONC-FE-FE-EVE-CR-06-07,tien.phan@siamcitycement.com,honc,vn,extinguisher
"Kho Dầu DO
Diesel Tank",,,,"Kho Dầu DO
Diesel Tank",HONC-FE-FE-QRY-DO-B01,thang.trieu@siamcitycement.com,honc,vn,extinguisher
Trạm Điện ECO,,,,Trạm Điện ECO,HONC-EM-ECO-Power-Station-1,hung.thai@siamcitycement.com,honc,vn,extinguisher
Trạm điện J1,,,,Trạm điện J1,HONC-FE-ELEC-J1-11,hung.thai@siamcitycement.com,honc,vn,extinguisher
Khu Hành Chính,,,,Khu Hành Chính,HONC-FE-FE-HS-01-C-08-B-08,thao.duong@siamcitycement.com,honc,vn,extinguisher
Trạm Bảo Vệ,,,,Trạm Bảo Vệ,HONC-FE-FE-HS-01-C-09-B-09,tan.ton@siamcitycement.com,honc,vn,extinguisher
Trạm Bảo Vệ cổng phụ C3,,,,Trạm Bảo Vệ cổng phụ C3,HONC-FE-FE-HS-01-B-30-C-12,tan.ton@siamcitycement.com,honc,vn,extinguisher
Block B Block C,,,,Block B Block C,HONC-FE-FE-HE-02-B-17-18,tan.ton@siamcitycement.com,honc,vn,extinguisher
Terrace 3,,,,Terrace 3,HONC-FE-FE-HE-06-B-27,tan.ton@siamcitycement.com,honc,vn,extinguisher
Terrace1,,,,Terrace1,HONC-FE-FE-HE-04-B-29-31,tan.ton@siamcitycement.com,honc,vn,extinguisher
Terrace 1,,,,Terrace 1,HONC-FE-FE-HE-04-B-30,tan.ton@siamcitycement.com,honc,vn,extinguisher
Terrace 1,,,,Terrace 1,HONC-FE-FE-HE-04-B-31,tan.ton@siamcitycement.com,honc,vn,extinguisher
Terrace 1,,,,Terrace 1,HONC-FE-FE-HE-04-B-37,tan.ton@siamcitycement.com,honc,vn,extinguisher
Terrace 2,,,,Terrace 2,HONC-FE-FE-HE-05-B-39,tan.ton@siamcitycement.com,honc,vn,extinguisher
Terrace,,,,Terrace,HONC-FE-FE-HE-05-B-45,tan.ton@siamcitycement.com,honc,vn,extinguisher
Máy nén khí,,,,Máy nén khí,HONC-FE-FE-QRY-AC-B-01,thang.trieu@siamcitycement.com,honc,vn,extinguisher
Nhà nghiền đá vôi,,,,Nhà nghiền đá vôi,HONC-FE-FE-QRY-RMP-06-B-01-02,thang.trieu@siamcitycement.com,honc,vn,extinguisher
Kho VLNCN,,,,Kho VLNCN,HONC-FE-FEqry-36-37,thang.trieu@siamcitycement.com,honc,vn,extinguisher
Cửa trước kho pallet,,,,Cửa trước kho pallet,HONC-FE-FES-PL-05,nhin.bui@siamcitycement.com,honc,vn,extinguisher
Cửa hong ra máy che,,,,Cửa hong ra máy che,HONC-FE-FES-PL-09,nhin.bui@siamcitycement.com,honc,vn,extinguisher
Cửa hong ra máy che,,,,Cửa hong ra máy che,HONC-FE-FES-PL-10,nhin.bui@siamcitycement.com,honc,vn,extinguisher
Cửa hong cảng xuất hàng,,,,Cửa hong cảng xuất hàng,HONC-FE-FES-PL-15,nhin.bui@siamcitycement.com,honc,vn,extinguisher
Xe Nâng,,,,Xe Nâng,HONC-FE-FES-11,nhin.bui@siamcitycement.com,honc,vn,extinguisher
Xe Nâng,,,,Xe Nâng,HONC-FE-FES-12,nhin.bui@siamcitycement.com,honc,vn,extinguisher
Cầu Thang Tầng 2,,,,Cầu Thang Tầng 2,HONC-FE-FEcli-03,thai.truong@siamcitycement.com,honc,vn,extinguisher
Tầng Trệt Bên Dưới Lò,,,,Tầng Trệt Bên Dưới Lò,HONC-FE-FEcli-06,thai.truong@siamcitycement.com,honc,vn,extinguisher
Kho Gạch,,,,Kho Gạch,HONC-FE-FEcli-07,thai.truong@siamcitycement.com,honc,vn,extinguisher
Trạm Điện 4-2 ,,,, (Sau Kho Gạch),HONC-FE-FEcli-08,thai.truong@siamcitycement.com,honc,vn,extinguisher
Sàn 1 ,,,,(Sau Máy Nghiền Clinker Số 2),HONC-FE-FEcem-03,thai.truong@siamcitycement.com,honc,vn,extinguisher
Tầng 1 Đối Diện ,,,,Cửa Văn Phòng Jetty,HONC-FE-FEcem-16,thai.truong@siamcitycement.com,honc,vn,extinguisher
Tầng 2 tòa nhà,,,,Turbine và máy phát,HONC-FE-FEwhr-33,thai.truong@siamcitycement.com,honc,vn,extinguisher
Tầng 1 Máy Đóng Bao Số 2,,,,Tầng 1 Máy Đóng Bao Số 2,HONC-FE-FEpkp-04,nhin.bui@siamcitycement.com,honc,vn,extinguisher
Trạm điện 110kv,,,,Trạm điện 110kv,HONC-FE-FE-ELEC-110kv-74-84,hung.thai@siamcitycement.com,honc,vn,extinguisher
Sub 4-2,,,,Sub 4-2,HONC-FE-FE-ELEC-C1-01-B1-02,hung.thai@siamcitycement.com,honc,vn,extinguisher
Trạm điện J1,,,,Substation J1,HONC-FE-FE-ELEC-J1-10-24,hung.thai@siamcitycement.com,honc,vn,extinguisher
Trạm xuống cement,,,,ShipLoader,HONC-FE-FE-ELEC-LM-15,hung.thai@siamcitycement.com,honc,vn,extinguisher
Trạm 3-1,,,,Trạm 3-1,HONC-FE-FE-S31-B-01-2,hung.thai@siamcitycement.com,honc,vn,extinguisher
Trạm 2-4,,,,Trạm 2-4,HONC-FE-FE-S24-B-01-2-3-4,hung.thai@siamcitycement.com,honc,vn,extinguisher
Tầng 2 Cầu Thang,,,,Tầng 2 Cầu Thang,HONC-FE-FE-RM-04,thai.truong@siamcitycement.com,honc,vn,extinguisher
"Phòng điều khiển
CCR PKP",,,,"Phòng điều khiển
CCR PKP",HONC-FE-FEpkp-01,nhin.bui@siamcitycement.com,honc,vn,extinguisher
Tầng trệt khu vực,,,,Shiploader,HONC-FE-FEpkp-10-11,nhin.bui@siamcitycement.com,honc,vn,extinguisher
Hz-Liquid Storage,,,,Hz-Liquid Storage,HONC-FE-GEO-HZ-FEX-001,huan.tran@siamcitycement.com,honc,vn,extinguisher
Hz-Liquid Storage,,,,Hz-Liquid Storage,HONC-FE-GEO-HZ-FEX-003,huan.tran@siamcitycement.com,honc,vn,extinguisher
Hz-Storage 10x60,,,,Hz-Storage 10x60,HONC-FE-GEO-HZ-FEX-009,huan.tran@siamcitycement.com,honc,vn,extinguisher
Hz-Blending Storage,,,,Hz-Blending Storage,HONC-FE-GEO-HZ-FEX-019,huan.tran@siamcitycement.com,honc,vn,extinguisher
SÀN GẠT BÉC ĐỐT LÒ,,,,SÀN GẠT BÉC ĐỐT LÒ,HONC-FE-FE-CLI-14,thai.truong@siamcitycement.com,honc,vn,extinguisher
"Kho Dầu DO
Diesel Tank",,,,"Kho Dầu DO
Diesel Tank",HONC-FE-FE-QRY-DO-B02,thang.trieu@siamcitycement.com,honc,vn,extinguisher
"Xưởng cơ khí ,",,,,",cửa chính kho",HONC-MM-WS-FEB-21-22,s.le@siamcitycement.com,honc,vn,extinguisher
"Xưởng cơ khí ,cửa phụ kho điện",,,,"Xưởng cơ khí ,cửa phụ kho điện",HONC-MM-WS-FEB-27-28,s.le@siamcitycement.com,honc,vn,extinguisher
Hấm cáp L-1,,,,Hấm cáp L-1,HONC-FE-ELEC-L1-04-05,hung.thai@siamcitycement.com,honc,vn,extinguisher
test Place,,,,,CATL-firstaid-1,abc@gmail.com,catl,vn,firstaid
